Account,date,classification,value,daily_pnl,total_trades,win_count,avg_trade_size,long_count,short_count,win_rate,ls_ratio,sentiment_group,segment
0x083384f897ee0f19899168e3b1bec365f52a9012,2024-11-11,Extreme Greed,76,0.0,177,0,5089.718248587571,0,177,0.0,0.0,Greed,Whale
0x083384f897ee0f19899168e3b1bec365f52a9012,2024-11-17,Extreme Greed,90,0.0,68,0,7976.664411764705,0,68,0.0,0.0,Greed,Whale
0x083384f897ee0f19899168e3b1bec365f52a9012,2024-11-18,Extreme Greed,83,0.0,40,0,23734.5,0,40,0.0,0.0,Greed,Whale
0x083384f897ee0f19899168e3b1bec365f52a9012,2024-11-22,Extreme Greed,94,-21227.0,12,0,28186.666666666668,12,0,0.0,10.0,Greed,Whale
0x083384f897ee0f19899168e3b1bec365f52a9012,2024-11-26,Extreme Greed,79,1603.1,27,12,17248.14814814815,12,15,0.4444444444444444,0.8,Greed,Whale
0x083384f897ee0f19899168e3b1bec365f52a9012,2024-11-28,Extreme Greed,77,-132271.0,82,0,16058.536341463414,82,0,0.0,10.0,Greed,Whale
0x083384f897ee0f19899168e3b1bec365f52a9012,2024-11-30,Extreme Greed,84,0.0,23,0,48561.68565217392,0,23,0.0,0.0,Greed,Whale
0x083384f897ee0f19899168e3b1bec365f52a9012,2024-12-06,Greed,72,-175611.00005600002,33,0,36736.36242424243,33,0,0.0,10.0,Greed,Whale
0x083384f897ee0f19899168e3b1bec365f52a9012,2025-01-19,Extreme Greed,77,71393.964098,465,23,11410.954021505377,112,353,0.04946236559139785,0.31728045325779036,Greed,Whale
0x083384f897ee0f19899168e3b1bec365f52a9012,2025-01-20,Extreme Greed,76,40218.599998,51,28,9400.588039215687,28,23,0.5490196078431373,1.2173913043478262,Greed,Whale
0x083384f897ee0f19899168e3b1bec365f52a9012,2025-02-02,Greed,60,76710.0,10,9,185847.0,9,1,0.9,9.0,Greed,Whale
0x083384f897ee0f19899168e3b1bec365f52a9012,2025-02-03,Fear,44,101011.685664,839,256,23593.019856972587,350,489,0.30512514898688914,0.7157464212678937,Fear,Whale
0x083384f897ee0f19899168e3b1bec365f52a9012,2025-02-04,Greed,72,375620.270243,531,83,10576.687156308852,111,420,0.15630885122410546,0.2642857142857143,Greed,Whale
0x083384f897ee0f19899168e3b1bec365f52a9012,2025-02-05,Neutral,54,44400.9058,210,78,26585.06338095238,78,132,0.37142857142857144,0.5909090909090909,Neutral,Whale
0x083384f897ee0f19899168e3b1bec365f52a9012,2025-02-09,Neutral,46,30897.0887,141,132,10161.056241134751,132,9,0.9361702127659575,14.666666666666666,Neutral,Whale
0x083384f897ee0f19899168e3b1bec365f52a9012,2025-02-10,Fear,43,55086.0,48,16,32032.5,16,32,0.3333333333333333,0.5,Fear,Whale
0x083384f897ee0f19899168e3b1bec365f52a9012,2025-02-11,Neutral,47,0.0,6,0,134600.00166666668,0,6,0.0,0.0,Neutral,Whale
0x083384f897ee0f19899168e3b1bec365f52a9012,2025-02-24,Neutral,49,10152.12224,59,31,27178.041694915253,31,28,0.5254237288135594,1.1071428571428572,Neutral,Whale
0x083384f897ee0f19899168e3b1bec365f52a9012,2025-02-25,Fear,25,115445.395538,219,93,13233.776894977169,93,126,0.4246575342465753,0.7380952380952381,Fear,Whale
0x083384f897ee0f19899168e3b1bec365f52a9012,2025-02-28,Extreme Fear,16,115287.0,55,1,24958.908545454546,1,54,0.01818181818181818,0.018518518518518517,Fear,Whale
0x083384f897ee0f19899168e3b1bec365f52a9012,2025-03-01,Extreme Fear,20,9482.221441,45,36,2985.797555555556,36,9,0.8,4.0,Fear,Whale
0x083384f897ee0f19899168e3b1bec365f52a9012,2025-03-03,Fear,33,533974.662903,641,540,8371.136099843994,540,101,0.8424336973478939,5.346534653465347,Fear,Whale
0x083384f897ee0f19899168e3b1bec365f52a9012,2025-03-24,Neutral,45,40200.0,5,4,79640.0,4,1,0.8,4.0,Neutral,Whale
0x083384f897ee0f19899168e3b1bec365f52a9012,2025-04-12,Fear,43,307855.80341,31,31,21491.640322580646,31,0,1.0,10.0,Fear,Whale
0x23e7a7f8d14b550961925fbfdaa92f5d195ba5bd,2024-11-30,Extreme Greed,84,11715.94323,55,46,2469.9509090909087,8,47,0.8363636363636363,0.1702127659574468,Greed,Frequent Retail
0x23e7a7f8d14b550961925fbfdaa92f5d195ba5bd,2024-12-01,Extreme Greed,81,0.0,1,0,0.06,0,1,0.0,0.0,Greed,Frequent Retail
0x23e7a7f8d14b550961925fbfdaa92f5d195ba5bd,2024-12-06,Greed,72,0.0,34,0,1426.8700000000001,34,0,0.0,10.0,Greed,Frequent Retail
0x23e7a7f8d14b550961925fbfdaa92f5d195ba5bd,2024-12-07,Extreme Greed,75,3515.031065,26,25,2001.101153846154,0,26,0.9615384615384616,0.0,Greed,Frequent Retail
0x23e7a7f8d14b550961925fbfdaa92f5d195ba5bd,2024-12-09,Extreme Greed,78,0.0,46,0,1131.888695652174,46,0,0.0,10.0,Greed,Frequent Retail
0x23e7a7f8d14b550961925fbfdaa92f5d195ba5bd,2024-12-10,Extreme Greed,78,2517.787385,64,63,852.88625,0,64,0.984375,0.0,Greed,Frequent Retail
0x23e7a7f8d14b550961925fbfdaa92f5d195ba5bd,2024-12-18,Extreme Greed,81,1613.165903,59,15,1913.523898305085,44,15,0.2542372881355932,2.933333333333333,Greed,Frequent Retail
0x23e7a7f8d14b550961925fbfdaa92f5d195ba5bd,2024-12-19,Extreme Greed,75,0.0,1,0,0.11,0,1,0.0,0.0,Greed,Frequent Retail
0x23e7a7f8d14b550961925fbfdaa92f5d195ba5bd,2024-12-20,Greed,74,1245.51851,34,21,10051.199411764705,13,21,0.6176470588235294,0.6190476190476191,Greed,Frequent Retail
0x23e7a7f8d14b550961925fbfdaa92f5d195ba5bd,2025-01-13,Greed,61,0.0,13,0,2845.9646153846156,13,0,0.0,10.0,Greed,Frequent Retail
0x23e7a7f8d14b550961925fbfdaa92f5d195ba5bd,2025-01-17,Extreme Greed,75,4493.232479,17,17,2440.6282352941175,0,17,1.0,0.0,Greed,Frequent Retail
0x23e7a7f8d14b550961925fbfdaa92f5d195ba5bd,2025-01-18,Extreme Greed,77,1047.030992,39,28,2154.3915384615384,10,29,0.717948717948718,0.3448275862068966,Greed,Frequent Retail
0x23e7a7f8d14b550961925fbfdaa92f5d195ba5bd,2025-01-19,Extreme Greed,77,4842.054317,124,80,2194.294758064516,43,81,0.6451612903225806,0.5308641975308642,Greed,Frequent Retail
0x23e7a7f8d14b550961925fbfdaa92f5d195ba5bd,2025-01-24,Extreme Greed,75,1693.493165,339,198,1737.369557522124,141,198,0.584070796460177,0.7121212121212122,Greed,Frequent Retail
0x23e7a7f8d14b550961925fbfdaa92f5d195ba5bd,2025-01-25,Extreme Greed,75,4221.156399,54,4,2398.331666666667,50,4,0.07407407407407407,12.5,Greed,Frequent Retail
0x23e7a7f8d14b550961925fbfdaa92f5d195ba5bd,2025-01-27,Greed,71,0.0,44,0,1519.465681818182,44,0,0.0,10.0,Greed,Frequent Retail
0x23e7a7f8d14b550961925fbfdaa92f5d195ba5bd,2025-01-28,Greed,72,6899.2458320000005,56,56,1317.0667857142857,0,56,1.0,0.0,Greed,Frequent Retail
0x23e7a7f8d14b550961925fbfdaa92f5d195ba5bd,2025-01-29,Greed,72,0.0,46,0,1602.9452173913044,46,0,0.0,10.0,Greed,Frequent Retail
0x23e7a7f8d14b550961925fbfdaa92f5d195ba5bd,2025-01-30,Greed,70,7372.485101,55,55,1474.6896363636365,0,55,1.0,0.0,Greed,Frequent Retail
0x23e7a7f8d14b550961925fbfdaa92f5d195ba5bd,2025-02-01,Greed,68,1162.002541,78,25,2094.719358974359,53,25,0.32051282051282054,2.12,Greed,Frequent Retail
0x23e7a7f8d14b550961925fbfdaa92f5d195ba5bd,2025-02-02,Greed,60,6352.452613,517,233,2792.42166344294,270,247,0.4506769825918762,1.0931174089068827,Greed,Frequent Retail
0x23e7a7f8d14b550961925fbfdaa92f5d195ba5bd,2025-02-11,Neutral,47,-12346.990829,124,0,612.1092741935485,0,124,0.0,0.0,Neutral,Frequent Retail
0x23e7a7f8d14b550961925fbfdaa92f5d195ba5bd,2025-02-12,Neutral,46,355.5854,159,127,2687.4032704402516,31,128,0.7987421383647799,0.2421875,Neutral,Frequent Retail
0x23e7a7f8d14b550961925fbfdaa92f5d195ba5bd,2025-02-24,Neutral,49,1129.8489260000001,160,52,1641.2224999999999,108,52,0.325,2.076923076923077,Neutral,Frequent Retail
0x23e7a7f8d14b550961925fbfdaa92f5d195ba5bd,2025-02-25,Fear,25,-6820.76955,1,0,82910.81,0,1,0.0,0.0,Fear,Frequent Retail
0x23e7a7f8d14b550961925fbfdaa92f5d195ba5bd,2025-02-28,Extreme Fear,16,0.0,52,0,1462.824423076923,52,0,0.0,10.0,Fear,Frequent Retail
0x23e7a7f8d14b550961925fbfdaa92f5d195ba5bd,2025-03-03,Fear,33,2480.902379,110,50,1999.099181818182,60,50,0.45454545454545453,1.2,Fear,Frequent Retail
0x23e7a7f8d14b550961925fbfdaa92f5d195ba5bd,2025-03-04,Extreme Fear,15,-3169.3554679999997,65,0,1756.5103076923076,55,10,0.0,5.5,Fear,Frequent Retail
0x23e7a7f8d14b550961925fbfdaa92f5d195ba5bd,2025-03-07,Fear,34,0.0,37,0,1499.4978378378378,37,0,0.0,10.0,Fear,Frequent Retail
0x23e7a7f8d14b550961925fbfdaa92f5d195ba5bd,2025-03-08,Fear,28,2099.019688,47,47,1225.1170212765958,0,47,1.0,0.0,Fear,Frequent Retail
0x23e7a7f8d14b550961925fbfdaa92f5d195ba5bd,2025-03-09,Fear,27,656.540742,65,57,2676.518153846154,8,57,0.8769230769230769,0.14035087719298245,Fear,Frequent Retail
0x23e7a7f8d14b550961925fbfdaa92f5d195ba5bd,2025-03-10,Extreme Fear,20,-1065.797583,53,51,3326.2756603773582,1,52,0.9622641509433962,0.019230769230769232,Fear,Frequent Retail
0x23e7a7f8d14b550961925fbfdaa92f5d195ba5bd,2025-03-12,Fear,34,1591.753271,53,52,2184.328113207547,1,52,0.9811320754716981,0.019230769230769232,Fear,Frequent Retail
0x23e7a7f8d14b550961925fbfdaa92f5d195ba5bd,2025-03-13,Neutral,45,-2315.377191,27,0,4259.311481481482,17,10,0.0,1.7,Neutral,Frequent Retail
0x23e7a7f8d14b550961925fbfdaa92f5d195ba5bd,2025-03-28,Fear,44,0.0,42,0,1460.115,42,0,0.0,10.0,Fear,Frequent Retail
0x23e7a7f8d14b550961925fbfdaa92f5d195ba5bd,2025-03-29,Fear,26,-5018.466447,97,0,580.479381443299,0,97,0.0,0.0,Fear,Frequent Retail
0x23e7a7f8d14b550961925fbfdaa92f5d195ba5bd,2025-03-31,Fear,34,716.143949,155,83,730.8744516129032,72,83,0.535483870967742,0.8674698795180723,Fear,Frequent Retail
0x23e7a7f8d14b550961925fbfdaa92f5d195ba5bd,2025-04-03,Fear,25,0.0,1,0,54768.6,1,0,0.0,10.0,Fear,Frequent Retail
0x23e7a7f8d14b550961925fbfdaa92f5d195ba5bd,2025-04-15,Fear,38,0.0,1,0,16.37,1,0,0.0,10.0,Fear,Frequent Retail
0x23e7a7f8d14b550961925fbfdaa92f5d195ba5bd,2025-04-16,Fear,29,-95.985744,88,1,780.4484090909092,0,88,0.011363636363636364,0.0,Fear,Frequent Retail
0x23e7a7f8d14b550961925fbfdaa92f5d195ba5bd,2025-04-17,Fear,30,-133.41237,125,20,730.92608,60,65,0.16,0.9230769230769231,Fear,Frequent Retail
0x23e7a7f8d14b550961925fbfdaa92f5d195ba5bd,2025-04-18,Fear,33,951.934443,689,301,766.7829027576198,312,377,0.43686502177068215,0.8275862068965517,Fear,Frequent Retail
0x23e7a7f8d14b550961925fbfdaa92f5d195ba5bd,2025-04-19,Fear,32,371.503,411,297,552.0850851581508,122,289,0.7226277372262774,0.42214532871972316,Fear,Frequent Retail
0x23e7a7f8d14b550961925fbfdaa92f5d195ba5bd,2025-04-20,Fear,37,-1892.58947,603,249,963.6022222222223,297,306,0.4129353233830846,0.9705882352941176,Fear,Frequent Retail
0x23e7a7f8d14b550961925fbfdaa92f5d195ba5bd,2025-04-21,Fear,39,3434.689308,97,97,887.6931958762888,0,97,1.0,0.0,Fear,Frequent Retail
0x23e7a7f8d14b550961925fbfdaa92f5d195ba5bd,2025-04-23,Greed,72,2654.14315,568,336,2593.2515492957746,219,349,0.5915492957746479,0.6275071633237822,Greed,Frequent Retail
0x23e7a7f8d14b550961925fbfdaa92f5d195ba5bd,2025-04-24,Greed,63,1867.252909,680,333,1679.7829852941175,346,334,0.48970588235294116,1.035928143712575,Greed,Frequent Retail
0x23e7a7f8d14b550961925fbfdaa92f5d195ba5bd,2025-04-25,Greed,60,1969.39321,330,40,3782.839757575757,162,168,0.12121212121212122,0.9642857142857143,Greed,Frequent Retail
0x23e7a7f8d14b550961925fbfdaa92f5d195ba5bd,2025-04-26,Greed,65,-4648.8710550000005,338,0,284.5678402366864,0,338,0.0,0.0,Greed,Frequent Retail
0x23e7a7f8d14b550961925fbfdaa92f5d195ba5bd,2025-04-27,Greed,61,0.0,67,0,1435.3307462686569,67,0,0.0,10.0,Greed,Frequent Retail
0x23e7a7f8d14b550961925fbfdaa92f5d195ba5bd,2025-04-30,Greed,56,5179.772745,83,83,1221.0467469879518,0,83,1.0,0.0,Greed,Frequent Retail
0x23e7a7f8d14b550961925fbfdaa92f5d195ba5bd,2025-05-01,Neutral,53,1243.853569,250,81,815.50576,169,81,0.324,2.0864197530864197,Neutral,Frequent Retail
0x271b280974205ca63b716753467d5a371de622ab,2024-07-15,Neutral,52,-1.0,5,0,6070.2,2,3,0.0,0.6666666666666666,Neutral,Frequent Retail
0x271b280974205ca63b716753467d5a371de622ab,2024-11-29,Extreme Greed,78,1584.342755,1,1,1584.35,0,1,1.0,0.0,Greed,Frequent Retail
0x271b280974205ca63b716753467d5a371de622ab,2024-12-05,Extreme Greed,84,208.81746,4,3,39530.9875,3,1,0.75,3.0,Greed,Frequent Retail
0x271b280974205ca63b716753467d5a371de622ab,2025-04-09,Extreme Fear,18,16706.884912,797,300,6131.710464240904,275,522,0.37641154328732745,0.5268199233716475,Fear,Frequent Retail
0x271b280974205ca63b716753467d5a371de622ab,2025-04-10,Fear,39,13264.043303999999,339,189,21898.95651917404,231,108,0.5575221238938053,2.138888888888889,Fear,Frequent Retail
0x271b280974205ca63b716753467d5a371de622ab,2025-04-19,Fear,32,5942.547242,313,40,8678.024504792333,40,273,0.12779552715654952,0.14652014652014653,Fear,Frequent Retail
0x271b280974205ca63b716753467d5a371de622ab,2025-04-20,Fear,37,8277.307357,863,424,3079.8473348783314,418,445,0.49130938586326767,0.9393258426966292,Fear,Frequent Retail
0x271b280974205ca63b716753467d5a371de622ab,2025-04-21,Fear,39,2638.012587,353,61,1965.9329745042492,61,292,0.17280453257790368,0.2089041095890411,Fear,Frequent Retail
0x271b280974205ca63b716753467d5a371de622ab,2025-04-22,Neutral,47,-19037.340561,594,0,8110.89095959596,233,361,0.0,0.6454293628808865,Neutral,Frequent Retail
0x271b280974205ca63b716753467d5a371de622ab,2025-04-23,Greed,72,-108176.9187,469,66,20030.785479744136,236,233,0.14072494669509594,1.0128755364806867,Greed,Frequent Retail
0x271b280974205ca63b716753467d5a371de622ab,2025-04-24,Greed,63,8157.112326,70,66,15603.565285714287,67,3,0.9428571428571428,22.333333333333332,Greed,Frequent Retail
0x271b280974205ca63b716753467d5a371de622ab,2025-04-25,Greed,60,0.0,1,0,0.17,0,1,0.0,0.0,Greed,Frequent Retail
0x28736f43f1e871e6aa8b1148d38d4994275d72c4,2024-11-16,Extreme Greed,86,159.100072,93,16,373.7049462365591,49,44,0.17204301075268819,1.1136363636363635,Greed,Frequent Retail
0x28736f43f1e871e6aa8b1148d38d4994275d72c4,2024-11-17,Extreme Greed,90,161.289904,95,34,353.5228421052631,45,50,0.35789473684210527,0.9,Greed,Frequent Retail
0x28736f43f1e871e6aa8b1148d38d4994275d72c4,2024-11-18,Extreme Greed,83,147.410285,162,67,666.941975308642,71,91,0.41358024691358025,0.7802197802197802,Greed,Frequent Retail
0x28736f43f1e871e6aa8b1148d38d4994275d72c4,2024-11-19,Extreme Greed,90,233.36546,213,104,895.9638028169014,115,98,0.48826291079812206,1.1734693877551021,Greed,Frequent Retail
0x28736f43f1e871e6aa8b1148d38d4994275d72c4,2024-11-20,Extreme Greed,83,-316.245208,407,141,2149.553218673219,188,219,0.3464373464373464,0.8584474885844748,Greed,Frequent Retail
0x28736f43f1e871e6aa8b1148d38d4994275d72c4,2024-11-21,Extreme Greed,82,780.001314,446,156,729.007130044843,223,223,0.34977578475336324,1.0,Greed,Frequent Retail
0x28736f43f1e871e6aa8b1148d38d4994275d72c4,2024-11-22,Extreme Greed,94,141.21958999999998,433,135,422.0099076212471,208,225,0.3117782909930716,0.9244444444444444,Greed,Frequent Retail
0x28736f43f1e871e6aa8b1148d38d4994275d72c4,2024-11-23,Extreme Greed,93,673.6312,156,63,333.45923076923077,76,80,0.40384615384615385,0.95,Greed,Frequent Retail
0x28736f43f1e871e6aa8b1148d38d4994275d72c4,2024-11-24,Extreme Greed,80,108.321127,69,29,200.7391304347826,54,15,0.42028985507246375,3.6,Greed,Frequent Retail
0x28736f43f1e871e6aa8b1148d38d4994275d72c4,2024-11-25,Extreme Greed,82,464.281002,225,95,324.3673333333333,106,119,0.4222222222222222,0.8907563025210085,Greed,Frequent Retail
0x28736f43f1e871e6aa8b1148d38d4994275d72c4,2024-11-26,Extreme Greed,79,-508.290641,217,76,1012.5778341013826,127,90,0.35023041474654376,1.4111111111111112,Greed,Frequent Retail
0x28736f43f1e871e6aa8b1148d38d4994275d72c4,2024-11-27,Extreme Greed,75,193.66415899999998,169,74,1110.83224852071,69,100,0.4378698224852071,0.69,Greed,Frequent Retail
0x28736f43f1e871e6aa8b1148d38d4994275d72c4,2024-11-28,Extreme Greed,77,165.532644,207,78,946.0768115942029,116,91,0.37681159420289856,1.2747252747252746,Greed,Frequent Retail
0x28736f43f1e871e6aa8b1148d38d4994275d72c4,2024-11-29,Extreme Greed,78,9551.73423,206,92,388.948786407767,87,119,0.44660194174757284,0.7310924369747899,Greed,Frequent Retail
0x28736f43f1e871e6aa8b1148d38d4994275d72c4,2024-11-30,Extreme Greed,84,5590.528248,154,71,315.52253246753247,60,94,0.461038961038961,0.6382978723404256,Greed,Frequent Retail
0x28736f43f1e871e6aa8b1148d38d4994275d72c4,2024-12-01,Extreme Greed,81,4458.25495,193,97,247.12725388601035,66,127,0.5025906735751295,0.5196850393700787,Greed,Frequent Retail
0x28736f43f1e871e6aa8b1148d38d4994275d72c4,2024-12-02,Extreme Greed,80,1283.846047,140,73,140.36935714285713,70,70,0.5214285714285715,1.0,Greed,Frequent Retail
0x28736f43f1e871e6aa8b1148d38d4994275d72c4,2024-12-03,Extreme Greed,76,1190.358719,78,37,92.37217948717948,28,50,0.47435897435897434,0.56,Greed,Frequent Retail
0x28736f43f1e871e6aa8b1148d38d4994275d72c4,2024-12-04,Extreme Greed,78,9066.169646,112,60,165.78285714285715,30,82,0.5357142857142857,0.36585365853658536,Greed,Frequent Retail
0x28736f43f1e871e6aa8b1148d38d4994275d72c4,2024-12-05,Extreme Greed,84,14685.787664,98,48,259.2459183673469,33,65,0.4897959183673469,0.5076923076923077,Greed,Frequent Retail
0x28736f43f1e871e6aa8b1148d38d4994275d72c4,2024-12-06,Greed,72,389.176232,69,16,129.80536231884057,27,42,0.2318840579710145,0.6428571428571429,Greed,Frequent Retail
0x28736f43f1e871e6aa8b1148d38d4994275d72c4,2024-12-07,Extreme Greed,75,4008.012049,86,36,159.67825581395348,20,66,0.4186046511627907,0.30303030303030304,Greed,Frequent Retail
0x28736f43f1e871e6aa8b1148d38d4994275d72c4,2024-12-08,Extreme Greed,79,554.009942,102,43,77.67176470588235,31,71,0.4215686274509804,0.43661971830985913,Greed,Frequent Retail
0x28736f43f1e871e6aa8b1148d38d4994275d72c4,2024-12-09,Extreme Greed,78,768.430838,213,126,88.1318309859155,169,44,0.5915492957746479,3.840909090909091,Greed,Frequent Retail
0x28736f43f1e871e6aa8b1148d38d4994275d72c4,2024-12-10,Extreme Greed,78,980.557461,157,106,119.62222929936306,117,40,0.6751592356687898,2.925,Greed,Frequent Retail
0x28736f43f1e871e6aa8b1148d38d4994275d72c4,2024-12-11,Greed,74,1582.001112,93,32,124.41204301075268,16,77,0.34408602150537637,0.2077922077922078,Greed,Frequent Retail
0x28736f43f1e871e6aa8b1148d38d4994275d72c4,2024-12-12,Extreme Greed,83,5806.86932,147,82,150.14530612244897,28,119,0.5578231292517006,0.23529411764705882,Greed,Frequent Retail
0x28736f43f1e871e6aa8b1148d38d4994275d72c4,2024-12-13,Extreme Greed,76,1522.284412,155,71,88.59193548387097,83,72,0.45806451612903226,1.1527777777777777,Greed,Frequent Retail
0x28736f43f1e871e6aa8b1148d38d4994275d72c4,2024-12-14,Extreme Greed,83,13281.73126,154,119,187.5361038961039,45,109,0.7727272727272727,0.41284403669724773,Greed,Frequent Retail
0x28736f43f1e871e6aa8b1148d38d4994275d72c4,2024-12-15,Extreme Greed,80,5389.96219,137,68,125.00722627737227,61,76,0.49635036496350365,0.8026315789473685,Greed,Frequent Retail
0x28736f43f1e871e6aa8b1148d38d4994275d72c4,2024-12-16,Extreme Greed,83,13190.248859,230,154,131.2383043478261,85,145,0.6695652173913044,0.5862068965517241,Greed,Frequent Retail
0x28736f43f1e871e6aa8b1148d38d4994275d72c4,2024-12-17,Extreme Greed,87,4454.939378,181,78,112.67668508287292,98,83,0.430939226519337,1.180722891566265,Greed,Frequent Retail
0x28736f43f1e871e6aa8b1148d38d4994275d72c4,2024-12-18,Extreme Greed,81,3624.489655,191,80,124.92068062827224,102,89,0.418848167539267,1.146067415730337,Greed,Frequent Retail
0x28736f43f1e871e6aa8b1148d38d4994275d72c4,2024-12-19,Extreme Greed,75,1525.329937,204,80,197.00485294117647,159,45,0.39215686274509803,3.533333333333333,Greed,Frequent Retail
0x28736f43f1e871e6aa8b1148d38d4994275d72c4,2024-12-20,Greed,74,7812.716373,194,111,289.6046907216495,64,130,0.5721649484536082,0.49230769230769234,Greed,Frequent Retail
0x28736f43f1e871e6aa8b1148d38d4994275d72c4,2024-12-21,Greed,73,7465.899936,107,54,215.33785046728974,26,81,0.5046728971962616,0.32098765432098764,Greed,Frequent Retail
0x28736f43f1e871e6aa8b1148d38d4994275d72c4,2024-12-22,Greed,73,1174.025529,79,41,174.83481012658228,45,34,0.5189873417721519,1.3235294117647058,Greed,Frequent Retail
0x28736f43f1e871e6aa8b1148d38d4994275d72c4,2024-12-23,Greed,70,122.889996,95,29,212.30473684210526,86,9,0.30526315789473685,9.555555555555555,Greed,Frequent Retail
0x28736f43f1e871e6aa8b1148d38d4994275d72c4,2024-12-24,Greed,73,1555.956456,48,15,282.42354166666667,9,39,0.3125,0.23076923076923078,Greed,Frequent Retail
0x28736f43f1e871e6aa8b1148d38d4994275d72c4,2024-12-25,Greed,73,1530.919365,66,30,284.1157575757576,12,54,0.45454545454545453,0.2222222222222222,Greed,Frequent Retail
0x28736f43f1e871e6aa8b1148d38d4994275d72c4,2024-12-26,Extreme Greed,79,101.860928,84,28,223.8904761904762,72,12,0.3333333333333333,6.0,Greed,Frequent Retail
0x28736f43f1e871e6aa8b1148d38d4994275d72c4,2024-12-27,Greed,74,388.366016,73,26,221.81794520547948,40,33,0.3561643835616438,1.2121212121212122,Greed,Frequent Retail
0x28736f43f1e871e6aa8b1148d38d4994275d72c4,2024-12-28,Greed,72,506.512551,63,23,166.3415873015873,35,28,0.36507936507936506,1.25,Greed,Frequent Retail
0x28736f43f1e871e6aa8b1148d38d4994275d72c4,2024-12-29,Greed,73,115.51218300000001,34,17,140.99176470588236,7,27,0.5,0.25925925925925924,Greed,Frequent Retail
0x28736f43f1e871e6aa8b1148d38d4994275d72c4,2024-12-30,Greed,65,255.808312,125,42,455.63544,109,16,0.336,6.8125,Greed,Frequent Retail
0x28736f43f1e871e6aa8b1148d38d4994275d72c4,2024-12-31,Greed,64,496.221792,107,32,1121.107570093458,57,50,0.29906542056074764,1.14,Greed,Frequent Retail
0x28736f43f1e871e6aa8b1148d38d4994275d72c4,2025-01-01,Greed,66,109.82694000000001,59,21,263.3476271186441,44,15,0.3559322033898305,2.933333333333333,Greed,Frequent Retail
0x28736f43f1e871e6aa8b1148d38d4994275d72c4,2025-01-02,Greed,70,416.546688,101,46,217.69336633663366,25,76,0.45544554455445546,0.32894736842105265,Greed,Frequent Retail
0x28736f43f1e871e6aa8b1148d38d4994275d72c4,2025-01-03,Greed,74,250.581483,69,36,217.15115942028987,34,35,0.5217391304347826,0.9714285714285714,Greed,Frequent Retail
0x28736f43f1e871e6aa8b1148d38d4994275d72c4,2025-01-04,Greed,73,232.66549799999999,81,40,156.68296296296296,32,49,0.49382716049382713,0.6530612244897959,Greed,Frequent Retail
0x28736f43f1e871e6aa8b1148d38d4994275d72c4,2025-01-05,Greed,72,87.752181,82,44,101.1840243902439,39,43,0.5365853658536586,0.9069767441860465,Greed,Frequent Retail
0x28736f43f1e871e6aa8b1148d38d4994275d72c4,2025-01-06,Extreme Greed,76,114.68421000000001,80,21,82.075375,18,62,0.2625,0.2903225806451613,Greed,Frequent Retail
0x28736f43f1e871e6aa8b1148d38d4994275d72c4,2025-01-07,Extreme Greed,78,267.846227,103,72,103.70087378640777,87,16,0.6990291262135923,5.4375,Greed,Frequent Retail
0x28736f43f1e871e6aa8b1148d38d4994275d72c4,2025-01-08,Greed,70,651.469355,149,85,489.99302013422823,111,38,0.5704697986577181,2.9210526315789473,Greed,Frequent Retail
0x28736f43f1e871e6aa8b1148d38d4994275d72c4,2025-01-09,Greed,69,571.688942,103,49,728.4078640776698,64,39,0.47572815533980584,1.641025641025641,Greed,Frequent Retail
0x28736f43f1e871e6aa8b1148d38d4994275d72c4,2025-01-10,Neutral,50,401.706348,84,37,522.1204761904762,34,50,0.44047619047619047,0.68,Neutral,Frequent Retail
0x28736f43f1e871e6aa8b1148d38d4994275d72c4,2025-01-11,Greed,69,157.228232,37,16,484.2756756756757,18,19,0.43243243243243246,0.9473684210526315,Greed,Frequent Retail
0x28736f43f1e871e6aa8b1148d38d4994275d72c4,2025-01-12,Greed,62,274.773033,63,39,446.3861904761905,29,34,0.6190476190476191,0.8529411764705882,Greed,Frequent Retail
0x28736f43f1e871e6aa8b1148d38d4994275d72c4,2025-01-13,Greed,61,53.846609,61,19,561.3780327868852,49,12,0.3114754098360656,4.083333333333333,Greed,Frequent Retail
0x28736f43f1e871e6aa8b1148d38d4994275d72c4,2025-01-14,Greed,63,894.564828,42,34,995.6730952380951,4,38,0.8095238095238095,0.10526315789473684,Greed,Frequent Retail
0x28736f43f1e871e6aa8b1148d38d4994275d72c4,2025-01-15,Greed,70,55.137803,19,8,240.01052631578946,10,9,0.42105263157894735,1.1111111111111112,Greed,Frequent Retail
0x28736f43f1e871e6aa8b1148d38d4994275d72c4,2025-01-16,Extreme Greed,75,238.995461,87,28,136.35540229885058,24,63,0.3218390804597701,0.38095238095238093,Greed,Frequent Retail
0x28736f43f1e871e6aa8b1148d38d4994275d72c4,2025-01-17,Extreme Greed,75,168.92152,70,35,118.53914285714285,37,33,0.5,1.121212121212121,Greed,Frequent Retail
0x28736f43f1e871e6aa8b1148d38d4994275d72c4,2025-01-18,Extreme Greed,77,594.135892,259,105,195.20691119691122,128,131,0.40540540540540543,0.9770992366412213,Greed,Frequent Retail
0x28736f43f1e871e6aa8b1148d38d4994275d72c4,2025-01-19,Extreme Greed,77,102.504343,184,79,155.71684782608696,58,126,0.42934782608695654,0.4603174603174603,Greed,Frequent Retail
0x28736f43f1e871e6aa8b1148d38d4994275d72c4,2025-01-20,Extreme Greed,76,608.885905,169,69,169.7668047337278,115,54,0.40828402366863903,2.1296296296296298,Greed,Frequent Retail
0x28736f43f1e871e6aa8b1148d38d4994275d72c4,2025-01-21,Extreme Greed,76,428.3738,94,46,262.3486170212766,48,46,0.48936170212765956,1.0434782608695652,Greed,Frequent Retail
0x28736f43f1e871e6aa8b1148d38d4994275d72c4,2025-01-22,Extreme Greed,84,589.467131,112,51,120.82616071428572,57,55,0.45535714285714285,1.0363636363636364,Greed,Frequent Retail
0x28736f43f1e871e6aa8b1148d38d4994275d72c4,2025-01-23,Extreme Greed,75,229.609892,122,57,128.88065573770493,90,32,0.4672131147540984,2.8125,Greed,Frequent Retail
0x28736f43f1e871e6aa8b1148d38d4994275d72c4,2025-01-24,Extreme Greed,75,347.22838,120,60,145.0465,59,61,0.5,0.9672131147540983,Greed,Frequent Retail
0x28736f43f1e871e6aa8b1148d38d4994275d72c4,2025-01-25,Extreme Greed,75,124.70498799999999,118,47,241.47220338983053,73,45,0.3983050847457627,1.6222222222222222,Greed,Frequent Retail
0x28736f43f1e871e6aa8b1148d38d4994275d72c4,2025-01-26,Greed,73,273.211119,106,48,334.20924528301884,57,49,0.4528301886792453,1.163265306122449,Greed,Frequent Retail
0x28736f43f1e871e6aa8b1148d38d4994275d72c4,2025-01-27,Greed,71,838.930696,268,114,1223.7995522388057,154,114,0.4253731343283582,1.3508771929824561,Greed,Frequent Retail
0x28736f43f1e871e6aa8b1148d38d4994275d72c4,2025-01-28,Greed,72,1019.55769,151,75,624.2161589403973,70,81,0.4966887417218543,0.8641975308641975,Greed,Frequent Retail
0x28736f43f1e871e6aa8b1148d38d4994275d72c4,2025-01-29,Greed,72,152.618804,42,21,340.8880952380952,22,20,0.5,1.1,Greed,Frequent Retail
0x28736f43f1e871e6aa8b1148d38d4994275d72c4,2025-01-30,Greed,70,1234.2072,86,55,394.06465116279065,25,61,0.6395348837209303,0.4098360655737705,Greed,Frequent Retail
0x28736f43f1e871e6aa8b1148d38d4994275d72c4,2025-01-31,Extreme Greed,76,755.916254,49,38,374.2630612244898,11,38,0.7755102040816326,0.2894736842105263,Greed,Frequent Retail
0x28736f43f1e871e6aa8b1148d38d4994275d72c4,2025-02-01,Greed,68,3.536668000000001,51,21,1057.5154901960784,30,21,0.4117647058823529,1.4285714285714286,Greed,Frequent Retail
0x28736f43f1e871e6aa8b1148d38d4994275d72c4,2025-02-02,Greed,60,-1416.906536,91,5,1328.6620879120878,80,11,0.054945054945054944,7.2727272727272725,Greed,Frequent Retail
0x28736f43f1e871e6aa8b1148d38d4994275d72c4,2025-02-03,Fear,44,439.634046,75,45,1251.5914666666667,27,48,0.6,0.5625,Fear,Frequent Retail
0x28736f43f1e871e6aa8b1148d38d4994275d72c4,2025-02-04,Greed,72,1291.500575,48,17,1139.6597916666667,31,17,0.3541666666666667,1.8235294117647058,Greed,Frequent Retail
0x28736f43f1e871e6aa8b1148d38d4994275d72c4,2025-02-05,Neutral,54,696.8107239999999,83,37,912.4063855421687,45,38,0.4457831325301205,1.1842105263157894,Neutral,Frequent Retail
0x28736f43f1e871e6aa8b1148d38d4994275d72c4,2025-02-06,Neutral,49,358.877096,45,17,1453.7044444444446,28,17,0.37777777777777777,1.6470588235294117,Neutral,Frequent Retail
0x28736f43f1e871e6aa8b1148d38d4994275d72c4,2025-02-07,Fear,44,932.4458159999999,54,36,596.832037037037,18,36,0.6666666666666666,0.5,Fear,Frequent Retail
0x28736f43f1e871e6aa8b1148d38d4994275d72c4,2025-02-08,Fear,44,0.0,32,0,630.2528125,32,0,0.0,10.0,Fear,Frequent Retail
0x28736f43f1e871e6aa8b1148d38d4994275d72c4,2025-02-09,Neutral,46,31.14195,17,11,685.0323529411764,6,11,0.6470588235294118,0.5454545454545454,Neutral,Frequent Retail
0x28736f43f1e871e6aa8b1148d38d4994275d72c4,2025-02-10,Fear,43,436.833818,43,29,1075.9925581395348,14,29,0.6744186046511628,0.4827586206896552,Fear,Frequent Retail
0x28736f43f1e871e6aa8b1148d38d4994275d72c4,2025-02-11,Neutral,47,593.326371,41,19,984.2039024390244,22,19,0.4634146341463415,1.1578947368421053,Neutral,Frequent Retail
0x28736f43f1e871e6aa8b1148d38d4994275d72c4,2025-02-12,Neutral,46,198.780392,59,27,717.646779661017,28,31,0.4576271186440678,0.9032258064516129,Neutral,Frequent Retail
0x28736f43f1e871e6aa8b1148d38d4994275d72c4,2025-02-13,Neutral,50,287.27875,42,21,647.7471428571429,27,15,0.5,1.8,Neutral,Frequent Retail
0x28736f43f1e871e6aa8b1148d38d4994275d72c4,2025-02-14,Neutral,48,404.813032,47,37,536.6263829787234,5,42,0.7872340425531915,0.11904761904761904,Neutral,Frequent Retail
0x28736f43f1e871e6aa8b1148d38d4994275d72c4,2025-02-15,Neutral,50,64.653448,9,8,257.83222222222224,2,7,0.8888888888888888,0.2857142857142857,Neutral,Frequent Retail
0x28736f43f1e871e6aa8b1148d38d4994275d72c4,2025-02-16,Neutral,54,59.664989,11,4,503.33272727272725,6,5,0.36363636363636365,1.2,Neutral,Frequent Retail
0x28736f43f1e871e6aa8b1148d38d4994275d72c4,2025-02-17,Neutral,51,115.824682,28,18,466.69214285714287,17,11,0.6428571428571429,1.5454545454545454,Neutral,Frequent Retail
0x28736f43f1e871e6aa8b1148d38d4994275d72c4,2025-02-18,Neutral,47,45.659497,36,7,404.88444444444445,33,3,0.19444444444444445,11.0,Neutral,Frequent Retail
0x28736f43f1e871e6aa8b1148d38d4994275d72c4,2025-02-19,Fear,44,20.62415,22,7,508.5995454545455,14,8,0.3181818181818182,1.75,Fear,Frequent Retail
0x28736f43f1e871e6aa8b1148d38d4994275d72c4,2025-02-20,Neutral,49,278.142839,53,26,429.3352830188679,25,28,0.49056603773584906,0.8928571428571429,Neutral,Frequent Retail
0x28736f43f1e871e6aa8b1148d38d4994275d72c4,2025-02-21,Greed,55,591.659533,93,61,320.8220430107527,34,59,0.6559139784946236,0.576271186440678,Greed,Frequent Retail
0x28736f43f1e871e6aa8b1148d38d4994275d72c4,2025-02-22,Neutral,49,408.03639799999996,58,17,523.8093103448275,34,24,0.29310344827586204,1.4166666666666667,Neutral,Frequent Retail
0x28736f43f1e871e6aa8b1148d38d4994275d72c4,2025-02-23,Neutral,50,39.91436,24,9,550.5720833333334,10,14,0.375,0.7142857142857143,Neutral,Frequent Retail
0x28736f43f1e871e6aa8b1148d38d4994275d72c4,2025-02-24,Neutral,49,180.244855,61,27,282.4104918032787,57,4,0.4426229508196721,14.25,Neutral,Frequent Retail
0x28736f43f1e871e6aa8b1148d38d4994275d72c4,2025-02-25,Fear,25,168.27053,49,13,883.3975510204082,41,8,0.2653061224489796,5.125,Fear,Frequent Retail
0x28736f43f1e871e6aa8b1148d38d4994275d72c4,2025-02-26,Extreme Fear,21,64.59776,34,13,242.27088235294116,25,9,0.38235294117647056,2.7777777777777777,Fear,Frequent Retail
0x28736f43f1e871e6aa8b1148d38d4994275d72c4,2025-02-27,Extreme Fear,10,71.919819,30,13,765.107,18,12,0.43333333333333335,1.5,Fear,Frequent Retail
0x28736f43f1e871e6aa8b1148d38d4994275d72c4,2025-02-28,Extreme Fear,16,-3425.450348,81,26,1611.6066666666666,52,29,0.32098765432098764,1.793103448275862,Fear,Frequent Retail
0x28736f43f1e871e6aa8b1148d38d4994275d72c4,2025-03-01,Extreme Fear,20,557.9358,37,14,840.2127027027027,18,19,0.3783783783783784,0.9473684210526315,Fear,Frequent Retail
0x28736f43f1e871e6aa8b1148d38d4994275d72c4,2025-03-02,Fear,26,8330.21747,73,56,1432.3072602739728,18,55,0.7671232876712328,0.32727272727272727,Fear,Frequent Retail
0x28736f43f1e871e6aa8b1148d38d4994275d72c4,2025-03-03,Fear,33,494.669357,58,21,536.928448275862,48,10,0.3620689655172414,4.8,Fear,Frequent Retail
0x28736f43f1e871e6aa8b1148d38d4994275d72c4,2025-03-04,Extreme Fear,15,163.73415,43,13,1091.9493023255814,42,1,0.3023255813953488,42.0,Fear,Frequent Retail
0x28736f43f1e871e6aa8b1148d38d4994275d72c4,2025-03-05,Extreme Fear,20,437.35445200000004,26,20,1109.076923076923,9,17,0.7692307692307693,0.5294117647058824,Fear,Frequent Retail
0x28736f43f1e871e6aa8b1148d38d4994275d72c4,2025-03-06,Fear,25,291.46926,21,13,856.63,10,11,0.6190476190476191,0.9090909090909091,Fear,Frequent Retail
0x28736f43f1e871e6aa8b1148d38d4994275d72c4,2025-03-07,Fear,34,411.824274,40,15,748.432,26,14,0.375,1.8571428571428572,Fear,Frequent Retail
0x28736f43f1e871e6aa8b1148d38d4994275d72c4,2025-03-08,Fear,28,173.811132,35,14,698.2522857142857,23,12,0.4,1.9166666666666667,Fear,Frequent Retail
0x28736f43f1e871e6aa8b1148d38d4994275d72c4,2025-03-09,Fear,27,140.953497,36,6,1118.493611111111,31,5,0.16666666666666666,6.2,Fear,Frequent Retail
0x28736f43f1e871e6aa8b1148d38d4994275d72c4,2025-03-10,Extreme Fear,20,-4026.754395,31,3,838.0596774193548,15,16,0.0967741935483871,0.9375,Fear,Frequent Retail
0x28736f43f1e871e6aa8b1148d38d4994275d72c4,2025-03-11,Extreme Fear,24,0.0,24,0,538.44125,24,0,0.0,10.0,Fear,Frequent Retail
0x28736f43f1e871e6aa8b1148d38d4994275d72c4,2025-03-12,Fear,34,33.01095,9,4,851.8611111111111,5,4,0.4444444444444444,1.25,Fear,Frequent Retail
0x28736f43f1e871e6aa8b1148d38d4994275d72c4,2025-03-13,Neutral,45,465.046501,22,12,881.3063636363636,9,13,0.5454545454545454,0.6923076923076923,Neutral,Frequent Retail
0x28736f43f1e871e6aa8b1148d38d4994275d72c4,2025-03-14,Fear,27,0.0,4,0,262.4975,3,1,0.0,3.0,Fear,Frequent Retail
0x28736f43f1e871e6aa8b1148d38d4994275d72c4,2025-03-16,Fear,30,106.912886,27,18,618.9422222222222,9,18,0.6666666666666666,0.5,Fear,Frequent Retail
0x28736f43f1e871e6aa8b1148d38d4994275d72c4,2025-03-17,Fear,32,0.0,2,0,653.5999999999999,2,0,0.0,10.0,Fear,Frequent Retail
0x28736f43f1e871e6aa8b1148d38d4994275d72c4,2025-03-18,Fear,34,40.9165,15,7,703.816,12,3,0.4666666666666667,4.0,Fear,Frequent Retail
0x28736f43f1e871e6aa8b1148d38d4994275d72c4,2025-03-19,Fear,32,54.9718,33,30,539.8872727272727,3,30,0.9090909090909091,0.1,Fear,Frequent Retail
0x28736f43f1e871e6aa8b1148d38d4994275d72c4,2025-03-20,Neutral,49,144.656157,20,10,1620.353,6,14,0.5,0.42857142857142855,Neutral,Frequent Retail
0x28736f43f1e871e6aa8b1148d38d4994275d72c4,2025-03-21,Fear,31,0.5844,12,1,187.86083333333332,10,2,0.08333333333333333,5.0,Fear,Frequent Retail
0x28736f43f1e871e6aa8b1148d38d4994275d72c4,2025-03-22,Fear,32,132.087931,17,9,559.405294117647,6,11,0.5294117647058824,0.5454545454545454,Fear,Frequent Retail
0x28736f43f1e871e6aa8b1148d38d4994275d72c4,2025-03-23,Fear,30,79.086899,14,13,840.6328571428572,1,13,0.9285714285714286,0.07692307692307693,Fear,Frequent Retail
0x28736f43f1e871e6aa8b1148d38d4994275d72c4,2025-03-24,Neutral,45,808.135252,45,31,1334.7422222222222,11,34,0.6888888888888889,0.3235294117647059,Neutral,Frequent Retail
0x28736f43f1e871e6aa8b1148d38d4994275d72c4,2025-03-25,Neutral,46,417.38885700000003,33,12,530.670303030303,20,13,0.36363636363636365,1.5384615384615385,Neutral,Frequent Retail
0x28736f43f1e871e6aa8b1148d38d4994275d72c4,2025-03-26,Neutral,47,379.04079,35,16,637.0742857142857,17,18,0.45714285714285713,0.9444444444444444,Neutral,Frequent Retail
0x28736f43f1e871e6aa8b1148d38d4994275d72c4,2025-03-27,Fear,40,-133.035992,38,6,1857.9734210526317,29,9,0.15789473684210525,3.2222222222222223,Fear,Frequent Retail
0x28736f43f1e871e6aa8b1148d38d4994275d72c4,2025-03-28,Fear,44,-21.766132,41,1,876.1812195121952,37,4,0.024390243902439025,9.25,Fear,Frequent Retail
0x28736f43f1e871e6aa8b1148d38d4994275d72c4,2025-03-29,Fear,26,28.499012000000004,15,5,468.65066666666667,15,0,0.3333333333333333,10.0,Fear,Frequent Retail
0x28736f43f1e871e6aa8b1148d38d4994275d72c4,2025-03-30,Fear,32,-743.288757,44,1,726.7522727272727,31,13,0.022727272727272728,2.3846153846153846,Fear,Frequent Retail
0x28736f43f1e871e6aa8b1148d38d4994275d72c4,2025-03-31,Fear,34,3.5652170000000005,52,7,375.1351923076923,40,12,0.1346153846153846,3.3333333333333335,Fear,Frequent Retail
0x28736f43f1e871e6aa8b1148d38d4994275d72c4,2025-04-01,Fear,34,768.351892,41,27,422.4107317073171,14,27,0.6585365853658537,0.5185185185185185,Fear,Frequent Retail
0x28736f43f1e871e6aa8b1148d38d4994275d72c4,2025-04-02,Fear,44,669.381363,70,42,414.13428571428574,27,43,0.6,0.627906976744186,Fear,Frequent Retail
0x28736f43f1e871e6aa8b1148d38d4994275d72c4,2025-04-03,Fear,25,149.51234499999998,85,10,453.3190588235294,64,21,0.11764705882352941,3.0476190476190474,Fear,Frequent Retail
0x28736f43f1e871e6aa8b1148d38d4994275d72c4,2025-04-04,Fear,28,498.73528200000004,100,56,280.5443,33,67,0.56,0.4925373134328358,Fear,Frequent Retail
0x28736f43f1e871e6aa8b1148d38d4994275d72c4,2025-04-05,Fear,30,177.049662,56,34,331.27535714285716,18,38,0.6071428571428571,0.47368421052631576,Fear,Frequent Retail
0x28736f43f1e871e6aa8b1148d38d4994275d72c4,2025-04-06,Fear,34,-476.77056300000004,74,27,387.5243243243243,40,34,0.36486486486486486,1.1764705882352942,Fear,Frequent Retail
0x28736f43f1e871e6aa8b1148d38d4994275d72c4,2025-04-07,Extreme Fear,23,-19833.530157,150,27,830.2844666666666,40,110,0.18,0.36363636363636365,Fear,Frequent Retail
0x28736f43f1e871e6aa8b1148d38d4994275d72c4,2025-04-08,Extreme Fear,24,230.103259,65,24,279.894,36,29,0.36923076923076925,1.2413793103448276,Fear,Frequent Retail
0x28736f43f1e871e6aa8b1148d38d4994275d72c4,2025-04-09,Extreme Fear,18,94.077376,53,12,244.56867924528302,34,19,0.22641509433962265,1.7894736842105263,Fear,Frequent Retail
0x28736f43f1e871e6aa8b1148d38d4994275d72c4,2025-04-10,Fear,39,73.76740699999999,22,11,166.24727272727273,10,12,0.5,0.8333333333333334,Fear,Frequent Retail
0x28736f43f1e871e6aa8b1148d38d4994275d72c4,2025-04-11,Fear,25,67.00618399999999,14,6,335.15785714285715,7,7,0.42857142857142855,1.0,Fear,Frequent Retail
0x28736f43f1e871e6aa8b1148d38d4994275d72c4,2025-04-12,Fear,43,10.499265,3,3,78.19,0,3,1.0,0.0,Fear,Frequent Retail
0x28736f43f1e871e6aa8b1148d38d4994275d72c4,2025-04-13,Neutral,45,-902.0714839999999,19,6,269.5942105263158,5,14,0.3157894736842105,0.35714285714285715,Neutral,Frequent Retail
0x28736f43f1e871e6aa8b1148d38d4994275d72c4,2025-04-14,Fear,31,27.177561,14,7,180.60857142857142,3,11,0.5,0.2727272727272727,Fear,Frequent Retail
0x28736f43f1e871e6aa8b1148d38d4994275d72c4,2025-04-15,Fear,38,-48.794434,17,1,186.68235294117648,6,11,0.058823529411764705,0.5454545454545454,Fear,Frequent Retail
0x28736f43f1e871e6aa8b1148d38d4994275d72c4,2025-04-16,Fear,29,8.738942,9,3,32.69,3,6,0.3333333333333333,0.5,Fear,Frequent Retail
0x28736f43f1e871e6aa8b1148d38d4994275d72c4,2025-04-17,Fear,30,-15.688322,10,1,162.429,7,3,0.1,2.3333333333333335,Fear,Frequent Retail
0x28736f43f1e871e6aa8b1148d38d4994275d72c4,2025-04-18,Fear,33,22.793679,8,6,160.54125,4,4,0.75,1.0,Fear,Frequent Retail
0x28736f43f1e871e6aa8b1148d38d4994275d72c4,2025-04-19,Fear,32,40.803149000000005,7,4,75.5942857142857,2,5,0.5714285714285714,0.4,Fear,Frequent Retail
0x28736f43f1e871e6aa8b1148d38d4994275d72c4,2025-04-20,Fear,37,7.707293999999999,2,2,87.145,0,2,1.0,0.0,Fear,Frequent Retail
0x28736f43f1e871e6aa8b1148d38d4994275d72c4,2025-04-21,Fear,39,19.956089,6,5,78.33833333333334,4,2,0.8333333333333334,2.0,Fear,Frequent Retail
0x28736f43f1e871e6aa8b1148d38d4994275d72c4,2025-04-22,Neutral,47,11.839106000000001,5,2,58.678,0,5,0.4,0.0,Neutral,Frequent Retail
0x28736f43f1e871e6aa8b1148d38d4994275d72c4,2025-04-23,Greed,72,50.899228,13,8,91.10846153846154,0,13,0.6153846153846154,0.0,Greed,Frequent Retail
0x28736f43f1e871e6aa8b1148d38d4994275d72c4,2025-04-24,Greed,63,1.023851,1,1,182.34,0,1,1.0,0.0,Greed,Frequent Retail
0x28736f43f1e871e6aa8b1148d38d4994275d72c4,2025-04-27,Greed,61,0.265698,1,1,49.96,1,0,1.0,10.0,Greed,Frequent Retail
0x28736f43f1e871e6aa8b1148d38d4994275d72c4,2025-04-28,Neutral,54,-0.08516699999999999,8,1,156.87,0,8,0.125,0.0,Neutral,Frequent Retail
0x28736f43f1e871e6aa8b1148d38d4994275d72c4,2025-05-01,Neutral,53,16.923621,2,2,135.32,0,2,1.0,0.0,Neutral,Frequent Retail
0x2c229d22b100a7beb69122eed721cee9b24011dd,2024-10-31,Extreme Greed,77,-2.5534149999999998,9,0,3327.722222222222,6,3,0.0,2.0,Greed,Occasional Retail
0x2c229d22b100a7beb69122eed721cee9b24011dd,2024-11-01,Extreme Greed,75,-0.09906000000000104,14,4,2139.280714285714,6,8,0.2857142857142857,0.75,Greed,Occasional Retail
0x2c229d22b100a7beb69122eed721cee9b24011dd,2024-11-06,Greed,70,-3.41119,3,0,666.84,1,2,0.0,0.5,Greed,Occasional Retail
0x2c229d22b100a7beb69122eed721cee9b24011dd,2024-11-08,Extreme Greed,75,-710.786946,15,0,2003.9206666666666,5,10,0.0,0.5,Greed,Occasional Retail
0x2c229d22b100a7beb69122eed721cee9b24011dd,2024-11-13,Extreme Greed,84,-17.60528,10,2,582.841,3,7,0.2,0.42857142857142855,Greed,Occasional Retail
0x2c229d22b100a7beb69122eed721cee9b24011dd,2024-11-14,Extreme Greed,88,2215.402997,69,14,1825.0886956521738,55,14,0.2028985507246377,3.9285714285714284,Greed,Occasional Retail
0x2c229d22b100a7beb69122eed721cee9b24011dd,2024-11-15,Extreme Greed,80,2137.203852,33,22,1024.2048484848485,11,22,0.6666666666666666,0.5,Greed,Occasional Retail
0x2c229d22b100a7beb69122eed721cee9b24011dd,2024-11-16,Extreme Greed,86,1484.528402,22,13,1292.3377272727273,9,13,0.5909090909090909,0.6923076923076923,Greed,Occasional Retail
0x2c229d22b100a7beb69122eed721cee9b24011dd,2024-11-18,Extreme Greed,83,-8.138354999999999,15,4,393.86333333333334,7,8,0.26666666666666666,0.875,Greed,Occasional Retail
0x2c229d22b100a7beb69122eed721cee9b24011dd,2024-11-20,Extreme Greed,83,2626.800865,76,48,2627.9109210526312,26,50,0.631578947368421,0.52,Greed,Occasional Retail
0x2c229d22b100a7beb69122eed721cee9b24011dd,2024-11-21,Extreme Greed,82,-0.15074600000000027,22,4,1508.5563636363636,7,15,0.18181818181818182,0.4666666666666667,Greed,Occasional Retail
0x2c229d22b100a7beb69122eed721cee9b24011dd,2024-11-22,Extreme Greed,94,-260.909686,57,3,7077.548245614035,26,31,0.05263157894736842,0.8387096774193549,Greed,Occasional Retail
0x2c229d22b100a7beb69122eed721cee9b24011dd,2024-11-29,Extreme Greed,78,31.04129,10,9,525.317,1,9,0.9,0.1111111111111111,Greed,Occasional Retail
0x2c229d22b100a7beb69122eed721cee9b24011dd,2024-11-30,Extreme Greed,84,59.744873999999996,6,2,6943.03,4,2,0.3333333333333333,2.0,Greed,Occasional Retail
0x2c229d22b100a7beb69122eed721cee9b24011dd,2024-12-02,Extreme Greed,80,16196.864846,53,30,2348.7403773584906,23,30,0.5660377358490566,0.7666666666666667,Greed,Occasional Retail
0x2c229d22b100a7beb69122eed721cee9b24011dd,2024-12-03,Extreme Greed,76,121.535562,59,14,1685.5867796610169,33,26,0.23728813559322035,1.2692307692307692,Greed,Occasional Retail
0x2c229d22b100a7beb69122eed721cee9b24011dd,2024-12-04,Extreme Greed,78,7591.307059,37,25,3426.9959459459456,12,25,0.6756756756756757,0.48,Greed,Occasional Retail
0x2c229d22b100a7beb69122eed721cee9b24011dd,2024-12-05,Extreme Greed,84,2069.92634,33,30,890.1048484848485,3,30,0.9090909090909091,0.1,Greed,Occasional Retail
0x2c229d22b100a7beb69122eed721cee9b24011dd,2024-12-06,Greed,72,-123.870122,9,0,2324.0444444444447,5,4,0.0,1.25,Greed,Occasional Retail
0x2c229d22b100a7beb69122eed721cee9b24011dd,2024-12-10,Extreme Greed,78,130.883691,12,7,1585.4033333333334,5,7,0.5833333333333334,0.7142857142857143,Greed,Occasional Retail
0x2c229d22b100a7beb69122eed721cee9b24011dd,2024-12-11,Greed,74,8544.6855,19,10,6550.684736842106,9,10,0.5263157894736842,0.9,Greed,Occasional Retail
0x2c229d22b100a7beb69122eed721cee9b24011dd,2024-12-12,Extreme Greed,83,7639.595794,62,39,5565.801451612903,23,39,0.6290322580645161,0.5897435897435898,Greed,Occasional Retail
0x2c229d22b100a7beb69122eed721cee9b24011dd,2024-12-13,Extreme Greed,76,1966.9289449999999,63,49,1823.863492063492,14,49,0.7777777777777778,0.2857142857142857,Greed,Occasional Retail
0x2c229d22b100a7beb69122eed721cee9b24011dd,2024-12-17,Extreme Greed,87,214.770101,15,11,1000.812,4,11,0.7333333333333333,0.36363636363636365,Greed,Occasional Retail
0x2c229d22b100a7beb69122eed721cee9b24011dd,2024-12-20,Greed,74,305.55784,11,10,2609.3063636363636,1,10,0.9090909090909091,0.1,Greed,Occasional Retail
0x2c229d22b100a7beb69122eed721cee9b24011dd,2024-12-23,Greed,70,6.476289999999996,29,12,7631.325517241379,6,23,0.41379310344827586,0.2608695652173913,Greed,Occasional Retail
0x2c229d22b100a7beb69122eed721cee9b24011dd,2024-12-24,Greed,73,343.63336100000004,11,6,2630.031818181818,5,6,0.5454545454545454,0.8333333333333334,Greed,Occasional Retail
0x2c229d22b100a7beb69122eed721cee9b24011dd,2024-12-30,Greed,65,0.19908,2,1,34.21,1,1,0.5,1.0,Greed,Occasional Retail
0x2c229d22b100a7beb69122eed721cee9b24011dd,2024-12-31,Greed,64,2243.319777,49,48,4127.501224489796,1,48,0.9795918367346939,0.020833333333333332,Greed,Occasional Retail
0x2c229d22b100a7beb69122eed721cee9b24011dd,2025-01-10,Neutral,50,21980.47249,136,125,2289.4099264705883,11,125,0.9191176470588235,0.088,Neutral,Occasional Retail
0x2c229d22b100a7beb69122eed721cee9b24011dd,2025-01-11,Greed,69,-2.454844,7,0,1785.1328571428571,4,3,0.0,1.3333333333333333,Greed,Occasional Retail
0x2c229d22b100a7beb69122eed721cee9b24011dd,2025-01-15,Greed,70,-18.998214,12,3,1943.5483333333332,3,9,0.25,0.3333333333333333,Greed,Occasional Retail
0x2c229d22b100a7beb69122eed721cee9b24011dd,2025-01-17,Extreme Greed,75,913.985947,57,38,6517.080175438597,19,38,0.6666666666666666,0.5,Greed,Occasional Retail
0x2c229d22b100a7beb69122eed721cee9b24011dd,2025-01-18,Extreme Greed,77,-33.4413,2,0,116.66499999999999,1,1,0.0,1.0,Greed,Occasional Retail
0x2c229d22b100a7beb69122eed721cee9b24011dd,2025-01-19,Extreme Greed,77,11437.823511999999,74,46,7532.947432432432,28,46,0.6216216216216216,0.6086956521739131,Greed,Occasional Retail
0x2c229d22b100a7beb69122eed721cee9b24011dd,2025-01-20,Extreme Greed,76,1535.55008,82,11,8402.275975609757,52,30,0.13414634146341464,1.7333333333333334,Greed,Occasional Retail
0x2c229d22b100a7beb69122eed721cee9b24011dd,2025-01-21,Extreme Greed,76,59.672564,15,6,125.14200000000001,9,6,0.4,1.5,Greed,Occasional Retail
0x2c229d22b100a7beb69122eed721cee9b24011dd,2025-01-22,Extreme Greed,84,12769.669401000001,229,65,1080.5076419213974,129,100,0.2838427947598253,1.29,Greed,Occasional Retail
0x2c229d22b100a7beb69122eed721cee9b24011dd,2025-01-23,Extreme Greed,75,3776.64959,104,60,2468.1846153846154,37,67,0.5769230769230769,0.5522388059701493,Greed,Occasional Retail
0x2c229d22b100a7beb69122eed721cee9b24011dd,2025-01-24,Extreme Greed,75,363.482456,38,19,2124.9794736842105,12,26,0.5,0.46153846153846156,Greed,Occasional Retail
0x2c229d22b100a7beb69122eed721cee9b24011dd,2025-01-25,Extreme Greed,75,2167.17715,53,33,5537.374905660377,20,33,0.6226415094339622,0.6060606060606061,Greed,Occasional Retail
0x2c229d22b100a7beb69122eed721cee9b24011dd,2025-01-30,Greed,70,159.201612,15,6,4589.114666666666,9,6,0.4,1.5,Greed,Occasional Retail
0x2c229d22b100a7beb69122eed721cee9b24011dd,2025-01-31,Extreme Greed,76,14418.18988,132,113,5257.4305303030305,17,115,0.8560606060606061,0.14782608695652175,Greed,Occasional Retail
0x2c229d22b100a7beb69122eed721cee9b24011dd,2025-02-01,Greed,68,88.50699399999999,21,12,5610.000952380952,5,16,0.5714285714285714,0.3125,Greed,Occasional Retail
0x2c229d22b100a7beb69122eed721cee9b24011dd,2025-02-06,Neutral,49,-639.3510530000001,61,35,3750.11868852459,17,44,0.5737704918032787,0.38636363636363635,Neutral,Occasional Retail
0x2c229d22b100a7beb69122eed721cee9b24011dd,2025-02-07,Fear,44,-1145.924392,149,6,2135.150268456376,47,102,0.040268456375838924,0.46078431372549017,Fear,Occasional Retail
0x2c229d22b100a7beb69122eed721cee9b24011dd,2025-02-13,Neutral,50,17378.569333,321,206,3578.9056074766354,115,206,0.6417445482866043,0.558252427184466,Neutral,Occasional Retail
0x2c229d22b100a7beb69122eed721cee9b24011dd,2025-02-15,Neutral,50,590.06989,47,32,1285.8944680851064,15,32,0.6808510638297872,0.46875,Neutral,Occasional Retail
0x2c229d22b100a7beb69122eed721cee9b24011dd,2025-02-20,Neutral,49,3057.28245,149,132,5680.961208053691,8,141,0.8859060402684564,0.05673758865248227,Neutral,Occasional Retail
0x2c229d22b100a7beb69122eed721cee9b24011dd,2025-02-21,Greed,55,8502.805925,60,26,2810.3466666666664,34,26,0.43333333333333335,1.3076923076923077,Greed,Occasional Retail
0x2c229d22b100a7beb69122eed721cee9b24011dd,2025-02-25,Fear,25,169.617628,24,15,1016.4883333333333,6,18,0.625,0.3333333333333333,Fear,Occasional Retail
0x2c229d22b100a7beb69122eed721cee9b24011dd,2025-02-26,Extreme Fear,21,25.30602,10,9,156.53799999999998,1,9,0.9,0.1111111111111111,Fear,Occasional Retail
0x2c229d22b100a7beb69122eed721cee9b24011dd,2025-03-05,Extreme Fear,20,11113.173067,89,58,2537.6704494382025,31,58,0.651685393258427,0.5344827586206896,Fear,Occasional Retail
0x2c229d22b100a7beb69122eed721cee9b24011dd,2025-03-06,Fear,25,279.152034,15,11,1287.3273333333334,4,11,0.7333333333333333,0.36363636363636365,Fear,Occasional Retail
0x2c229d22b100a7beb69122eed721cee9b24011dd,2025-03-07,Fear,34,1.17533,3,1,972.65,2,1,0.3333333333333333,2.0,Fear,Occasional Retail
0x2c229d22b100a7beb69122eed721cee9b24011dd,2025-03-11,Extreme Fear,24,276.7687,13,10,3849.383076923077,3,10,0.7692307692307693,0.3,Fear,Occasional Retail
0x2c229d22b100a7beb69122eed721cee9b24011dd,2025-03-13,Neutral,45,924.898908,25,1,4074.8460000000005,16,9,0.04,1.7777777777777777,Neutral,Occasional Retail
0x2c229d22b100a7beb69122eed721cee9b24011dd,2025-03-21,Fear,31,1215.774424,74,53,1528.0594594594593,21,53,0.7162162162162162,0.39622641509433965,Fear,Occasional Retail
0x2c229d22b100a7beb69122eed721cee9b24011dd,2025-03-23,Fear,30,514.5145660000001,15,9,919.33,6,9,0.6,0.6666666666666666,Fear,Occasional Retail
0x2c229d22b100a7beb69122eed721cee9b24011dd,2025-03-25,Neutral,46,-3323.090682,211,4,2000.0732701421803,139,72,0.018957345971563982,1.9305555555555556,Neutral,Occasional Retail
0x2c229d22b100a7beb69122eed721cee9b24011dd,2025-03-26,Neutral,47,2323.99174,65,49,1894.7783076923076,16,49,0.7538461538461538,0.32653061224489793,Neutral,Occasional Retail
0x2c229d22b100a7beb69122eed721cee9b24011dd,2025-04-01,Fear,34,1334.414834,9,4,1193.0444444444445,5,4,0.4444444444444444,1.25,Fear,Occasional Retail
0x2c229d22b100a7beb69122eed721cee9b24011dd,2025-04-02,Fear,44,1.1031579999999999,6,2,395.24,3,3,0.3333333333333333,1.0,Fear,Occasional Retail
0x2c229d22b100a7beb69122eed721cee9b24011dd,2025-04-03,Fear,25,160.127816,26,19,739.3319230769231,7,19,0.7307692307692307,0.3684210526315789,Fear,Occasional Retail
0x2c229d22b100a7beb69122eed721cee9b24011dd,2025-04-11,Fear,25,1419.922474,45,34,1310.5517777777777,11,34,0.7555555555555555,0.3235294117647059,Fear,Occasional Retail
0x2c229d22b100a7beb69122eed721cee9b24011dd,2025-04-14,Fear,31,18.103863,8,5,133.5325,1,7,0.625,0.14285714285714285,Fear,Occasional Retail
0x2c229d22b100a7beb69122eed721cee9b24011dd,2025-04-18,Fear,33,11.209037,7,6,74.56857142857143,1,6,0.8571428571428571,0.16666666666666666,Fear,Occasional Retail
0x2c229d22b100a7beb69122eed721cee9b24011dd,2025-04-23,Greed,72,29.8368,2,1,1284.69,1,1,0.5,1.0,Greed,Occasional Retail
0x2c229d22b100a7beb69122eed721cee9b24011dd,2025-04-25,Greed,60,0.18414,3,2,47.086666666666666,1,2,0.6666666666666666,0.5,Greed,Occasional Retail
0x3998f134d6aaa2b6a5f723806d00fd2bbbbce891,2023-05-01,Greed,63,0.0,3,0,159.0,3,0,0.0,10.0,Greed,Occasional Retail
0x3998f134d6aaa2b6a5f723806d00fd2bbbbce891,2024-01-11,Extreme Greed,76,0.0,2,0,23066.935,2,0,0.0,10.0,Greed,Occasional Retail
0x3998f134d6aaa2b6a5f723806d00fd2bbbbce891,2024-01-15,Neutral,52,152.85358,9,9,69.98444444444445,0,9,1.0,0.0,Neutral,Occasional Retail
0x3998f134d6aaa2b6a5f723806d00fd2bbbbce891,2024-01-16,Greed,64,-3238.8,6,0,10580.346666666666,4,2,0.0,2.0,Greed,Occasional Retail
0x3998f134d6aaa2b6a5f723806d00fd2bbbbce891,2024-01-28,Neutral,54,-2478.06972,11,0,1646.2754545454545,0,11,0.0,0.0,Neutral,Occasional Retail
0x3998f134d6aaa2b6a5f723806d00fd2bbbbce891,2024-04-16,Greed,65,0.0,1,0,91.08,0,1,0.0,0.0,Greed,Occasional Retail
0x3998f134d6aaa2b6a5f723806d00fd2bbbbce891,2024-05-29,Greed,72,0.0,5,0,6113.468,5,0,0.0,10.0,Greed,Occasional Retail
0x3998f134d6aaa2b6a5f723806d00fd2bbbbce891,2024-07-24,Greed,69,0.0,3,0,0.4266666666666667,0,3,0.0,0.0,Greed,Occasional Retail
0x3998f134d6aaa2b6a5f723806d00fd2bbbbce891,2024-07-26,Greed,68,0.0,1,0,0.81,0,1,0.0,0.0,Greed,Occasional Retail
0x3998f134d6aaa2b6a5f723806d00fd2bbbbce891,2024-08-01,Neutral,52,0.0,1,0,0.74,0,1,0.0,0.0,Neutral,Occasional Retail
0x3998f134d6aaa2b6a5f723806d00fd2bbbbce891,2024-08-03,Fear,37,0.0,1,0,0.65,0,1,0.0,0.0,Fear,Occasional Retail
0x3998f134d6aaa2b6a5f723806d00fd2bbbbce891,2024-08-04,Fear,34,0.0,1,0,0.01,0,1,0.0,0.0,Fear,Occasional Retail
0x3998f134d6aaa2b6a5f723806d00fd2bbbbce891,2024-08-06,Extreme Fear,17,215.754798,27,8,28.555555555555557,1,26,0.2962962962962963,0.038461538461538464,Fear,Occasional Retail
0x3998f134d6aaa2b6a5f723806d00fd2bbbbce891,2024-08-07,Fear,29,0.0,11,0,0.0036363636363636364,0,11,0.0,0.0,Fear,Occasional Retail
0x3998f134d6aaa2b6a5f723806d00fd2bbbbce891,2024-08-17,Fear,25,0.0,29,0,1035.7675862068966,29,0,0.0,10.0,Fear,Occasional Retail
0x3998f134d6aaa2b6a5f723806d00fd2bbbbce891,2024-08-30,Fear,34,0.0,1,0,0.69,0,1,0.0,0.0,Fear,Occasional Retail
0x3998f134d6aaa2b6a5f723806d00fd2bbbbce891,2024-09-05,Fear,29,0.0,1,0,0.84,0,1,0.0,0.0,Fear,Occasional Retail
0x3998f134d6aaa2b6a5f723806d00fd2bbbbce891,2024-11-18,Extreme Greed,83,48.185146,6,2,116.12333333333333,1,5,0.3333333333333333,0.2,Greed,Occasional Retail
0x3998f134d6aaa2b6a5f723806d00fd2bbbbce891,2024-11-19,Extreme Greed,90,0.0,1,0,0.01,0,1,0.0,0.0,Greed,Occasional Retail
0x3998f134d6aaa2b6a5f723806d00fd2bbbbce891,2024-11-29,Extreme Greed,78,17511.326788,56,36,1817.6805357142857,17,39,0.6428571428571429,0.4358974358974359,Greed,Occasional Retail
0x3998f134d6aaa2b6a5f723806d00fd2bbbbce891,2024-11-30,Extreme Greed,84,19050.661786,39,27,2556.5420512820515,7,32,0.6923076923076923,0.21875,Greed,Occasional Retail
0x3998f134d6aaa2b6a5f723806d00fd2bbbbce891,2024-12-01,Extreme Greed,81,13.566929,3,2,11.366666666666667,1,2,0.6666666666666666,0.5,Greed,Occasional Retail
0x3998f134d6aaa2b6a5f723806d00fd2bbbbce891,2024-12-02,Extreme Greed,80,0.0,1,0,0.0,0,1,0.0,0.0,Greed,Occasional Retail
0x3998f134d6aaa2b6a5f723806d00fd2bbbbce891,2024-12-14,Extreme Greed,83,0.0,36,0,5555.551944444444,36,0,0.0,10.0,Greed,Occasional Retail
0x3998f134d6aaa2b6a5f723806d00fd2bbbbce891,2024-12-15,Extreme Greed,80,346.827642,6,5,117.02833333333335,1,5,0.8333333333333334,0.2,Greed,Occasional Retail
0x3998f134d6aaa2b6a5f723806d00fd2bbbbce891,2024-12-16,Extreme Greed,83,0.0,4,0,0.0,0,4,0.0,0.0,Greed,Occasional Retail
0x3998f134d6aaa2b6a5f723806d00fd2bbbbce891,2024-12-20,Greed,74,22.80272,3,1,15.183333333333332,1,2,0.3333333333333333,0.5,Greed,Occasional Retail
0x3998f134d6aaa2b6a5f723806d00fd2bbbbce891,2025-01-20,Extreme Greed,76,0.0,2,0,183.07999999999998,2,0,0.0,10.0,Greed,Occasional Retail
0x3998f134d6aaa2b6a5f723806d00fd2bbbbce891,2025-01-23,Extreme Greed,75,-5978.38652,3,2,6.186666666666667,0,3,0.6666666666666666,0.0,Greed,Occasional Retail
0x3998f134d6aaa2b6a5f723806d00fd2bbbbce891,2025-01-24,Extreme Greed,75,0.0,2,0,0.005,0,2,0.0,0.0,Greed,Occasional Retail
0x3998f134d6aaa2b6a5f723806d00fd2bbbbce891,2025-02-14,Neutral,48,19.530304,2,2,25.39,0,2,1.0,0.0,Neutral,Occasional Retail
0x3998f134d6aaa2b6a5f723806d00fd2bbbbce891,2025-02-21,Greed,55,-350.632694,7,0,184.87857142857143,2,5,0.0,0.4,Greed,Occasional Retail
0x3998f134d6aaa2b6a5f723806d00fd2bbbbce891,2025-03-06,Fear,25,600.008922,37,26,1400.675945945946,0,37,0.7027027027027027,0.0,Fear,Occasional Retail
0x3998f134d6aaa2b6a5f723806d00fd2bbbbce891,2025-03-10,Extreme Fear,20,-8224.491085,26,0,1653.866153846154,0,26,0.0,0.0,Fear,Occasional Retail
0x3998f134d6aaa2b6a5f723806d00fd2bbbbce891,2025-03-11,Extreme Fear,24,-58444.949486,119,0,1948.151092436975,0,119,0.0,0.0,Fear,Occasional Retail
0x3998f134d6aaa2b6a5f723806d00fd2bbbbce891,2025-04-06,Fear,34,0.0,19,0,2105.072105263158,0,19,0.0,0.0,Fear,Occasional Retail
0x3998f134d6aaa2b6a5f723806d00fd2bbbbce891,2025-04-07,Extreme Fear,23,9485.86,61,21,1811.634426229508,21,40,0.3442622950819672,0.525,Fear,Occasional Retail
0x3998f134d6aaa2b6a5f723806d00fd2bbbbce891,2025-04-09,Extreme Fear,18,0.0,30,0,1333.3193333333334,0,30,0.0,0.0,Fear,Occasional Retail
0x3998f134d6aaa2b6a5f723806d00fd2bbbbce891,2025-04-12,Fear,43,2466.604719,32,32,1105.835625,32,0,1.0,10.0,Fear,Occasional Retail
0x3998f134d6aaa2b6a5f723806d00fd2bbbbce891,2025-04-13,Neutral,45,1076.778732,9,9,2341.0022222222224,9,0,1.0,10.0,Neutral,Occasional Retail
0x3998f134d6aaa2b6a5f723806d00fd2bbbbce891,2025-04-21,Fear,39,-3533.6725370000004,124,116,1459.0874193548386,8,116,0.9354838709677419,0.06896551724137931,Fear,Occasional Retail
0x3998f134d6aaa2b6a5f723806d00fd2bbbbce891,2025-04-22,Neutral,47,0.0,1,0,0.01,0,1,0.0,0.0,Neutral,Occasional Retail
0x3998f134d6aaa2b6a5f723806d00fd2bbbbce891,2025-04-25,Greed,60,34.63999,73,73,826.7301369863014,0,73,1.0,0.0,Greed,Occasional Retail
0x39cef799f8b69da1995852eea189df24eb5cae3c,2024-11-12,Extreme Greed,80,0.0,2,0,5195.3,2,0,0.0,10.0,Greed,Whale
0x39cef799f8b69da1995852eea189df24eb5cae3c,2024-11-20,Extreme Greed,83,-808.158708,2,0,10882.16,1,1,0.0,1.0,Greed,Whale
0x39cef799f8b69da1995852eea189df24eb5cae3c,2024-12-01,Extreme Greed,81,0.0,1,0,199.81,0,1,0.0,0.0,Greed,Whale
0x39cef799f8b69da1995852eea189df24eb5cae3c,2024-12-03,Extreme Greed,76,0.0,1,0,209.94,0,1,0.0,0.0,Greed,Whale
0x39cef799f8b69da1995852eea189df24eb5cae3c,2024-12-05,Extreme Greed,84,0.0,6,0,10238.081666666667,6,0,0.0,10.0,Greed,Whale
0x39cef799f8b69da1995852eea189df24eb5cae3c,2024-12-06,Greed,72,0.0,20,0,1657.5529999999999,5,15,0.0,0.3333333333333333,Greed,Whale
0x39cef799f8b69da1995852eea189df24eb5cae3c,2024-12-09,Extreme Greed,78,483.662076,8,8,603.1,8,0,1.0,10.0,Greed,Whale
0x39cef799f8b69da1995852eea189df24eb5cae3c,2024-12-10,Extreme Greed,78,0.0,3,0,22522.036666666667,3,0,0.0,10.0,Greed,Whale
0x39cef799f8b69da1995852eea189df24eb5cae3c,2024-12-11,Greed,74,3721.345649,4,4,40012.55,0,4,1.0,0.0,Greed,Whale
0x39cef799f8b69da1995852eea189df24eb5cae3c,2024-12-13,Extreme Greed,76,1116.8006,26,13,2954.652692307692,13,13,0.5,1.0,Greed,Whale
0x39cef799f8b69da1995852eea189df24eb5cae3c,2024-12-14,Extreme Greed,83,1898.178342,1,1,6591.46,0,1,1.0,0.0,Greed,Whale
0x39cef799f8b69da1995852eea189df24eb5cae3c,2024-12-15,Extreme Greed,80,6623.483154,28,23,1993.9885714285715,5,23,0.8214285714285714,0.21739130434782608,Greed,Whale
0x39cef799f8b69da1995852eea189df24eb5cae3c,2024-12-16,Extreme Greed,83,6942.186825,14,9,5866.705,5,9,0.6428571428571429,0.5555555555555556,Greed,Whale
0x39cef799f8b69da1995852eea189df24eb5cae3c,2024-12-18,Extreme Greed,81,136.054186,12,3,679.3075,9,3,0.25,3.0,Greed,Whale
0x39cef799f8b69da1995852eea189df24eb5cae3c,2024-12-20,Greed,74,1676.3027260000001,4,3,2837.6875,2,2,0.75,1.0,Greed,Whale
0x39cef799f8b69da1995852eea189df24eb5cae3c,2024-12-24,Greed,73,14849.788861,19,16,17744.187894736842,3,16,0.8421052631578947,0.1875,Greed,Whale
0x39cef799f8b69da1995852eea189df24eb5cae3c,2025-01-01,Greed,66,-9655.676981,12,5,15270.597499999998,6,6,0.4166666666666667,1.0,Greed,Whale
0x39cef799f8b69da1995852eea189df24eb5cae3c,2025-01-03,Greed,74,0.0,1,0,6217.48,1,0,0.0,10.0,Greed,Whale
0x39cef799f8b69da1995852eea189df24eb5cae3c,2025-01-14,Greed,63,0.0,3,0,800.29,0,3,0.0,0.0,Greed,Whale
0x39cef799f8b69da1995852eea189df24eb5cae3c,2025-01-19,Extreme Greed,77,-1584.55781,3,0,15271.743333333334,0,3,0.0,0.0,Greed,Whale
0x39cef799f8b69da1995852eea189df24eb5cae3c,2025-01-20,Extreme Greed,76,-401.2638,4,0,14949.164999999999,1,3,0.0,0.3333333333333333,Greed,Whale
0x39cef799f8b69da1995852eea189df24eb5cae3c,2025-01-23,Extreme Greed,75,0.0,4,0,11250.0,4,0,0.0,10.0,Greed,Whale
0x39cef799f8b69da1995852eea189df24eb5cae3c,2025-02-23,Neutral,50,2.9205,6,1,2401.1383333333333,5,1,0.16666666666666666,5.0,Neutral,Whale
0x39cef799f8b69da1995852eea189df24eb5cae3c,2025-03-04,Extreme Fear,15,863.956464,63,30,3213.5458730158734,33,30,0.47619047619047616,1.1,Fear,Whale
0x39cef799f8b69da1995852eea189df24eb5cae3c,2025-03-05,Extreme Fear,20,8187.59426,43,24,3514.7537209302327,19,24,0.5581395348837209,0.7916666666666666,Fear,Whale
0x39cef799f8b69da1995852eea189df24eb5cae3c,2025-03-10,Extreme Fear,20,-37230.786609,2,0,48134.545,0,2,0.0,0.0,Fear,Whale
0x39cef799f8b69da1995852eea189df24eb5cae3c,2025-03-12,Fear,34,0.0,39,0,2549.7482051282054,0,39,0.0,0.0,Fear,Whale
0x39cef799f8b69da1995852eea189df24eb5cae3c,2025-03-17,Fear,32,17926.355742,205,107,1908.0640975609756,107,98,0.5219512195121951,1.0918367346938775,Fear,Whale
0x39cef799f8b69da1995852eea189df24eb5cae3c,2025-03-18,Fear,34,238.31419899999997,283,51,2061.155088339223,51,232,0.18021201413427562,0.21982758620689655,Fear,Whale
0x39cef799f8b69da1995852eea189df24eb5cae3c,2025-03-19,Fear,32,909.907336,119,2,2421.7106722689077,2,117,0.01680672268907563,0.017094017094017096,Fear,Whale
0x39cef799f8b69da1995852eea189df24eb5cae3c,2025-03-20,Neutral,49,0.0,82,0,607.7802439024391,0,82,0.0,0.0,Neutral,Whale
0x39cef799f8b69da1995852eea189df24eb5cae3c,2025-03-21,Fear,31,0.0,3,0,10058.62,3,0,0.0,10.0,Fear,Whale
0x39cef799f8b69da1995852eea189df24eb5cae3c,2025-03-23,Fear,30,4988.749429,93,52,4121.473548387096,52,41,0.5591397849462365,1.2682926829268293,Fear,Whale
0x39cef799f8b69da1995852eea189df24eb5cae3c,2025-03-24,Neutral,45,3896.627832,20,20,1703.6174999999998,0,20,1.0,0.0,Neutral,Whale
0x39cef799f8b69da1995852eea189df24eb5cae3c,2025-03-25,Neutral,46,0.0,1,0,100176.1,0,1,0.0,0.0,Neutral,Whale
0x39cef799f8b69da1995852eea189df24eb5cae3c,2025-03-26,Neutral,47,3782.33025,28,28,2294.2153571428576,28,0,1.0,10.0,Neutral,Whale
0x39cef799f8b69da1995852eea189df24eb5cae3c,2025-03-27,Fear,40,6504.316844999999,178,30,1543.4331460674157,30,148,0.16853932584269662,0.20270270270270271,Fear,Whale
0x39cef799f8b69da1995852eea189df24eb5cae3c,2025-04-03,Fear,25,0.0,142,0,4742.898943661972,0,142,0.0,0.0,Fear,Whale
0x39cef799f8b69da1995852eea189df24eb5cae3c,2025-04-04,Fear,28,266.39774,34,34,19800.740588235294,34,0,1.0,10.0,Fear,Whale
0x39cef799f8b69da1995852eea189df24eb5cae3c,2025-04-06,Fear,34,24553.541149999997,68,21,2824.8166176470586,21,47,0.3088235294117647,0.44680851063829785,Fear,Whale
0x39cef799f8b69da1995852eea189df24eb5cae3c,2025-04-07,Extreme Fear,23,25941.716413,929,294,3895.6048546824545,478,451,0.31646932185145316,1.0598669623059866,Fear,Whale
0x39cef799f8b69da1995852eea189df24eb5cae3c,2025-04-08,Extreme Fear,24,3366.444714,14,14,10183.131428571429,14,0,1.0,10.0,Fear,Whale
0x39cef799f8b69da1995852eea189df24eb5cae3c,2025-04-09,Extreme Fear,18,-77308.420095,617,142,4099.378930307941,505,112,0.23014586709886548,4.508928571428571,Fear,Whale
0x39cef799f8b69da1995852eea189df24eb5cae3c,2025-04-10,Fear,39,-831.2396219999999,306,176,5795.6883333333335,121,185,0.5751633986928104,0.654054054054054,Fear,Whale
0x39cef799f8b69da1995852eea189df24eb5cae3c,2025-04-13,Neutral,45,3271.3693780000003,135,64,20019.11111111111,71,64,0.4740740740740741,1.109375,Neutral,Whale
0x39cef799f8b69da1995852eea189df24eb5cae3c,2025-04-14,Fear,31,128.67829,1,1,844654.19,0,1,1.0,0.0,Fear,Whale
0x3f9a0aadc7f04a7c9d75dc1b5a6ddd6e36486cf6,2024-10-03,Fear,37,100.375782,5,3,2585.338,2,3,0.6,0.6666666666666666,Fear,Occasional Retail
0x3f9a0aadc7f04a7c9d75dc1b5a6ddd6e36486cf6,2024-11-03,Greed,74,0.0,2,0,9530.66,2,0,0.0,10.0,Greed,Occasional Retail
0x3f9a0aadc7f04a7c9d75dc1b5a6ddd6e36486cf6,2024-11-04,Greed,70,540.05911,10,10,1960.1330000000003,0,10,1.0,0.0,Greed,Occasional Retail
0x3f9a0aadc7f04a7c9d75dc1b5a6ddd6e36486cf6,2024-11-07,Extreme Greed,77,503.46257599999996,16,11,1929.28125,5,11,0.6875,0.45454545454545453,Greed,Occasional Retail
0x3f9a0aadc7f04a7c9d75dc1b5a6ddd6e36486cf6,2024-11-10,Extreme Greed,78,0.0,1,0,9836.88,1,0,0.0,10.0,Greed,Occasional Retail
0x3f9a0aadc7f04a7c9d75dc1b5a6ddd6e36486cf6,2024-11-11,Extreme Greed,76,393.07947,4,4,2557.49,0,4,1.0,0.0,Greed,Occasional Retail
0x3f9a0aadc7f04a7c9d75dc1b5a6ddd6e36486cf6,2024-11-12,Extreme Greed,80,0.0,4,0,1319.1399999999999,4,0,0.0,10.0,Greed,Occasional Retail
0x3f9a0aadc7f04a7c9d75dc1b5a6ddd6e36486cf6,2024-11-13,Extreme Greed,84,135.09947,8,7,1860.1075,1,7,0.875,0.14285714285714285,Greed,Occasional Retail
0x3f9a0aadc7f04a7c9d75dc1b5a6ddd6e36486cf6,2024-11-15,Extreme Greed,80,0.0,35,0,930.75,35,0,0.0,10.0,Greed,Occasional Retail
0x3f9a0aadc7f04a7c9d75dc1b5a6ddd6e36486cf6,2024-11-19,Extreme Greed,90,245.44495999999998,5,5,6564.348,0,5,1.0,0.0,Greed,Occasional Retail
0x3f9a0aadc7f04a7c9d75dc1b5a6ddd6e36486cf6,2024-11-22,Extreme Greed,94,1050.894,22,7,2990.737727272727,15,7,0.3181818181818182,2.142857142857143,Greed,Occasional Retail
0x3f9a0aadc7f04a7c9d75dc1b5a6ddd6e36486cf6,2024-11-23,Extreme Greed,93,788.45072,7,7,3091.247142857143,0,7,1.0,0.0,Greed,Occasional Retail
0x3f9a0aadc7f04a7c9d75dc1b5a6ddd6e36486cf6,2024-11-26,Extreme Greed,79,0.0,36,0,1012.4008333333334,36,0,0.0,10.0,Greed,Occasional Retail
0x3f9a0aadc7f04a7c9d75dc1b5a6ddd6e36486cf6,2024-11-28,Extreme Greed,77,3855.7522,25,25,1612.0868,0,25,1.0,0.0,Greed,Occasional Retail
0x3f9a0aadc7f04a7c9d75dc1b5a6ddd6e36486cf6,2024-11-29,Extreme Greed,78,0.0,10,0,13325.11,10,0,0.0,10.0,Greed,Occasional Retail
0x3f9a0aadc7f04a7c9d75dc1b5a6ddd6e36486cf6,2024-12-02,Extreme Greed,80,0.0,1,0,46692.72,1,0,0.0,10.0,Greed,Occasional Retail
0x3f9a0aadc7f04a7c9d75dc1b5a6ddd6e36486cf6,2024-12-26,Extreme Greed,79,29897.971695000004,32,10,2297.953125,22,10,0.3125,2.2,Greed,Occasional Retail
0x3f9a0aadc7f04a7c9d75dc1b5a6ddd6e36486cf6,2024-12-28,Greed,72,0.0,10,0,6154.678,10,0,0.0,10.0,Greed,Occasional Retail
0x3f9a0aadc7f04a7c9d75dc1b5a6ddd6e36486cf6,2025-01-12,Greed,62,3699.757273,3,3,7958.366666666666,0,3,1.0,0.0,Greed,Occasional Retail
0x3f9a0aadc7f04a7c9d75dc1b5a6ddd6e36486cf6,2025-01-13,Greed,61,0.0,1,0,0.22,0,1,0.0,0.0,Greed,Occasional Retail
0x3f9a0aadc7f04a7c9d75dc1b5a6ddd6e36486cf6,2025-02-14,Neutral,48,8019.163096,1,1,63734.69,0,1,1.0,0.0,Neutral,Occasional Retail
0x3f9a0aadc7f04a7c9d75dc1b5a6ddd6e36486cf6,2025-04-04,Fear,28,0.0,1,0,63727.4,1,0,0.0,10.0,Fear,Occasional Retail
0x3f9a0aadc7f04a7c9d75dc1b5a6ddd6e36486cf6,2025-04-05,Fear,30,562.1943200000001,19,19,3383.65,0,19,1.0,0.0,Fear,Occasional Retail
0x3f9a0aadc7f04a7c9d75dc1b5a6ddd6e36486cf6,2025-04-06,Fear,34,0.0,21,0,3060.3452380952376,20,1,0.0,20.0,Fear,Occasional Retail
0x3f9a0aadc7f04a7c9d75dc1b5a6ddd6e36486cf6,2025-04-09,Extreme Fear,18,110.553364,19,19,3388.287368421053,0,19,1.0,0.0,Fear,Occasional Retail
0x3f9a0aadc7f04a7c9d75dc1b5a6ddd6e36486cf6,2025-04-10,Fear,39,0.0,6,0,10728.526666666667,5,1,0.0,5.0,Fear,Occasional Retail
0x3f9a0aadc7f04a7c9d75dc1b5a6ddd6e36486cf6,2025-04-12,Fear,43,3593.989207,27,27,2517.1996296296297,0,27,1.0,0.0,Fear,Occasional Retail
0x3f9a0aadc7f04a7c9d75dc1b5a6ddd6e36486cf6,2025-04-13,Neutral,45,0.0,1,0,0.69,0,1,0.0,0.0,Neutral,Occasional Retail
0x420ab45e0bd8863569a5efbb9c05d91f40624641,2024-12-06,Greed,72,0.0,45,0,10673.925777777777,0,45,0.0,0.0,Greed,Occasional Retail
0x420ab45e0bd8863569a5efbb9c05d91f40624641,2024-12-12,Extreme Greed,83,1762.46,10,10,6750.81,10,0,1.0,10.0,Greed,Occasional Retail
0x420ab45e0bd8863569a5efbb9c05d91f40624641,2024-12-17,Extreme Greed,87,27.63736,20,11,3976.0629999999996,2,18,0.55,0.1111111111111111,Greed,Occasional Retail
0x420ab45e0bd8863569a5efbb9c05d91f40624641,2024-12-18,Extreme Greed,81,0.0,44,0,3081.5213636363637,0,44,0.0,0.0,Greed,Occasional Retail
0x420ab45e0bd8863569a5efbb9c05d91f40624641,2024-12-19,Extreme Greed,75,2229.5212300000003,4,4,4987.015,4,0,1.0,10.0,Greed,Occasional Retail
0x420ab45e0bd8863569a5efbb9c05d91f40624641,2024-12-23,Greed,70,12082.95,2,2,13593.75,2,0,1.0,10.0,Greed,Occasional Retail
0x420ab45e0bd8863569a5efbb9c05d91f40624641,2024-12-24,Greed,73,0.0,7,0,4312.501428571429,0,7,0.0,0.0,Greed,Occasional Retail
0x420ab45e0bd8863569a5efbb9c05d91f40624641,2025-01-08,Greed,70,0.0,12,0,2966.789166666667,0,12,0.0,0.0,Greed,Occasional Retail
0x420ab45e0bd8863569a5efbb9c05d91f40624641,2025-01-15,Greed,70,0.0,2,0,48455.0,0,2,0.0,0.0,Greed,Occasional Retail
0x420ab45e0bd8863569a5efbb9c05d91f40624641,2025-01-16,Extreme Greed,75,0.0,30,0,1508.392,0,30,0.0,0.0,Greed,Occasional Retail
0x420ab45e0bd8863569a5efbb9c05d91f40624641,2025-02-08,Fear,44,0.0,5,0,10322.714,0,5,0.0,0.0,Fear,Occasional Retail
0x420ab45e0bd8863569a5efbb9c05d91f40624641,2025-02-14,Neutral,48,0.0,12,0,2078.9283333333333,0,12,0.0,0.0,Neutral,Occasional Retail
0x420ab45e0bd8863569a5efbb9c05d91f40624641,2025-03-08,Fear,28,11894.061848,11,11,5318.463636363636,11,0,1.0,10.0,Fear,Occasional Retail
0x420ab45e0bd8863569a5efbb9c05d91f40624641,2025-03-11,Extreme Fear,24,9461.082288,61,3,2446.7424590163937,3,58,0.04918032786885246,0.05172413793103448,Fear,Occasional Retail
0x420ab45e0bd8863569a5efbb9c05d91f40624641,2025-03-14,Fear,27,16017.255710000001,8,8,1201.78,8,0,1.0,10.0,Fear,Occasional Retail
0x420ab45e0bd8863569a5efbb9c05d91f40624641,2025-03-15,Neutral,46,74293.663505,25,25,3134.3723999999997,25,0,1.0,10.0,Neutral,Occasional Retail
0x420ab45e0bd8863569a5efbb9c05d91f40624641,2025-03-18,Fear,34,63015.976505,5,5,22996.97,4,1,1.0,4.0,Fear,Occasional Retail
0x420ab45e0bd8863569a5efbb9c05d91f40624641,2025-03-19,Fear,32,0.0,58,0,5839.154827586207,21,37,0.0,0.5675675675675675,Fear,Occasional Retail
0x420ab45e0bd8863569a5efbb9c05d91f40624641,2025-03-25,Neutral,46,0.0,11,0,9047.907272727272,0,11,0.0,0.0,Neutral,Occasional Retail
0x420ab45e0bd8863569a5efbb9c05d91f40624641,2025-04-10,Fear,39,8720.984286,11,11,4002.4445454545453,11,0,1.0,10.0,Fear,Occasional Retail
0x430f09841d65beb3f27765503d0f850b8bce7713,2024-04-20,Greed,66,0.0,20,0,2436.6825,20,0,0.0,10.0,Greed,Occasional Retail
0x430f09841d65beb3f27765503d0f850b8bce7713,2024-04-25,Greed,72,0.0,68,0,753.8510294117647,68,0,0.0,10.0,Greed,Occasional Retail
0x430f09841d65beb3f27765503d0f850b8bce7713,2024-06-19,Greed,64,0.0,3,0,7722.796666666666,3,0,0.0,10.0,Greed,Occasional Retail
0x430f09841d65beb3f27765503d0f850b8bce7713,2024-06-20,Greed,60,57478.456026,8,8,21188.46875,0,8,1.0,0.0,Greed,Occasional Retail
0x430f09841d65beb3f27765503d0f850b8bce7713,2024-07-23,Greed,71,88084.992348,229,229,1072.2595633187773,0,229,1.0,0.0,Greed,Occasional Retail
0x430f09841d65beb3f27765503d0f850b8bce7713,2024-07-24,Greed,69,0.0,2,0,0.335,0,2,0.0,0.0,Greed,Occasional Retail
0x430f09841d65beb3f27765503d0f850b8bce7713,2024-07-25,Greed,68,0.0,1,0,0.94,0,1,0.0,0.0,Greed,Occasional Retail
0x430f09841d65beb3f27765503d0f850b8bce7713,2024-08-09,Neutral,48,0.0,1,0,0.12,0,1,0.0,0.0,Neutral,Occasional Retail
0x430f09841d65beb3f27765503d0f850b8bce7713,2024-08-10,Fear,40,0.0,1,0,0.68,0,1,0.0,0.0,Fear,Occasional Retail
0x430f09841d65beb3f27765503d0f850b8bce7713,2024-08-12,Fear,25,0.0,1,0,0.61,0,1,0.0,0.0,Fear,Occasional Retail
0x430f09841d65beb3f27765503d0f850b8bce7713,2024-08-13,Fear,31,0.0,1,0,0.67,0,1,0.0,0.0,Fear,Occasional Retail
0x430f09841d65beb3f27765503d0f850b8bce7713,2024-08-14,Fear,30,0.0,1,0,0.53,0,1,0.0,0.0,Fear,Occasional Retail
0x430f09841d65beb3f27765503d0f850b8bce7713,2024-08-30,Fear,34,0.0,1,0,0.62,0,1,0.0,0.0,Fear,Occasional Retail
0x430f09841d65beb3f27765503d0f850b8bce7713,2024-08-31,Fear,29,0.0,1,0,0.96,0,1,0.0,0.0,Fear,Occasional Retail
0x430f09841d65beb3f27765503d0f850b8bce7713,2024-09-11,Fear,37,0.0,1,0,0.54,0,1,0.0,0.0,Fear,Occasional Retail
0x430f09841d65beb3f27765503d0f850b8bce7713,2024-09-14,Neutral,50,0.0,1,0,0.65,0,1,0.0,0.0,Neutral,Occasional Retail
0x430f09841d65beb3f27765503d0f850b8bce7713,2024-09-21,Neutral,54,36165.56933,23,23,7202.092173913044,0,23,1.0,0.0,Neutral,Occasional Retail
0x430f09841d65beb3f27765503d0f850b8bce7713,2024-10-05,Neutral,49,0.0,1,0,0.61,0,1,0.0,0.0,Neutral,Occasional Retail
0x430f09841d65beb3f27765503d0f850b8bce7713,2024-10-11,Fear,32,0.0,1,0,0.73,0,1,0.0,0.0,Fear,Occasional Retail
0x430f09841d65beb3f27765503d0f850b8bce7713,2024-11-29,Extreme Greed,78,124284.948775,15,15,8285.689333333334,0,15,1.0,0.0,Greed,Occasional Retail
0x430f09841d65beb3f27765503d0f850b8bce7713,2025-02-07,Fear,44,5615.052102,93,24,4485.160645161291,69,24,0.25806451612903225,2.875,Fear,Occasional Retail
0x430f09841d65beb3f27765503d0f850b8bce7713,2025-02-12,Neutral,46,22795.8104,108,45,4261.555092592593,63,45,0.4166666666666667,1.4,Neutral,Occasional Retail
0x430f09841d65beb3f27765503d0f850b8bce7713,2025-02-21,Greed,55,82117.04336,255,255,1500.5277647058824,0,255,1.0,0.0,Greed,Occasional Retail
0x430f09841d65beb3f27765503d0f850b8bce7713,2025-04-09,Extreme Fear,18,0.0,79,0,5570.2651898734175,79,0,0.0,10.0,Fear,Occasional Retail
0x430f09841d65beb3f27765503d0f850b8bce7713,2025-04-16,Fear,29,0.0,78,0,1231.3267948717948,0,78,0.0,0.0,Fear,Occasional Retail
0x430f09841d65beb3f27765503d0f850b8bce7713,2025-04-18,Fear,33,0.0,58,0,1514.5613793103448,0,58,0.0,0.0,Fear,Occasional Retail
0x430f09841d65beb3f27765503d0f850b8bce7713,2025-04-26,Greed,65,0.0,132,0,838.0906060606061,0,132,0.0,0.0,Greed,Occasional Retail
0x430f09841d65beb3f27765503d0f850b8bce7713,2025-04-29,Greed,60,0.0,54,0,2655.1648148148147,0,54,0.0,0.0,Greed,Occasional Retail
0x47add9a56df66b524d5e2c1993a43cde53b6ed85,2024-11-30,Extreme Greed,84,8.570313,8,1,249.58375,7,1,0.125,7.0,Greed,Occasional Retail
0x47add9a56df66b524d5e2c1993a43cde53b6ed85,2024-12-01,Extreme Greed,81,197.422418,4,2,358.71500000000003,2,2,0.5,1.0,Greed,Occasional Retail
0x47add9a56df66b524d5e2c1993a43cde53b6ed85,2024-12-03,Extreme Greed,76,30.727222,42,1,330.0188095238095,26,16,0.023809523809523808,1.625,Greed,Occasional Retail
0x47add9a56df66b524d5e2c1993a43cde53b6ed85,2024-12-04,Extreme Greed,78,910.584797,102,14,795.8152941176471,39,63,0.13725490196078433,0.6190476190476191,Greed,Occasional Retail
0x47add9a56df66b524d5e2c1993a43cde53b6ed85,2024-12-05,Extreme Greed,84,3174.023699,290,106,587.6594137931035,145,145,0.36551724137931035,1.0,Greed,Occasional Retail
0x47add9a56df66b524d5e2c1993a43cde53b6ed85,2024-12-06,Greed,72,514.886454,108,32,1009.2267592592593,61,47,0.2962962962962963,1.297872340425532,Greed,Occasional Retail
0x47add9a56df66b524d5e2c1993a43cde53b6ed85,2024-12-07,Extreme Greed,75,1040.616939,180,63,580.1653888888889,83,97,0.35,0.8556701030927835,Greed,Occasional Retail
0x47add9a56df66b524d5e2c1993a43cde53b6ed85,2024-12-08,Extreme Greed,79,227.072158,69,25,423.3769565217391,33,36,0.36231884057971014,0.9166666666666666,Greed,Occasional Retail
0x47add9a56df66b524d5e2c1993a43cde53b6ed85,2024-12-09,Extreme Greed,78,311.290605,55,19,399.53854545454544,32,23,0.34545454545454546,1.391304347826087,Greed,Occasional Retail
0x47add9a56df66b524d5e2c1993a43cde53b6ed85,2024-12-10,Extreme Greed,78,1474.670598,182,67,512.06510989011,109,73,0.36813186813186816,1.4931506849315068,Greed,Occasional Retail
0x47add9a56df66b524d5e2c1993a43cde53b6ed85,2024-12-11,Greed,74,1157.689489,325,109,307.6034769230769,117,208,0.3353846153846154,0.5625,Greed,Occasional Retail
0x47add9a56df66b524d5e2c1993a43cde53b6ed85,2024-12-12,Extreme Greed,83,574.398074,159,46,458.38842767295597,75,84,0.2893081761006289,0.8928571428571429,Greed,Occasional Retail
0x47add9a56df66b524d5e2c1993a43cde53b6ed85,2024-12-13,Extreme Greed,76,587.630504,148,52,573.9341216216217,78,70,0.35135135135135137,1.1142857142857143,Greed,Occasional Retail
0x47add9a56df66b524d5e2c1993a43cde53b6ed85,2024-12-14,Extreme Greed,83,1178.021061,62,28,488.356935483871,36,26,0.45161290322580644,1.3846153846153846,Greed,Occasional Retail
0x47add9a56df66b524d5e2c1993a43cde53b6ed85,2024-12-15,Extreme Greed,80,10303.889423,181,73,622.4760773480663,94,87,0.40331491712707185,1.0804597701149425,Greed,Occasional Retail
0x47add9a56df66b524d5e2c1993a43cde53b6ed85,2024-12-16,Extreme Greed,83,333.398209,92,27,574.7419565217391,36,56,0.29347826086956524,0.6428571428571429,Greed,Occasional Retail
0x47add9a56df66b524d5e2c1993a43cde53b6ed85,2024-12-17,Extreme Greed,87,21172.081622,396,116,327.79242424242426,149,247,0.29292929292929293,0.6032388663967612,Greed,Occasional Retail
0x47add9a56df66b524d5e2c1993a43cde53b6ed85,2024-12-18,Extreme Greed,81,3311.822419,226,47,380.76508849557524,117,109,0.2079646017699115,1.073394495412844,Greed,Occasional Retail
0x47add9a56df66b524d5e2c1993a43cde53b6ed85,2024-12-19,Extreme Greed,75,3491.018544,135,63,427.7865185185185,74,61,0.4666666666666667,1.2131147540983607,Greed,Occasional Retail
0x47add9a56df66b524d5e2c1993a43cde53b6ed85,2024-12-20,Greed,74,6049.6938279999995,128,54,718.267421875,70,58,0.421875,1.206896551724138,Greed,Occasional Retail
0x47add9a56df66b524d5e2c1993a43cde53b6ed85,2024-12-21,Greed,73,7454.276452,229,86,475.0544978165939,66,163,0.37554585152838427,0.4049079754601227,Greed,Occasional Retail
0x47add9a56df66b524d5e2c1993a43cde53b6ed85,2024-12-22,Greed,73,1063.854341,102,30,441.9328431372549,52,50,0.29411764705882354,1.04,Greed,Occasional Retail
0x47add9a56df66b524d5e2c1993a43cde53b6ed85,2024-12-23,Greed,70,4704.4420789999995,486,193,478.66473251028805,236,250,0.39711934156378603,0.944,Greed,Occasional Retail
0x47add9a56df66b524d5e2c1993a43cde53b6ed85,2024-12-24,Greed,73,1506.989241,121,51,393.04826446280987,56,65,0.4214876033057851,0.8615384615384616,Greed,Occasional Retail
0x47add9a56df66b524d5e2c1993a43cde53b6ed85,2024-12-25,Greed,73,271.246809,99,30,434.2566666666667,41,58,0.30303030303030304,0.7068965517241379,Greed,Occasional Retail
0x47add9a56df66b524d5e2c1993a43cde53b6ed85,2024-12-26,Extreme Greed,79,9136.439892,160,56,875.6657499999999,46,114,0.35,0.40350877192982454,Greed,Occasional Retail
0x47add9a56df66b524d5e2c1993a43cde53b6ed85,2024-12-27,Greed,74,1473.2450880000001,115,70,439.5926086956522,70,45,0.6086956521739131,1.5555555555555556,Greed,Occasional Retail
0x47add9a56df66b524d5e2c1993a43cde53b6ed85,2024-12-28,Greed,72,74.156745,43,10,286.27116279069764,10,33,0.23255813953488372,0.30303030303030304,Greed,Occasional Retail
0x47add9a56df66b524d5e2c1993a43cde53b6ed85,2024-12-29,Greed,73,1609.679253,92,39,473.0703260869565,48,44,0.42391304347826086,1.0909090909090908,Greed,Occasional Retail
0x47add9a56df66b524d5e2c1993a43cde53b6ed85,2024-12-30,Greed,65,240.749155,59,30,530.9594915254237,36,23,0.5084745762711864,1.565217391304348,Greed,Occasional Retail
0x47add9a56df66b524d5e2c1993a43cde53b6ed85,2024-12-31,Greed,64,97.688169,99,7,541.9542424242425,34,65,0.0707070707070707,0.5230769230769231,Greed,Occasional Retail
0x47add9a56df66b524d5e2c1993a43cde53b6ed85,2025-01-01,Greed,66,17.784696,16,3,632.90125,9,7,0.1875,1.2857142857142858,Greed,Occasional Retail
0x47add9a56df66b524d5e2c1993a43cde53b6ed85,2025-01-02,Greed,70,677.276764,90,43,548.5241111111111,30,60,0.4777777777777778,0.5,Greed,Occasional Retail
0x47add9a56df66b524d5e2c1993a43cde53b6ed85,2025-01-03,Greed,74,846.655814,102,24,321.5754901960784,51,51,0.23529411764705882,1.0,Greed,Occasional Retail
0x47add9a56df66b524d5e2c1993a43cde53b6ed85,2025-01-04,Greed,73,73.451675,57,15,628.7080701754386,20,37,0.2631578947368421,0.5405405405405406,Greed,Occasional Retail
0x47add9a56df66b524d5e2c1993a43cde53b6ed85,2025-01-05,Greed,72,8.594753,38,4,439.9673684210526,1,37,0.10526315789473684,0.02702702702702703,Greed,Occasional Retail
0x47add9a56df66b524d5e2c1993a43cde53b6ed85,2025-01-06,Extreme Greed,76,559.643925,84,17,414.94607142857143,27,57,0.20238095238095238,0.47368421052631576,Greed,Occasional Retail
0x47add9a56df66b524d5e2c1993a43cde53b6ed85,2025-01-07,Extreme Greed,78,289.257865,40,31,1311.98475,30,10,0.775,3.0,Greed,Occasional Retail
0x47add9a56df66b524d5e2c1993a43cde53b6ed85,2025-01-08,Greed,70,1377.989592,187,59,524.9171122994652,125,62,0.3155080213903743,2.0161290322580645,Greed,Occasional Retail
0x47add9a56df66b524d5e2c1993a43cde53b6ed85,2025-01-09,Greed,69,279.587921,95,18,498.5522105263158,45,50,0.18947368421052632,0.9,Greed,Occasional Retail
0x47add9a56df66b524d5e2c1993a43cde53b6ed85,2025-01-10,Neutral,50,-271.259943,97,26,586.3769072164948,39,58,0.26804123711340205,0.6724137931034483,Neutral,Occasional Retail
0x47add9a56df66b524d5e2c1993a43cde53b6ed85,2025-01-11,Greed,69,71.39075800000003,39,7,484.43128205128204,16,23,0.1794871794871795,0.6956521739130435,Greed,Occasional Retail
0x47add9a56df66b524d5e2c1993a43cde53b6ed85,2025-01-12,Greed,62,103.67729899999999,44,6,282.01,10,34,0.13636363636363635,0.29411764705882354,Greed,Occasional Retail
0x47add9a56df66b524d5e2c1993a43cde53b6ed85,2025-01-13,Greed,61,218.429393,67,8,540.2710447761193,28,39,0.11940298507462686,0.717948717948718,Greed,Occasional Retail
0x47add9a56df66b524d5e2c1993a43cde53b6ed85,2025-01-14,Greed,63,992.803005,79,25,484.3945569620253,31,48,0.31645569620253167,0.6458333333333334,Greed,Occasional Retail
0x47add9a56df66b524d5e2c1993a43cde53b6ed85,2025-01-15,Greed,70,361.155853,72,27,792.0838888888889,17,55,0.375,0.3090909090909091,Greed,Occasional Retail
0x47add9a56df66b524d5e2c1993a43cde53b6ed85,2025-01-16,Extreme Greed,75,319.22369499999996,88,23,467.3454545454546,21,67,0.26136363636363635,0.31343283582089554,Greed,Occasional Retail
0x47add9a56df66b524d5e2c1993a43cde53b6ed85,2025-01-17,Extreme Greed,75,498.16985999999997,50,25,558.7280000000001,20,30,0.5,0.6666666666666666,Greed,Occasional Retail
0x47add9a56df66b524d5e2c1993a43cde53b6ed85,2025-01-18,Extreme Greed,77,307.105046,34,17,583.8729411764706,18,16,0.5,1.125,Greed,Occasional Retail
0x47add9a56df66b524d5e2c1993a43cde53b6ed85,2025-01-19,Extreme Greed,77,541.742729,27,10,855.0277777777778,15,12,0.37037037037037035,1.25,Greed,Occasional Retail
0x47add9a56df66b524d5e2c1993a43cde53b6ed85,2025-01-20,Extreme Greed,76,2262.94445,66,37,1131.5053030303031,47,19,0.5606060606060606,2.473684210526316,Greed,Occasional Retail
0x47add9a56df66b524d5e2c1993a43cde53b6ed85,2025-01-21,Extreme Greed,76,287.821918,13,6,645.536153846154,9,4,0.46153846153846156,2.25,Greed,Occasional Retail
0x47add9a56df66b524d5e2c1993a43cde53b6ed85,2025-01-22,Extreme Greed,84,2867.6138889999997,98,35,587.97,24,74,0.35714285714285715,0.32432432432432434,Greed,Occasional Retail
0x47add9a56df66b524d5e2c1993a43cde53b6ed85,2025-01-23,Extreme Greed,75,420.491149,26,12,501.15999999999997,19,7,0.46153846153846156,2.7142857142857144,Greed,Occasional Retail
0x47add9a56df66b524d5e2c1993a43cde53b6ed85,2025-01-24,Extreme Greed,75,553.5255989999999,40,18,583.839,28,12,0.45,2.3333333333333335,Greed,Occasional Retail
0x47add9a56df66b524d5e2c1993a43cde53b6ed85,2025-01-25,Extreme Greed,75,416.148576,36,20,607.7458333333333,19,17,0.5555555555555556,1.1176470588235294,Greed,Occasional Retail
0x47add9a56df66b524d5e2c1993a43cde53b6ed85,2025-01-26,Greed,73,535.938645,18,16,586.3983333333333,4,14,0.8888888888888888,0.2857142857142857,Greed,Occasional Retail
0x47add9a56df66b524d5e2c1993a43cde53b6ed85,2025-01-27,Greed,71,1295.825632,83,34,600.4903614457832,67,16,0.40963855421686746,4.1875,Greed,Occasional Retail
0x47add9a56df66b524d5e2c1993a43cde53b6ed85,2025-01-28,Greed,72,475.702642,43,27,577.776511627907,8,35,0.627906976744186,0.22857142857142856,Greed,Occasional Retail
0x47add9a56df66b524d5e2c1993a43cde53b6ed85,2025-01-29,Greed,72,41.935052,14,3,446.21642857142854,13,1,0.21428571428571427,13.0,Greed,Occasional Retail
0x47add9a56df66b524d5e2c1993a43cde53b6ed85,2025-01-30,Greed,70,783.829317,44,19,634.8495454545455,4,40,0.4318181818181818,0.1,Greed,Occasional Retail
0x47add9a56df66b524d5e2c1993a43cde53b6ed85,2025-01-31,Extreme Greed,76,488.582241,57,23,426.12614035087717,11,46,0.40350877192982454,0.2391304347826087,Greed,Occasional Retail
0x47add9a56df66b524d5e2c1993a43cde53b6ed85,2025-02-01,Greed,68,526.448209,33,23,490.5812121212121,23,10,0.696969696969697,2.3,Greed,Occasional Retail
0x47add9a56df66b524d5e2c1993a43cde53b6ed85,2025-02-02,Greed,60,-782.6517170000001,108,27,475.55675925925925,83,25,0.25,3.32,Greed,Occasional Retail
0x47add9a56df66b524d5e2c1993a43cde53b6ed85,2025-02-03,Fear,44,2440.916534,182,73,633.5157142857142,108,74,0.4010989010989011,1.4594594594594594,Fear,Occasional Retail
0x47add9a56df66b524d5e2c1993a43cde53b6ed85,2025-02-04,Greed,72,874.3810560000001,34,16,389.9655882352941,14,20,0.47058823529411764,0.7,Greed,Occasional Retail
0x47add9a56df66b524d5e2c1993a43cde53b6ed85,2025-02-05,Neutral,54,32.72269,3,1,431.90000000000003,2,1,0.3333333333333333,2.0,Neutral,Occasional Retail
0x47add9a56df66b524d5e2c1993a43cde53b6ed85,2025-02-06,Neutral,49,922.6724320000001,63,15,414.6168253968254,39,24,0.23809523809523808,1.625,Neutral,Occasional Retail
0x47add9a56df66b524d5e2c1993a43cde53b6ed85,2025-02-07,Fear,44,126.11297599999999,17,14,288.2288235294118,9,8,0.8235294117647058,1.125,Fear,Occasional Retail
0x47add9a56df66b524d5e2c1993a43cde53b6ed85,2025-02-08,Fear,44,78.902492,22,5,532.6045454545455,19,3,0.22727272727272727,6.333333333333333,Fear,Occasional Retail
0x47add9a56df66b524d5e2c1993a43cde53b6ed85,2025-02-09,Neutral,46,378.027954,29,22,352.76931034482755,9,20,0.7586206896551724,0.45,Neutral,Occasional Retail
0x47add9a56df66b524d5e2c1993a43cde53b6ed85,2025-02-10,Fear,43,4.42722,6,2,521.32,0,6,0.3333333333333333,0.0,Fear,Occasional Retail
0x47add9a56df66b524d5e2c1993a43cde53b6ed85,2025-02-11,Neutral,47,314.918282,17,7,456.26176470588234,5,12,0.4117647058823529,0.4166666666666667,Neutral,Occasional Retail
0x47add9a56df66b524d5e2c1993a43cde53b6ed85,2025-02-12,Neutral,46,117.09923500000001,5,4,661.658,3,2,0.8,1.5,Neutral,Occasional Retail
0x47add9a56df66b524d5e2c1993a43cde53b6ed85,2025-02-13,Neutral,50,534.854304,47,27,383.71595744680855,11,36,0.574468085106383,0.3055555555555556,Neutral,Occasional Retail
0x47add9a56df66b524d5e2c1993a43cde53b6ed85,2025-02-14,Neutral,48,-10.630689999999959,47,32,315.5821276595745,12,35,0.6808510638297872,0.34285714285714286,Neutral,Occasional Retail
0x47add9a56df66b524d5e2c1993a43cde53b6ed85,2025-02-15,Neutral,50,231.07204,21,5,367.2038095238095,11,10,0.23809523809523808,1.1,Neutral,Occasional Retail
0x47add9a56df66b524d5e2c1993a43cde53b6ed85,2025-02-16,Neutral,54,278.922501,41,17,396.6439024390244,31,10,0.4146341463414634,3.1,Neutral,Occasional Retail
0x47add9a56df66b524d5e2c1993a43cde53b6ed85,2025-02-17,Neutral,51,19.482565,13,5,392.2353846153846,9,4,0.38461538461538464,2.25,Neutral,Occasional Retail
0x47add9a56df66b524d5e2c1993a43cde53b6ed85,2025-02-18,Neutral,47,336.64107,54,20,415.7527777777778,38,16,0.37037037037037035,2.375,Neutral,Occasional Retail
0x47add9a56df66b524d5e2c1993a43cde53b6ed85,2025-02-19,Fear,44,89.261197,22,6,303.90090909090907,19,3,0.2727272727272727,6.333333333333333,Fear,Occasional Retail
0x47add9a56df66b524d5e2c1993a43cde53b6ed85,2025-02-20,Neutral,49,168.023469,13,11,378.7576923076923,7,6,0.8461538461538461,1.1666666666666667,Neutral,Occasional Retail
0x47add9a56df66b524d5e2c1993a43cde53b6ed85,2025-02-21,Greed,55,165.776644,15,11,301.59066666666666,6,9,0.7333333333333333,0.6666666666666666,Greed,Occasional Retail
0x47add9a56df66b524d5e2c1993a43cde53b6ed85,2025-02-22,Neutral,49,31.523152,18,2,343.53666666666663,6,12,0.1111111111111111,0.5,Neutral,Occasional Retail
0x47add9a56df66b524d5e2c1993a43cde53b6ed85,2025-02-23,Neutral,50,122.057796,7,5,369.9928571428572,6,1,0.7142857142857143,6.0,Neutral,Occasional Retail
0x47add9a56df66b524d5e2c1993a43cde53b6ed85,2025-02-24,Neutral,49,437.185458,29,11,543.7444827586207,25,4,0.3793103448275862,6.25,Neutral,Occasional Retail
0x47add9a56df66b524d5e2c1993a43cde53b6ed85,2025-02-25,Fear,25,3455.584856,190,70,512.5179473684211,139,51,0.3684210526315789,2.7254901960784315,Fear,Occasional Retail
0x47add9a56df66b524d5e2c1993a43cde53b6ed85,2025-02-26,Extreme Fear,21,-200.798196,28,3,603.3185714285713,4,24,0.10714285714285714,0.16666666666666666,Fear,Occasional Retail
0x47add9a56df66b524d5e2c1993a43cde53b6ed85,2025-02-27,Extreme Fear,10,-195.841458,18,1,330.11833333333334,7,11,0.05555555555555555,0.6363636363636364,Fear,Occasional Retail
0x47add9a56df66b524d5e2c1993a43cde53b6ed85,2025-02-28,Extreme Fear,16,933.170538,71,26,514.1759154929578,47,24,0.36619718309859156,1.9583333333333333,Fear,Occasional Retail
0x47add9a56df66b524d5e2c1993a43cde53b6ed85,2025-03-01,Extreme Fear,20,109.593094,27,12,617.1918518518519,5,22,0.4444444444444444,0.22727272727272727,Fear,Occasional Retail
0x47add9a56df66b524d5e2c1993a43cde53b6ed85,2025-03-02,Fear,26,349.12092600000005,21,8,1106.6938095238095,3,18,0.38095238095238093,0.16666666666666666,Fear,Occasional Retail
0x47add9a56df66b524d5e2c1993a43cde53b6ed85,2025-03-03,Fear,33,376.017126,33,12,591.2160606060606,7,26,0.36363636363636365,0.2692307692307692,Fear,Occasional Retail
0x47add9a56df66b524d5e2c1993a43cde53b6ed85,2025-03-04,Extreme Fear,15,444.266681,32,7,502.8234375,31,1,0.21875,31.0,Fear,Occasional Retail
0x47add9a56df66b524d5e2c1993a43cde53b6ed85,2025-03-05,Extreme Fear,20,423.18325600000003,21,6,550.0914285714285,13,8,0.2857142857142857,1.625,Fear,Occasional Retail
0x47add9a56df66b524d5e2c1993a43cde53b6ed85,2025-03-06,Fear,25,102.92652,12,6,742.9966666666666,4,8,0.5,0.5,Fear,Occasional Retail
0x47add9a56df66b524d5e2c1993a43cde53b6ed85,2025-03-07,Fear,34,781.670551,62,16,463.668064516129,43,19,0.25806451612903225,2.263157894736842,Fear,Occasional Retail
0x47add9a56df66b524d5e2c1993a43cde53b6ed85,2025-03-08,Fear,28,119.3611,31,7,449.9274193548387,26,5,0.22580645161290322,5.2,Fear,Occasional Retail
0x47add9a56df66b524d5e2c1993a43cde53b6ed85,2025-03-09,Fear,27,0.0,8,0,827.6537500000001,8,0,0.0,10.0,Fear,Occasional Retail
0x47add9a56df66b524d5e2c1993a43cde53b6ed85,2025-03-10,Extreme Fear,20,0.0,16,0,734.3568750000001,16,0,0.0,10.0,Fear,Occasional Retail
0x47add9a56df66b524d5e2c1993a43cde53b6ed85,2025-03-11,Extreme Fear,24,266.837111,32,4,504.60375,22,10,0.125,2.2,Fear,Occasional Retail
0x47add9a56df66b524d5e2c1993a43cde53b6ed85,2025-03-12,Fear,34,78.714444,7,3,738.5457142857142,0,7,0.42857142857142855,0.0,Fear,Occasional Retail
0x47add9a56df66b524d5e2c1993a43cde53b6ed85,2025-03-13,Neutral,45,-1.2672399999999993,9,2,364.46555555555557,8,1,0.2222222222222222,8.0,Neutral,Occasional Retail
0x47add9a56df66b524d5e2c1993a43cde53b6ed85,2025-03-15,Neutral,46,202.313183,36,30,837.4561111111111,3,33,0.8333333333333334,0.09090909090909091,Neutral,Occasional Retail
0x47add9a56df66b524d5e2c1993a43cde53b6ed85,2025-03-16,Fear,30,-6.342484000000001,7,2,569.8328571428572,6,1,0.2857142857142857,6.0,Fear,Occasional Retail
0x47add9a56df66b524d5e2c1993a43cde53b6ed85,2025-03-17,Fear,32,-31.277088,3,0,705.3433333333334,0,3,0.0,0.0,Fear,Occasional Retail
0x47add9a56df66b524d5e2c1993a43cde53b6ed85,2025-03-19,Fear,32,-2.8135689999999993,12,2,485.3908333333334,1,11,0.16666666666666666,0.09090909090909091,Fear,Occasional Retail
0x47add9a56df66b524d5e2c1993a43cde53b6ed85,2025-03-20,Neutral,49,-147.78931200000002,20,14,769.2385,9,11,0.7,0.8181818181818182,Neutral,Occasional Retail
0x47add9a56df66b524d5e2c1993a43cde53b6ed85,2025-03-21,Fear,31,39.1247,6,2,494.46000000000004,2,4,0.3333333333333333,0.5,Fear,Occasional Retail
0x47add9a56df66b524d5e2c1993a43cde53b6ed85,2025-03-22,Fear,32,-1184.046158,11,0,340.78363636363633,0,11,0.0,0.0,Fear,Occasional Retail
0x47add9a56df66b524d5e2c1993a43cde53b6ed85,2025-03-23,Fear,30,0.0,2,0,374.475,0,2,0.0,0.0,Fear,Occasional Retail
0x47add9a56df66b524d5e2c1993a43cde53b6ed85,2025-03-24,Neutral,45,-216.431703,25,10,545.196,8,17,0.4,0.47058823529411764,Neutral,Occasional Retail
0x47add9a56df66b524d5e2c1993a43cde53b6ed85,2025-03-25,Neutral,46,87.95347999999998,3,1,377.80999999999995,1,2,0.3333333333333333,0.5,Neutral,Occasional Retail
0x47add9a56df66b524d5e2c1993a43cde53b6ed85,2025-03-26,Neutral,47,69.285,3,1,749.9666666666667,3,0,0.3333333333333333,10.0,Neutral,Occasional Retail
0x47add9a56df66b524d5e2c1993a43cde53b6ed85,2025-03-30,Fear,32,0.0,3,0,250.07333333333335,3,0,0.0,10.0,Fear,Occasional Retail
0x47add9a56df66b524d5e2c1993a43cde53b6ed85,2025-03-31,Fear,34,798.187528,16,5,471.555,15,1,0.3125,15.0,Fear,Occasional Retail
0x47add9a56df66b524d5e2c1993a43cde53b6ed85,2025-04-01,Fear,34,-680.287463,19,6,247.43947368421055,6,13,0.3157894736842105,0.46153846153846156,Fear,Occasional Retail
0x47add9a56df66b524d5e2c1993a43cde53b6ed85,2025-04-02,Fear,44,93.006465,4,3,405.9275,3,1,0.75,3.0,Fear,Occasional Retail
0x47add9a56df66b524d5e2c1993a43cde53b6ed85,2025-04-03,Fear,25,7.052034,14,2,635.2357142857143,12,2,0.14285714285714285,6.0,Fear,Occasional Retail
0x47add9a56df66b524d5e2c1993a43cde53b6ed85,2025-04-04,Fear,28,0.0,2,0,874.78,2,0,0.0,10.0,Fear,Occasional Retail
0x47add9a56df66b524d5e2c1993a43cde53b6ed85,2025-04-05,Fear,30,-132.88134,25,10,586.6572,4,21,0.4,0.19047619047619047,Fear,Occasional Retail
0x47add9a56df66b524d5e2c1993a43cde53b6ed85,2025-04-06,Fear,34,-1400.5515480000001,15,4,661.3813333333333,6,9,0.26666666666666666,0.6666666666666666,Fear,Occasional Retail
0x47add9a56df66b524d5e2c1993a43cde53b6ed85,2025-04-07,Extreme Fear,23,-5651.552238,48,7,569.6545833333333,21,27,0.14583333333333334,0.7777777777777778,Fear,Occasional Retail
0x47add9a56df66b524d5e2c1993a43cde53b6ed85,2025-04-08,Extreme Fear,24,-6745.027414,42,11,700.9559523809525,15,27,0.2619047619047619,0.5555555555555556,Fear,Occasional Retail
0x47add9a56df66b524d5e2c1993a43cde53b6ed85,2025-04-09,Extreme Fear,18,-3911.273892,56,26,638.1583928571429,27,29,0.4642857142857143,0.9310344827586207,Fear,Occasional Retail
0x47add9a56df66b524d5e2c1993a43cde53b6ed85,2025-04-10,Fear,39,258.032458,21,8,520.317619047619,18,3,0.38095238095238093,6.0,Fear,Occasional Retail
0x47add9a56df66b524d5e2c1993a43cde53b6ed85,2025-04-11,Fear,25,608.246567,28,17,378.8592857142857,14,14,0.6071428571428571,1.0,Fear,Occasional Retail
0x47add9a56df66b524d5e2c1993a43cde53b6ed85,2025-04-12,Fear,43,3105.920269,41,24,550.1919512195121,26,15,0.5853658536585366,1.7333333333333334,Fear,Occasional Retail
0x47add9a56df66b524d5e2c1993a43cde53b6ed85,2025-04-13,Neutral,45,490.32631200000003,26,10,601.84,18,8,0.38461538461538464,2.25,Neutral,Occasional Retail
0x47add9a56df66b524d5e2c1993a43cde53b6ed85,2025-04-14,Fear,31,263.769257,7,5,377.75428571428574,6,1,0.7142857142857143,6.0,Fear,Occasional Retail
0x47add9a56df66b524d5e2c1993a43cde53b6ed85,2025-04-16,Fear,29,17.022667,11,3,768.989090909091,10,1,0.2727272727272727,10.0,Fear,Occasional Retail
0x47add9a56df66b524d5e2c1993a43cde53b6ed85,2025-04-17,Fear,30,169.67583499999998,29,15,456.538275862069,7,22,0.5172413793103449,0.3181818181818182,Fear,Occasional Retail
0x47add9a56df66b524d5e2c1993a43cde53b6ed85,2025-04-19,Fear,32,64.128219,2,2,375.075,0,2,1.0,0.0,Fear,Occasional Retail
0x47add9a56df66b524d5e2c1993a43cde53b6ed85,2025-04-20,Fear,37,12.652267000000005,21,11,580.8100000000001,15,6,0.5238095238095238,2.5,Fear,Occasional Retail
0x47add9a56df66b524d5e2c1993a43cde53b6ed85,2025-04-21,Fear,39,-2.1503300000000003,12,5,249.97833333333332,9,3,0.4166666666666667,3.0,Fear,Occasional Retail
0x47add9a56df66b524d5e2c1993a43cde53b6ed85,2025-04-22,Neutral,47,-282.266207,14,1,343.8335714285714,2,12,0.07142857142857142,0.16666666666666666,Neutral,Occasional Retail
0x47add9a56df66b524d5e2c1993a43cde53b6ed85,2025-04-23,Greed,72,511.720343,45,16,336.54622222222224,11,34,0.35555555555555557,0.3235294117647059,Greed,Occasional Retail
0x47add9a56df66b524d5e2c1993a43cde53b6ed85,2025-04-24,Greed,63,350.896638,24,6,396.0429166666667,11,13,0.25,0.8461538461538461,Greed,Occasional Retail
0x47add9a56df66b524d5e2c1993a43cde53b6ed85,2025-04-25,Greed,60,0.0,7,0,392.83714285714285,3,4,0.0,0.75,Greed,Occasional Retail
0x47add9a56df66b524d5e2c1993a43cde53b6ed85,2025-04-26,Greed,65,147.607393,18,4,288.9161111111111,6,12,0.2222222222222222,0.5,Greed,Occasional Retail
0x47add9a56df66b524d5e2c1993a43cde53b6ed85,2025-04-27,Greed,61,361.183441,13,9,370.71153846153845,5,8,0.6923076923076923,0.625,Greed,Occasional Retail
0x47add9a56df66b524d5e2c1993a43cde53b6ed85,2025-04-28,Neutral,54,146.420556,9,8,360.80111111111114,5,4,0.8888888888888888,1.25,Neutral,Occasional Retail
0x47add9a56df66b524d5e2c1993a43cde53b6ed85,2025-04-29,Greed,60,30.495403,7,1,356.9714285714286,1,6,0.14285714285714285,0.16666666666666666,Greed,Occasional Retail
0x47add9a56df66b524d5e2c1993a43cde53b6ed85,2025-05-01,Neutral,53,37.385304,7,1,299.0128571428572,0,7,0.14285714285714285,0.0,Neutral,Occasional Retail
0x4acb90e786d897ecffb614dc822eb231b4ffb9f4,2024-12-14,Extreme Greed,83,0.0,1,0,24979.8,1,0,0.0,10.0,Greed,Whale
0x4acb90e786d897ecffb614dc822eb231b4ffb9f4,2024-12-19,Extreme Greed,75,7440.638159,89,36,5090.390786516854,53,36,0.4044943820224719,1.4722222222222223,Greed,Whale
0x4acb90e786d897ecffb614dc822eb231b4ffb9f4,2024-12-20,Greed,74,53635.529649,238,99,9628.82474789916,129,109,0.41596638655462187,1.18348623853211,Greed,Whale
0x4acb90e786d897ecffb614dc822eb231b4ffb9f4,2024-12-27,Greed,74,357.346725,18,9,7190.583333333333,9,9,0.5,1.0,Greed,Whale
0x4acb90e786d897ecffb614dc822eb231b4ffb9f4,2024-12-30,Greed,65,2227.18659,38,25,6536.572105263158,13,25,0.6578947368421053,0.52,Greed,Whale
0x4acb90e786d897ecffb614dc822eb231b4ffb9f4,2025-01-08,Greed,70,0.0,139,0,5040.074460431654,139,0,0.0,10.0,Greed,Whale
0x4acb90e786d897ecffb614dc822eb231b4ffb9f4,2025-01-09,Greed,69,35352.95374,96,56,7755.243541666667,40,56,0.5833333333333334,0.7142857142857143,Greed,Whale
0x4acb90e786d897ecffb614dc822eb231b4ffb9f4,2025-01-10,Neutral,50,2812.7685,27,27,4195.841481481481,0,27,1.0,0.0,Neutral,Whale
0x4acb90e786d897ecffb614dc822eb231b4ffb9f4,2025-01-12,Greed,62,927.412681,390,390,830.1821794871795,0,390,1.0,0.0,Greed,Whale
0x4acb90e786d897ecffb614dc822eb231b4ffb9f4,2025-01-13,Greed,61,0.0,23,0,6845.160434782609,23,0,0.0,10.0,Greed,Whale
0x4acb90e786d897ecffb614dc822eb231b4ffb9f4,2025-01-16,Extreme Greed,75,13963.52,4,4,42850.549999999996,0,4,1.0,0.0,Greed,Whale
0x4acb90e786d897ecffb614dc822eb231b4ffb9f4,2025-01-19,Extreme Greed,77,1519.769822,30,20,3916.7593333333334,10,20,0.6666666666666666,0.5,Greed,Whale
0x4acb90e786d897ecffb614dc822eb231b4ffb9f4,2025-01-20,Extreme Greed,76,-2427.873799,43,0,2596.646976744186,7,36,0.0,0.19444444444444445,Greed,Whale
0x4acb90e786d897ecffb614dc822eb231b4ffb9f4,2025-02-20,Neutral,49,0.0,13,0,1538.4553846153844,13,0,0.0,10.0,Neutral,Whale
0x4acb90e786d897ecffb614dc822eb231b4ffb9f4,2025-02-24,Neutral,49,856.4737299999999,41,7,5876.914634146341,34,7,0.17073170731707318,4.857142857142857,Neutral,Whale
0x4acb90e786d897ecffb614dc822eb231b4ffb9f4,2025-02-25,Fear,25,11271.895074,215,114,5634.781581395349,101,114,0.5302325581395348,0.8859649122807017,Fear,Whale
0x4acb90e786d897ecffb614dc822eb231b4ffb9f4,2025-02-26,Extreme Fear,21,22137.551238,50,50,8442.721599999999,0,50,1.0,0.0,Fear,Whale
0x4acb90e786d897ecffb614dc822eb231b4ffb9f4,2025-02-27,Extreme Fear,10,503.31943,12,4,8378.118333333334,8,4,0.3333333333333333,2.0,Fear,Whale
0x4acb90e786d897ecffb614dc822eb231b4ffb9f4,2025-02-28,Extreme Fear,16,22299.186495,89,72,14857.899887640451,17,72,0.8089887640449438,0.2361111111111111,Fear,Whale
0x4acb90e786d897ecffb614dc822eb231b4ffb9f4,2025-03-03,Fear,33,0.0,19,0,10522.962631578948,19,0,0.0,10.0,Fear,Whale
0x4acb90e786d897ecffb614dc822eb231b4ffb9f4,2025-03-04,Extreme Fear,15,0.0,155,0,5549.306774193548,155,0,0.0,10.0,Fear,Whale
0x4acb90e786d897ecffb614dc822eb231b4ffb9f4,2025-03-06,Fear,25,5109.859504,15,5,9685.342,10,5,0.3333333333333333,2.0,Fear,Whale
0x4acb90e786d897ecffb614dc822eb231b4ffb9f4,2025-03-07,Fear,34,0.0,57,0,1755.7517543859651,57,0,0.0,10.0,Fear,Whale
0x4acb90e786d897ecffb614dc822eb231b4ffb9f4,2025-03-10,Extreme Fear,20,0.08712,114,1,5590.744561403509,113,1,0.008771929824561403,113.0,Fear,Whale
0x4acb90e786d897ecffb614dc822eb231b4ffb9f4,2025-03-11,Extreme Fear,24,0.0,84,0,3216.501666666667,84,0,0.0,10.0,Fear,Whale
0x4acb90e786d897ecffb614dc822eb231b4ffb9f4,2025-03-13,Neutral,45,0.0,15,0,4349.66,15,0,0.0,10.0,Neutral,Whale
0x4acb90e786d897ecffb614dc822eb231b4ffb9f4,2025-03-20,Neutral,49,4839.59228,195,151,3233.520923076923,44,151,0.7743589743589744,0.2913907284768212,Neutral,Whale
0x4acb90e786d897ecffb614dc822eb231b4ffb9f4,2025-03-21,Fear,31,0.0,17,0,1470.5794117647058,17,0,0.0,10.0,Fear,Whale
0x4acb90e786d897ecffb614dc822eb231b4ffb9f4,2025-03-22,Fear,32,4350.379248,53,53,1308.6299999999999,0,53,1.0,0.0,Fear,Whale
0x4acb90e786d897ecffb614dc822eb231b4ffb9f4,2025-03-23,Fear,30,2897.148962,76,26,3986.6614473684212,50,26,0.34210526315789475,1.9230769230769231,Fear,Whale
0x4acb90e786d897ecffb614dc822eb231b4ffb9f4,2025-03-24,Neutral,45,48946.705539,185,185,6360.884432432433,0,185,1.0,0.0,Neutral,Whale
0x4acb90e786d897ecffb614dc822eb231b4ffb9f4,2025-03-25,Neutral,46,30531.101000000002,50,50,12797.315200000001,0,50,1.0,0.0,Neutral,Whale
0x4acb90e786d897ecffb614dc822eb231b4ffb9f4,2025-03-26,Neutral,47,9261.449882,140,85,4924.3603571428575,55,85,0.6071428571428571,0.6470588235294118,Neutral,Whale
0x4acb90e786d897ecffb614dc822eb231b4ffb9f4,2025-03-29,Fear,26,314.6728,23,3,15232.22,20,3,0.13043478260869565,6.666666666666667,Fear,Whale
0x4acb90e786d897ecffb614dc822eb231b4ffb9f4,2025-03-30,Fear,32,5362.529222,21,21,12161.259047619047,0,21,1.0,0.0,Fear,Whale
0x4acb90e786d897ecffb614dc822eb231b4ffb9f4,2025-03-31,Fear,34,4750.8109939999995,47,26,9463.05744680851,21,26,0.5531914893617021,0.8076923076923077,Fear,Whale
0x4acb90e786d897ecffb614dc822eb231b4ffb9f4,2025-04-02,Fear,44,444.205198,16,10,37473.885625,10,6,0.625,1.6666666666666667,Fear,Whale
0x4acb90e786d897ecffb614dc822eb231b4ffb9f4,2025-04-03,Fear,25,0.0,60,0,16666.611,60,0,0.0,10.0,Fear,Whale
0x4acb90e786d897ecffb614dc822eb231b4ffb9f4,2025-04-04,Fear,28,0.0,51,0,8264.040980392158,51,0,0.0,10.0,Fear,Whale
0x4acb90e786d897ecffb614dc822eb231b4ffb9f4,2025-04-05,Fear,30,31134.240601999998,102,102,5175.765784313725,0,102,1.0,0.0,Fear,Whale
0x4acb90e786d897ecffb614dc822eb231b4ffb9f4,2025-04-06,Fear,34,0.0,103,0,5508.490970873787,103,0,0.0,10.0,Fear,Whale
0x4acb90e786d897ecffb614dc822eb231b4ffb9f4,2025-04-07,Extreme Fear,23,13642.628143,189,40,7781.819788359788,149,40,0.21164021164021163,3.725,Fear,Whale
0x4acb90e786d897ecffb614dc822eb231b4ffb9f4,2025-04-08,Extreme Fear,24,221.0,3,1,52275.0,1,2,0.3333333333333333,0.5,Fear,Whale
0x4acb90e786d897ecffb614dc822eb231b4ffb9f4,2025-04-09,Extreme Fear,18,107892.62706,290,137,17935.84644827586,147,143,0.4724137931034483,1.027972027972028,Fear,Whale
0x4acb90e786d897ecffb614dc822eb231b4ffb9f4,2025-04-10,Fear,39,84856.33534,222,80,26118.342432432433,142,80,0.36036036036036034,1.775,Fear,Whale
0x4acb90e786d897ecffb614dc822eb231b4ffb9f4,2025-04-11,Fear,25,122461.112004,74,74,24390.13621621622,0,74,1.0,0.0,Fear,Whale
0x4acb90e786d897ecffb614dc822eb231b4ffb9f4,2025-04-12,Fear,43,0.0,68,0,16878.26676470588,0,68,0.0,0.0,Fear,Whale
0x4acb90e786d897ecffb614dc822eb231b4ffb9f4,2025-04-14,Fear,31,21531.8321,76,56,26925.528815789472,53,23,0.7368421052631579,2.3043478260869565,Fear,Whale
0x4acb90e786d897ecffb614dc822eb231b4ffb9f4,2025-04-15,Fear,38,0.0,51,0,3354.117450980392,0,51,0.0,0.0,Fear,Whale
0x4acb90e786d897ecffb614dc822eb231b4ffb9f4,2025-04-16,Fear,29,3088.0,1,1,166444.0,1,0,1.0,10.0,Fear,Whale
0x4acb90e786d897ecffb614dc822eb231b4ffb9f4,2025-04-17,Fear,30,-110.0,6,0,28273.666666666668,6,0,0.0,10.0,Fear,Whale
0x4acb90e786d897ecffb614dc822eb231b4ffb9f4,2025-04-21,Fear,39,-681.29819,23,0,30543.59565217391,1,22,0.0,0.045454545454545456,Fear,Whale
0x4acb90e786d897ecffb614dc822eb231b4ffb9f4,2025-04-22,Neutral,47,132.0,6,1,15215.498333333335,1,5,0.16666666666666666,0.2,Neutral,Whale
0x4acb90e786d897ecffb614dc822eb231b4ffb9f4,2025-04-23,Greed,72,2875.230157,121,30,6709.732727272728,66,55,0.24793388429752067,1.2,Greed,Whale
0x4acb90e786d897ecffb614dc822eb231b4ffb9f4,2025-04-24,Greed,63,459.24741,23,22,4407.6721739130435,22,1,0.9565217391304348,22.0,Greed,Whale
0x4acb90e786d897ecffb614dc822eb231b4ffb9f4,2025-04-25,Greed,60,0.0,3,0,63142.666666666664,0,3,0.0,0.0,Greed,Whale
0x4acb90e786d897ecffb614dc822eb231b4ffb9f4,2025-04-26,Greed,65,47.876234000000004,41,41,6897.073170731707,41,0,1.0,10.0,Greed,Whale
0x4acb90e786d897ecffb614dc822eb231b4ffb9f4,2025-04-30,Greed,56,510.0,5,4,75258.0,4,1,0.8,4.0,Greed,Whale
0x4f93fead39b70a1824f981a54d4e55b278e9f760,2024-03-13,Extreme Greed,81,0.0,7,0,857.2571428571428,7,0,0.0,10.0,Greed,Whale
0x4f93fead39b70a1824f981a54d4e55b278e9f760,2024-03-14,Extreme Greed,88,65.480454,1,1,6066.28,0,1,1.0,0.0,Greed,Whale
0x4f93fead39b70a1824f981a54d4e55b278e9f760,2024-03-15,Extreme Greed,83,338.42832,8,1,3292.47625,7,1,0.125,7.0,Greed,Whale
0x4f93fead39b70a1824f981a54d4e55b278e9f760,2024-03-16,Extreme Greed,81,228.57984,6,1,4537.276666666667,5,1,0.16666666666666666,5.0,Greed,Whale
0x4f93fead39b70a1824f981a54d4e55b278e9f760,2024-03-17,Extreme Greed,79,429.683075,14,4,6218.810714285714,10,4,0.2857142857142857,2.5,Greed,Whale
0x4f93fead39b70a1824f981a54d4e55b278e9f760,2024-03-18,Extreme Greed,77,0.0,12,0,2833.491666666667,12,0,0.0,10.0,Greed,Whale
0x4f93fead39b70a1824f981a54d4e55b278e9f760,2024-03-19,Extreme Greed,79,0.0,4,0,2266.8775,4,0,0.0,10.0,Greed,Whale
0x4f93fead39b70a1824f981a54d4e55b278e9f760,2024-03-21,Extreme Greed,78,0.0,1,0,9744.18,1,0,0.0,10.0,Greed,Whale
0x4f93fead39b70a1824f981a54d4e55b278e9f760,2024-03-25,Extreme Greed,75,1302.916428,7,6,8159.4742857142855,0,7,0.8571428571428571,0.0,Greed,Whale
0x4f93fead39b70a1824f981a54d4e55b278e9f760,2024-03-26,Extreme Greed,81,20.599193,7,1,3426.62,6,1,0.14285714285714285,6.0,Greed,Whale
0x4f93fead39b70a1824f981a54d4e55b278e9f760,2024-03-27,Extreme Greed,83,189.192,27,12,3224.6703703703706,12,15,0.4444444444444444,0.8,Greed,Whale
0x4f93fead39b70a1824f981a54d4e55b278e9f760,2024-03-28,Extreme Greed,80,0.0,3,0,6671.296666666666,3,0,0.0,10.0,Greed,Whale
0x4f93fead39b70a1824f981a54d4e55b278e9f760,2024-03-29,Extreme Greed,79,883.097404,15,6,5794.291333333333,9,6,0.4,1.5,Greed,Whale
0x4f93fead39b70a1824f981a54d4e55b278e9f760,2024-03-31,Extreme Greed,75,912.786145,13,10,3070.2276923076925,0,13,0.7692307692307693,0.0,Greed,Whale
0x4f93fead39b70a1824f981a54d4e55b278e9f760,2024-04-01,Extreme Greed,79,0.840939,29,2,4654.808275862069,25,4,0.06896551724137931,6.25,Greed,Whale
0x4f93fead39b70a1824f981a54d4e55b278e9f760,2024-04-02,Extreme Greed,79,883.760812,37,12,6072.016756756757,6,31,0.32432432432432434,0.1935483870967742,Greed,Whale
0x4f93fead39b70a1824f981a54d4e55b278e9f760,2024-04-04,Greed,70,0.0,32,0,2999.6165625,0,32,0.0,0.0,Greed,Whale
0x4f93fead39b70a1824f981a54d4e55b278e9f760,2024-04-05,Extreme Greed,79,4444.4983010000005,10,7,17253.157,10,0,0.7,10.0,Greed,Whale
0x4f93fead39b70a1824f981a54d4e55b278e9f760,2024-04-06,Extreme Greed,75,236.33513399999998,16,4,4263.979375,0,16,0.25,0.0,Greed,Whale
0x4f93fead39b70a1824f981a54d4e55b278e9f760,2024-04-07,Extreme Greed,78,0.0,23,0,2173.397391304348,0,23,0.0,0.0,Greed,Whale
0x4f93fead39b70a1824f981a54d4e55b278e9f760,2024-04-08,Extreme Greed,76,0.0,28,0,5827.370357142857,0,28,0.0,0.0,Greed,Whale
0x4f93fead39b70a1824f981a54d4e55b278e9f760,2024-04-09,Extreme Greed,80,0.0,3,0,19021.280000000002,0,3,0.0,0.0,Greed,Whale
0x4f93fead39b70a1824f981a54d4e55b278e9f760,2024-04-10,Extreme Greed,78,5207.443414,41,36,8578.926097560974,40,1,0.8780487804878049,40.0,Greed,Whale
0x4f93fead39b70a1824f981a54d4e55b278e9f760,2024-04-11,Extreme Greed,76,389.743164,16,2,4775.06,14,2,0.125,7.0,Greed,Whale
0x4f93fead39b70a1824f981a54d4e55b278e9f760,2024-04-12,Extreme Greed,79,0.0,21,0,7138.52761904762,21,0,0.0,10.0,Greed,Whale
0x4f93fead39b70a1824f981a54d4e55b278e9f760,2024-04-13,Greed,72,0.0,18,0,8677.150000000001,18,0,0.0,10.0,Greed,Whale
0x4f93fead39b70a1824f981a54d4e55b278e9f760,2024-04-14,Greed,72,-36565.98544,64,3,9199.4678125,23,41,0.046875,0.5609756097560976,Greed,Whale
0x4f93fead39b70a1824f981a54d4e55b278e9f760,2024-04-15,Greed,74,0.0,3,0,16671.31666666667,3,0,0.0,10.0,Greed,Whale
0x4f93fead39b70a1824f981a54d4e55b278e9f760,2024-04-19,Greed,66,1946.4454620000001,35,27,9635.940571428573,5,30,0.7714285714285715,0.16666666666666666,Greed,Whale
0x4f93fead39b70a1824f981a54d4e55b278e9f760,2024-04-20,Greed,66,0.0,2,0,5999.795,0,2,0.0,0.0,Greed,Whale
0x4f93fead39b70a1824f981a54d4e55b278e9f760,2024-04-22,Greed,73,0.0,9,0,5332.623333333333,0,9,0.0,0.0,Greed,Whale
0x4f93fead39b70a1824f981a54d4e55b278e9f760,2024-04-23,Greed,71,759.2148159999999,54,31,3567.7494444444446,35,19,0.5740740740740741,1.8421052631578947,Greed,Whale
0x4f93fead39b70a1824f981a54d4e55b278e9f760,2024-04-24,Greed,72,279.185907,20,6,7063.762,13,7,0.3,1.8571428571428572,Greed,Whale
0x4f93fead39b70a1824f981a54d4e55b278e9f760,2024-04-25,Greed,72,0.0,6,0,11496.523333333333,6,0,0.0,10.0,Greed,Whale
0x4f93fead39b70a1824f981a54d4e55b278e9f760,2024-04-27,Greed,67,4281.488139,27,19,5713.498888888889,0,27,0.7037037037037037,0.0,Greed,Whale
0x4f93fead39b70a1824f981a54d4e55b278e9f760,2024-04-28,Greed,65,0.0,8,0,3374.92625,0,8,0.0,0.0,Greed,Whale
0x4f93fead39b70a1824f981a54d4e55b278e9f760,2024-04-29,Greed,67,526.9338359999999,31,17,3370.167419354839,24,7,0.5483870967741935,3.4285714285714284,Greed,Whale
0x4f93fead39b70a1824f981a54d4e55b278e9f760,2024-04-30,Greed,67,0.0,24,0,5209.114583333333,24,0,0.0,10.0,Greed,Whale
0x4f93fead39b70a1824f981a54d4e55b278e9f760,2024-05-01,Neutral,54,0.0,14,0,6216.103571428571,14,0,0.0,10.0,Neutral,Whale
0x4f93fead39b70a1824f981a54d4e55b278e9f760,2024-05-03,Neutral,48,5319.861625,23,16,12059.708260869564,0,23,0.6956521739130435,0.0,Neutral,Whale
0x4f93fead39b70a1824f981a54d4e55b278e9f760,2024-05-04,Greed,67,0.0,6,0,8999.890000000001,0,6,0.0,0.0,Greed,Whale
0x4f93fead39b70a1824f981a54d4e55b278e9f760,2024-05-05,Greed,69,0.0,4,0,5996.512500000001,0,4,0.0,0.0,Greed,Whale
0x4f93fead39b70a1824f981a54d4e55b278e9f760,2024-05-06,Greed,71,968.59038,9,4,22890.714444444442,8,1,0.4444444444444444,8.0,Greed,Whale
0x4f93fead39b70a1824f981a54d4e55b278e9f760,2024-05-07,Greed,68,656.21704,10,7,9890.126,4,6,0.7,0.6666666666666666,Greed,Whale
0x4f93fead39b70a1824f981a54d4e55b278e9f760,2024-05-08,Greed,64,0.0,10,0,6583.419,10,0,0.0,10.0,Greed,Whale
0x4f93fead39b70a1824f981a54d4e55b278e9f760,2024-05-09,Greed,55,1147.595856,25,11,8679.6232,9,16,0.44,0.5625,Greed,Whale
0x4f93fead39b70a1824f981a54d4e55b278e9f760,2024-05-10,Greed,66,2101.741695,22,6,7131.0,16,6,0.2727272727272727,2.6666666666666665,Greed,Whale
0x4f93fead39b70a1824f981a54d4e55b278e9f760,2024-05-11,Neutral,53,251.604742,9,9,7027.661111111111,0,9,1.0,0.0,Neutral,Whale
0x4f93fead39b70a1824f981a54d4e55b278e9f760,2024-05-12,Greed,56,0.0,10,0,4500.464,10,0,0.0,10.0,Greed,Whale
0x4f93fead39b70a1824f981a54d4e55b278e9f760,2024-05-13,Greed,57,2136.853859,25,10,7525.7636,5,20,0.4,0.25,Greed,Whale
0x4f93fead39b70a1824f981a54d4e55b278e9f760,2024-05-14,Greed,66,1150.5233050000002,23,4,6341.452173913043,23,0,0.17391304347826086,10.0,Greed,Whale
0x4f93fead39b70a1824f981a54d4e55b278e9f760,2024-05-15,Greed,64,948.970582,36,17,6525.626944444444,11,25,0.4722222222222222,0.44,Greed,Whale
0x4f93fead39b70a1824f981a54d4e55b278e9f760,2024-05-16,Greed,70,214.5898,24,5,6615.870416666668,14,10,0.20833333333333334,1.4,Greed,Whale
0x4f93fead39b70a1824f981a54d4e55b278e9f760,2024-05-18,Greed,73,3522.3946610000003,25,16,5052.1256,7,18,0.64,0.3888888888888889,Greed,Whale
0x4f93fead39b70a1824f981a54d4e55b278e9f760,2024-05-19,Greed,72,0.0,8,0,3749.76125,8,0,0.0,10.0,Greed,Whale
0x4f93fead39b70a1824f981a54d4e55b278e9f760,2024-05-20,Greed,70,0.0,7,0,4714.771428571429,7,0,0.0,10.0,Greed,Whale
0x4f93fead39b70a1824f981a54d4e55b278e9f760,2024-05-21,Extreme Greed,76,6017.309216,53,7,9096.75358490566,11,42,0.1320754716981132,0.2619047619047619,Greed,Whale
0x4f93fead39b70a1824f981a54d4e55b278e9f760,2024-05-22,Extreme Greed,76,0.0,6,0,7499.215,0,6,0.0,0.0,Greed,Whale
0x4f93fead39b70a1824f981a54d4e55b278e9f760,2024-06-07,Extreme Greed,77,7329.223137999999,52,30,15114.859615384614,39,13,0.5769230769230769,3.0,Greed,Whale
0x4f93fead39b70a1824f981a54d4e55b278e9f760,2024-06-08,Greed,72,0.0,7,0,6428.95,7,0,0.0,10.0,Greed,Whale
0x4f93fead39b70a1824f981a54d4e55b278e9f760,2024-06-09,Extreme Greed,75,0.0,5,0,4199.992,5,0,0.0,10.0,Greed,Whale
0x4f93fead39b70a1824f981a54d4e55b278e9f760,2024-06-10,Greed,72,0.0,4,0,6000.075,4,0,0.0,10.0,Greed,Whale
0x4f93fead39b70a1824f981a54d4e55b278e9f760,2024-06-11,Greed,74,0.0,21,0,13143.021904761907,21,0,0.0,10.0,Greed,Whale
0x4f93fead39b70a1824f981a54d4e55b278e9f760,2024-06-14,Greed,74,0.0,16,0,6124.31,16,0,0.0,10.0,Greed,Whale
0x4f93fead39b70a1824f981a54d4e55b278e9f760,2024-06-15,Greed,74,2084.433906,38,29,15581.516578947369,9,29,0.7631578947368421,0.3103448275862069,Greed,Whale
0x4f93fead39b70a1824f981a54d4e55b278e9f760,2024-06-17,Greed,71,1268.7590360000002,14,4,18035.112857142856,8,6,0.2857142857142857,1.3333333333333333,Greed,Whale
0x4f93fead39b70a1824f981a54d4e55b278e9f760,2024-06-18,Greed,74,0.0,7,0,8999.745714285715,7,0,0.0,10.0,Greed,Whale
0x4f93fead39b70a1824f981a54d4e55b278e9f760,2024-06-19,Greed,64,2053.973644,17,17,11180.089411764706,0,17,1.0,0.0,Greed,Whale
0x4f93fead39b70a1824f981a54d4e55b278e9f760,2024-06-20,Greed,60,0.0,4,0,7499.34,0,4,0.0,0.0,Greed,Whale
0x4f93fead39b70a1824f981a54d4e55b278e9f760,2024-06-21,Greed,63,773.5582039999999,11,3,6746.9345454545455,11,0,0.2727272727272727,10.0,Greed,Whale
0x4f93fead39b70a1824f981a54d4e55b278e9f760,2024-06-22,Neutral,53,0.0,3,0,6000.07,3,0,0.0,10.0,Neutral,Whale
0x4f93fead39b70a1824f981a54d4e55b278e9f760,2024-06-24,Neutral,51,0.0,21,0,12000.350952380952,21,0,0.0,10.0,Neutral,Whale
0x4f93fead39b70a1824f981a54d4e55b278e9f760,2024-06-26,Neutral,46,4197.732182,31,21,11748.220645161291,0,31,0.6774193548387096,0.0,Neutral,Whale
0x4f93fead39b70a1824f981a54d4e55b278e9f760,2024-06-27,Fear,40,0.0,12,0,9999.173333333334,0,12,0.0,0.0,Fear,Whale
0x4f93fead39b70a1824f981a54d4e55b278e9f760,2024-06-29,Fear,30,1842.738325,17,13,13148.880588235294,16,1,0.7647058823529411,16.0,Fear,Whale
0x4f93fead39b70a1824f981a54d4e55b278e9f760,2024-06-30,Neutral,47,0.0,3,0,9999.756666666666,3,0,0.0,10.0,Neutral,Whale
0x4f93fead39b70a1824f981a54d4e55b278e9f760,2024-07-01,Neutral,53,1202.488212,13,9,7476.965384615385,2,11,0.6923076923076923,0.18181818181818182,Neutral,Whale
0x4f93fead39b70a1824f981a54d4e55b278e9f760,2024-07-03,Neutral,50,1118.387284,10,4,10388.008,10,0,0.4,10.0,Neutral,Whale
0x4f93fead39b70a1824f981a54d4e55b278e9f760,2024-07-04,Fear,44,0.0,14,0,18215.87285714286,14,0,0.0,10.0,Fear,Whale
0x4f93fead39b70a1824f981a54d4e55b278e9f760,2024-07-05,Fear,29,0.0,20,0,13514.937,20,0,0.0,10.0,Fear,Whale
0x4f93fead39b70a1824f981a54d4e55b278e9f760,2024-07-10,Fear,28,11595.627026,43,33,15625.97930232558,10,33,0.7674418604651163,0.30303030303030304,Fear,Whale
0x4f93fead39b70a1824f981a54d4e55b278e9f760,2024-07-11,Fear,29,1876.812082,19,9,8941.422105263156,10,9,0.47368421052631576,1.1111111111111112,Fear,Whale
0x4f93fead39b70a1824f981a54d4e55b278e9f760,2024-07-12,Fear,25,0.0,10,0,7600.664999999999,10,0,0.0,10.0,Fear,Whale
0x4f93fead39b70a1824f981a54d4e55b278e9f760,2024-07-13,Fear,25,2678.839374,13,13,10668.462307692309,0,13,1.0,0.0,Fear,Whale
0x4f93fead39b70a1824f981a54d4e55b278e9f760,2024-07-14,Fear,33,0.0,7,0,12000.16142857143,0,7,0.0,0.0,Fear,Whale
0x4f93fead39b70a1824f981a54d4e55b278e9f760,2024-07-15,Neutral,52,0.0,21,0,7999.7071428571435,0,21,0.0,0.0,Neutral,Whale
0x4f93fead39b70a1824f981a54d4e55b278e9f760,2024-07-16,Greed,65,0.0,22,0,6545.480454545454,0,22,0.0,0.0,Greed,Whale
0x4f93fead39b70a1824f981a54d4e55b278e9f760,2024-07-17,Greed,69,0.0,9,0,18326.035555555558,0,9,0.0,0.0,Greed,Whale
0x4f93fead39b70a1824f981a54d4e55b278e9f760,2024-07-18,Greed,61,2569.979964,53,41,12119.926603773585,53,0,0.7735849056603774,10.0,Greed,Whale
0x4f93fead39b70a1824f981a54d4e55b278e9f760,2024-07-19,Greed,60,2120.091364,16,11,9132.66875,0,16,0.6875,0.0,Greed,Whale
0x4f93fead39b70a1824f981a54d4e55b278e9f760,2024-07-20,Greed,74,129.66130099999998,9,4,11097.74111111111,9,0,0.4444444444444444,10.0,Greed,Whale
0x4f93fead39b70a1824f981a54d4e55b278e9f760,2024-07-21,Greed,74,0.0,3,0,14665.06,3,0,0.0,10.0,Greed,Whale
0x4f93fead39b70a1824f981a54d4e55b278e9f760,2024-07-22,Greed,70,2273.29301,21,13,10728.97,10,11,0.6190476190476191,0.9090909090909091,Greed,Whale
0x4f93fead39b70a1824f981a54d4e55b278e9f760,2024-07-23,Greed,71,0.0,2,0,11997.235,2,0,0.0,10.0,Greed,Whale
0x4f93fead39b70a1824f981a54d4e55b278e9f760,2024-07-24,Greed,69,0.0,21,0,1333.8833333333332,3,18,0.0,0.16666666666666666,Greed,Whale
0x4f93fead39b70a1824f981a54d4e55b278e9f760,2024-07-25,Greed,68,0.0,65,0,7990.4683076923075,65,0,0.0,10.0,Greed,Whale
0x4f93fead39b70a1824f981a54d4e55b278e9f760,2024-07-26,Greed,68,0.0,10,0,15000.965,10,0,0.0,10.0,Greed,Whale
0x4f93fead39b70a1824f981a54d4e55b278e9f760,2024-07-27,Greed,72,6400.623656,52,42,17322.249807692308,9,43,0.8076923076923077,0.20930232558139536,Greed,Whale
0x4f93fead39b70a1824f981a54d4e55b278e9f760,2024-07-28,Greed,71,0.0,3,0,10666.563333333334,3,0,0.0,10.0,Greed,Whale
0x4f93fead39b70a1824f981a54d4e55b278e9f760,2024-07-30,Greed,67,0.0,6,0,6001.078333333334,6,0,0.0,10.0,Greed,Whale
0x4f93fead39b70a1824f981a54d4e55b278e9f760,2024-07-31,Greed,61,0.0,3,0,13335.046666666667,3,0,0.0,10.0,Greed,Whale
0x4f93fead39b70a1824f981a54d4e55b278e9f760,2024-08-01,Neutral,52,0.0,13,0,11076.539230769231,13,0,0.0,10.0,Neutral,Whale
0x4f93fead39b70a1824f981a54d4e55b278e9f760,2024-08-02,Greed,57,0.0,36,0,8221.31,35,1,0.0,35.0,Greed,Whale
0x4f93fead39b70a1824f981a54d4e55b278e9f760,2024-08-03,Fear,37,0.0,13,0,8652.23,13,0,0.0,10.0,Fear,Whale
0x4f93fead39b70a1824f981a54d4e55b278e9f760,2024-08-04,Fear,34,-108604.496278,72,0,12521.542916666665,12,60,0.0,0.2,Fear,Whale
0x4f93fead39b70a1824f981a54d4e55b278e9f760,2024-08-05,Fear,26,-4779.219012,17,0,12572.832941176472,15,2,0.0,7.5,Fear,Whale
0x4f93fead39b70a1824f981a54d4e55b278e9f760,2024-08-09,Neutral,48,11147.900554,12,9,11003.166666666666,3,9,0.75,0.3333333333333333,Neutral,Whale
0x4f93fead39b70a1824f981a54d4e55b278e9f760,2024-08-11,Fear,39,847.7766200000001,8,4,5104.981250000001,0,8,0.5,0.0,Fear,Whale
0x4f93fead39b70a1824f981a54d4e55b278e9f760,2024-08-12,Fear,25,858.6705000000001,16,6,2758.775,16,0,0.375,10.0,Fear,Whale
0x4f93fead39b70a1824f981a54d4e55b278e9f760,2024-08-13,Fear,31,0.0,5,0,2500.02,4,1,0.0,4.0,Fear,Whale
0x4f93fead39b70a1824f981a54d4e55b278e9f760,2024-08-14,Fear,30,2168.9015130000003,9,5,7185.148888888889,4,5,0.5555555555555556,0.8,Fear,Whale
0x4f93fead39b70a1824f981a54d4e55b278e9f760,2024-08-16,Fear,27,0.0,2,0,6250.0650000000005,2,0,0.0,10.0,Fear,Whale
0x4f93fead39b70a1824f981a54d4e55b278e9f760,2024-08-18,Fear,31,307.201888,14,12,4486.033571428571,0,14,0.8571428571428571,0.0,Fear,Whale
0x4f93fead39b70a1824f981a54d4e55b278e9f760,2024-08-20,Fear,30,192.602844,8,1,5302.23375,5,3,0.125,1.6666666666666667,Fear,Whale
0x4f93fead39b70a1824f981a54d4e55b278e9f760,2024-08-23,Fear,34,1005.30527,10,3,6350.956,0,10,0.3,0.0,Fear,Whale
0x4f93fead39b70a1824f981a54d4e55b278e9f760,2024-08-24,Greed,56,0.0,2,0,7500.035,0,2,0.0,0.0,Greed,Whale
0x4f93fead39b70a1824f981a54d4e55b278e9f760,2024-08-25,Neutral,54,0.0,4,0,3749.0825,0,4,0.0,0.0,Neutral,Whale
0x4f93fead39b70a1824f981a54d4e55b278e9f760,2024-08-26,Greed,55,231.236918,5,2,18452.704,5,0,0.4,10.0,Greed,Whale
0x4f93fead39b70a1824f981a54d4e55b278e9f760,2024-08-27,Neutral,48,0.0,7,0,9286.455714285714,7,0,0.0,10.0,Neutral,Whale
0x4f93fead39b70a1824f981a54d4e55b278e9f760,2024-08-28,Fear,30,0.0,7,0,6784.937142857142,7,0,0.0,10.0,Fear,Whale
0x4f93fead39b70a1824f981a54d4e55b278e9f760,2024-08-30,Fear,34,0.0,3,0,9164.183333333334,3,0,0.0,10.0,Fear,Whale
0x4f93fead39b70a1824f981a54d4e55b278e9f760,2024-09-02,Fear,26,0.0,2,0,15000.21,2,0,0.0,10.0,Fear,Whale
0x4f93fead39b70a1824f981a54d4e55b278e9f760,2024-09-04,Fear,27,0.0,1,0,35004.98,1,0,0.0,10.0,Fear,Whale
0x4f93fead39b70a1824f981a54d4e55b278e9f760,2024-09-06,Extreme Fear,22,0.0,4,0,8747.6675,4,0,0.0,10.0,Fear,Whale
0x4f93fead39b70a1824f981a54d4e55b278e9f760,2024-09-20,Neutral,54,9585.03428,12,8,25380.9675,3,9,0.6666666666666666,0.3333333333333333,Neutral,Whale
0x4f93fead39b70a1824f981a54d4e55b278e9f760,2024-09-22,Neutral,52,0.0,3,0,6666.579999999999,3,0,0.0,10.0,Neutral,Whale
0x4f93fead39b70a1824f981a54d4e55b278e9f760,2024-09-23,Neutral,50,334.760796,2,1,20167.145,1,1,0.5,1.0,Neutral,Whale
0x4f93fead39b70a1824f981a54d4e55b278e9f760,2024-09-25,Greed,59,0.0,6,0,8333.518333333333,6,0,0.0,10.0,Greed,Whale
0x4f93fead39b70a1824f981a54d4e55b278e9f760,2024-09-26,Neutral,50,439.812513,3,2,26813.47333333333,0,3,0.6666666666666666,0.0,Neutral,Whale
0x4f93fead39b70a1824f981a54d4e55b278e9f760,2024-09-27,Greed,61,0.0,10,0,9999.232,0,10,0.0,0.0,Greed,Whale
0x4f93fead39b70a1824f981a54d4e55b278e9f760,2024-09-30,Greed,61,2710.626288,10,5,17728.09,10,0,0.5,10.0,Greed,Whale
0x4f93fead39b70a1824f981a54d4e55b278e9f760,2024-10-01,Neutral,50,0.0,4,0,34988.58,4,0,0.0,10.0,Neutral,Whale
0x4f93fead39b70a1824f981a54d4e55b278e9f760,2024-10-02,Fear,42,0.0,4,0,24988.585,4,0,0.0,10.0,Fear,Whale
0x4f93fead39b70a1824f981a54d4e55b278e9f760,2024-10-03,Fear,37,0.0,4,0,30002.25,4,0,0.0,10.0,Fear,Whale
0x4f93fead39b70a1824f981a54d4e55b278e9f760,2024-10-05,Neutral,49,5767.161892,36,24,16822.36472222222,9,27,0.6666666666666666,0.3333333333333333,Neutral,Whale
0x4f93fead39b70a1824f981a54d4e55b278e9f760,2024-10-06,Neutral,50,130.487079,22,5,13642.298181818182,6,16,0.22727272727272727,0.375,Neutral,Whale
0x4f93fead39b70a1824f981a54d4e55b278e9f760,2024-10-07,Neutral,50,0.0,21,0,10475.459523809524,0,21,0.0,0.0,Neutral,Whale
0x4f93fead39b70a1824f981a54d4e55b278e9f760,2024-10-08,Neutral,49,5396.546638,35,33,12416.672857142858,34,1,0.9428571428571428,34.0,Neutral,Whale
0x4f93fead39b70a1824f981a54d4e55b278e9f760,2024-10-09,Neutral,49,396.06272,14,3,15742.852142857142,11,3,0.21428571428571427,3.6666666666666665,Neutral,Whale
0x4f93fead39b70a1824f981a54d4e55b278e9f760,2024-10-10,Fear,39,0.0,16,0,18751.521249999998,16,0,0.0,10.0,Fear,Whale
0x4f93fead39b70a1824f981a54d4e55b278e9f760,2024-10-11,Fear,32,8885.327477,25,18,19556.1384,0,25,0.72,0.0,Fear,Whale
0x4f93fead39b70a1824f981a54d4e55b278e9f760,2024-10-12,Neutral,49,541.55471,10,7,15971.34,7,3,0.7,2.3333333333333335,Neutral,Whale
0x4f93fead39b70a1824f981a54d4e55b278e9f760,2024-10-13,Neutral,50,0.0,10,0,6000.242,10,0,0.0,10.0,Neutral,Whale
0x4f93fead39b70a1824f981a54d4e55b278e9f760,2024-10-14,Neutral,48,1913.61958,5,5,12383.204000000002,0,5,1.0,0.0,Neutral,Whale
0x4f93fead39b70a1824f981a54d4e55b278e9f760,2024-10-15,Greed,65,1170.2260760000001,7,4,11596.194285714286,3,4,0.5714285714285714,0.75,Greed,Whale
0x4f93fead39b70a1824f981a54d4e55b278e9f760,2024-10-16,Greed,73,219.480876,11,3,7293.560909090909,8,3,0.2727272727272727,2.6666666666666665,Greed,Whale
0x4f93fead39b70a1824f981a54d4e55b278e9f760,2024-10-17,Greed,71,36.11496,8,1,17504.00375,6,2,0.125,3.0,Greed,Whale
0x4f93fead39b70a1824f981a54d4e55b278e9f760,2024-10-18,Greed,73,333.219141,6,5,20055.238333333335,1,5,0.8333333333333334,0.2,Greed,Whale
0x4f93fead39b70a1824f981a54d4e55b278e9f760,2024-10-19,Greed,72,0.0,4,0,24999.215,4,0,0.0,10.0,Greed,Whale
0x4f93fead39b70a1824f981a54d4e55b278e9f760,2024-10-20,Greed,73,229.060526,6,5,20037.618333333336,1,5,0.8333333333333334,0.2,Greed,Whale
0x4f93fead39b70a1824f981a54d4e55b278e9f760,2024-10-21,Greed,72,0.0,11,0,13638.561818181817,11,0,0.0,10.0,Greed,Whale
0x4f93fead39b70a1824f981a54d4e55b278e9f760,2024-10-22,Greed,70,0.0,3,0,20000.12,3,0,0.0,10.0,Greed,Whale
0x4f93fead39b70a1824f981a54d4e55b278e9f760,2024-10-23,Greed,71,-46.489941,18,0,11667.003888888888,15,3,0.0,5.0,Greed,Whale
0x4f93fead39b70a1824f981a54d4e55b278e9f760,2024-10-25,Greed,72,4543.862071,25,16,16183.4872,9,16,0.64,0.5625,Greed,Whale
0x4f93fead39b70a1824f981a54d4e55b278e9f760,2024-10-27,Greed,74,666.6623079999999,4,3,22666.1025,0,4,0.75,0.0,Greed,Whale
0x4f93fead39b70a1824f981a54d4e55b278e9f760,2024-10-28,Greed,72,0.0,9,0,13332.702222222222,0,9,0.0,0.0,Greed,Whale
0x4f93fead39b70a1824f981a54d4e55b278e9f760,2024-10-29,Greed,72,0.0,37,0,16285.80864864865,0,37,0.0,0.0,Greed,Whale
0x4f93fead39b70a1824f981a54d4e55b278e9f760,2024-10-31,Extreme Greed,77,765.475192,28,23,30487.215,25,3,0.8214285714285714,8.333333333333334,Greed,Whale
0x4f93fead39b70a1824f981a54d4e55b278e9f760,2024-11-01,Extreme Greed,75,1040.5747959999999,9,2,25670.122222222224,7,2,0.2222222222222222,3.5,Greed,Whale
0x4f93fead39b70a1824f981a54d4e55b278e9f760,2024-11-02,Greed,72,0.0,2,0,20000.0,2,0,0.0,10.0,Greed,Whale
0x4f93fead39b70a1824f981a54d4e55b278e9f760,2024-11-03,Greed,74,0.0,4,0,27498.585,4,0,0.0,10.0,Greed,Whale
0x4f93fead39b70a1824f981a54d4e55b278e9f760,2024-11-04,Greed,70,2259.351364,26,13,16623.486153846156,13,13,0.5,1.0,Greed,Whale
0x4f93fead39b70a1824f981a54d4e55b278e9f760,2024-11-05,Greed,70,678.4759280000001,10,5,20062.723,5,5,0.5,1.0,Greed,Whale
0x4f93fead39b70a1824f981a54d4e55b278e9f760,2024-11-06,Greed,70,2821.24842,12,7,10158.865,5,7,0.5833333333333334,0.7142857142857143,Greed,Whale
0x4f93fead39b70a1824f981a54d4e55b278e9f760,2024-11-07,Extreme Greed,77,628.96246,2,1,30314.425,1,1,0.5,1.0,Greed,Whale
0x4f93fead39b70a1824f981a54d4e55b278e9f760,2024-11-08,Extreme Greed,75,646.3734049999999,24,6,10026.734583333333,18,6,0.25,3.0,Greed,Whale
0x4f93fead39b70a1824f981a54d4e55b278e9f760,2024-11-09,Extreme Greed,75,0.0,9,0,16666.712222222224,9,0,0.0,10.0,Greed,Whale
0x4f93fead39b70a1824f981a54d4e55b278e9f760,2024-11-10,Extreme Greed,78,548.36595,8,6,22568.36875,2,6,0.75,0.3333333333333333,Greed,Whale
0x4f93fead39b70a1824f981a54d4e55b278e9f760,2024-11-11,Extreme Greed,76,1479.677222,20,9,16571.107,11,9,0.45,1.2222222222222223,Greed,Whale
0x4f93fead39b70a1824f981a54d4e55b278e9f760,2024-11-12,Extreme Greed,80,2053.119744,74,12,14354.293783783784,62,12,0.16216216216216217,5.166666666666667,Greed,Whale
0x4f93fead39b70a1824f981a54d4e55b278e9f760,2024-11-13,Extreme Greed,84,7680.907897,25,16,19512.4728,9,16,0.64,0.5625,Greed,Whale
0x4f93fead39b70a1824f981a54d4e55b278e9f760,2024-11-14,Extreme Greed,88,2348.106228,41,14,21522.69975609756,27,14,0.34146341463414637,1.9285714285714286,Greed,Whale
0x4f93fead39b70a1824f981a54d4e55b278e9f760,2024-11-15,Extreme Greed,80,2003.536586,79,33,17219.896202531647,45,34,0.4177215189873418,1.3235294117647058,Greed,Whale
0x4f93fead39b70a1824f981a54d4e55b278e9f760,2024-11-16,Extreme Greed,86,255.14686999999998,12,7,18322.8475,7,5,0.5833333333333334,1.4,Greed,Whale
0x4f93fead39b70a1824f981a54d4e55b278e9f760,2024-11-17,Extreme Greed,90,546.624374,26,8,23861.476153846153,18,8,0.3076923076923077,2.25,Greed,Whale
0x4f93fead39b70a1824f981a54d4e55b278e9f760,2024-11-18,Extreme Greed,83,3158.176614,35,15,26917.316857142858,19,16,0.42857142857142855,1.1875,Greed,Whale
0x4f93fead39b70a1824f981a54d4e55b278e9f760,2024-11-19,Extreme Greed,90,1573.210981,30,15,10658.076000000001,17,13,0.5,1.3076923076923077,Greed,Whale
0x4f93fead39b70a1824f981a54d4e55b278e9f760,2024-11-20,Extreme Greed,83,2259.775633,33,16,25402.638787878786,15,18,0.48484848484848486,0.8333333333333334,Greed,Whale
0x4f93fead39b70a1824f981a54d4e55b278e9f760,2024-11-21,Extreme Greed,82,909.745283,9,4,17786.91,5,4,0.4444444444444444,1.25,Greed,Whale
0x4f93fead39b70a1824f981a54d4e55b278e9f760,2024-11-22,Extreme Greed,94,1825.01255,18,12,16769.490555555556,6,12,0.6666666666666666,0.5,Greed,Whale
0x4f93fead39b70a1824f981a54d4e55b278e9f760,2024-11-23,Extreme Greed,93,0.0,9,0,6667.414444444444,9,0,0.0,10.0,Greed,Whale
0x4f93fead39b70a1824f981a54d4e55b278e9f760,2024-11-24,Extreme Greed,80,445.338356,33,5,15770.984848484848,28,5,0.15151515151515152,5.6,Greed,Whale
0x4f93fead39b70a1824f981a54d4e55b278e9f760,2024-11-25,Extreme Greed,82,5059.459732,30,10,28814.273999999998,20,10,0.3333333333333333,2.0,Greed,Whale
0x4f93fead39b70a1824f981a54d4e55b278e9f760,2024-11-26,Extreme Greed,79,0.0,22,0,19319.39181818182,22,0,0.0,10.0,Greed,Whale
0x4f93fead39b70a1824f981a54d4e55b278e9f760,2024-11-27,Extreme Greed,75,-2848.159792,44,0,28557.08818181818,3,41,0.0,0.07317073170731707,Greed,Whale
0x4f93fead39b70a1824f981a54d4e55b278e9f760,2024-11-28,Extreme Greed,77,1174.315571,12,6,28232.108333333334,9,3,0.5,3.0,Greed,Whale
0x4f93fead39b70a1824f981a54d4e55b278e9f760,2024-11-29,Extreme Greed,78,610.52512,7,1,25798.085714285717,0,7,0.14285714285714285,0.0,Greed,Whale
0x4f93fead39b70a1824f981a54d4e55b278e9f760,2024-11-30,Extreme Greed,84,850.54514,12,5,19926.774999999998,12,0,0.4166666666666667,10.0,Greed,Whale
0x4f93fead39b70a1824f981a54d4e55b278e9f760,2024-12-01,Extreme Greed,81,337.835516,27,16,22229.845925925925,5,22,0.5925925925925926,0.22727272727272727,Greed,Whale
0x4f93fead39b70a1824f981a54d4e55b278e9f760,2024-12-02,Extreme Greed,80,754.7378,17,6,17691.249411764704,11,6,0.35294117647058826,1.8333333333333333,Greed,Whale
0x4f93fead39b70a1824f981a54d4e55b278e9f760,2024-12-03,Extreme Greed,76,1467.1002210000001,9,4,31374.63555555556,5,4,0.4444444444444444,1.25,Greed,Whale
0x4f93fead39b70a1824f981a54d4e55b278e9f760,2024-12-04,Extreme Greed,78,291.35271,13,3,20080.955384615383,10,3,0.23076923076923078,3.3333333333333335,Greed,Whale
0x4f93fead39b70a1824f981a54d4e55b278e9f760,2024-12-05,Extreme Greed,84,1435.68724,19,2,40074.16368421053,0,19,0.10526315789473684,0.0,Greed,Whale
0x4f93fead39b70a1824f981a54d4e55b278e9f760,2024-12-06,Greed,72,7206.315268,59,21,25128.245762711864,39,20,0.3559322033898305,1.95,Greed,Whale
0x4f93fead39b70a1824f981a54d4e55b278e9f760,2024-12-07,Extreme Greed,75,2342.996384,4,4,49620.3625,4,0,1.0,10.0,Greed,Whale
0x4f93fead39b70a1824f981a54d4e55b278e9f760,2024-12-08,Extreme Greed,79,0.0,7,0,8570.51857142857,0,7,0.0,0.0,Greed,Whale
0x4f93fead39b70a1824f981a54d4e55b278e9f760,2024-12-09,Extreme Greed,78,2350.499742,17,7,21156.991764705883,13,4,0.4117647058823529,3.25,Greed,Whale
0x4f93fead39b70a1824f981a54d4e55b278e9f760,2024-12-10,Extreme Greed,78,3986.312514,36,12,19470.586944444443,27,9,0.3333333333333333,3.0,Greed,Whale
0x4f93fead39b70a1824f981a54d4e55b278e9f760,2024-12-11,Greed,74,1083.777057,30,8,23331.314333333332,6,24,0.26666666666666666,0.25,Greed,Whale
0x4f93fead39b70a1824f981a54d4e55b278e9f760,2024-12-12,Extreme Greed,83,0.0,31,0,12254.174838709678,0,31,0.0,0.0,Greed,Whale
0x4f93fead39b70a1824f981a54d4e55b278e9f760,2024-12-13,Extreme Greed,76,6790.274613,49,27,20715.92551020408,37,12,0.5510204081632653,3.0833333333333335,Greed,Whale
0x4f93fead39b70a1824f981a54d4e55b278e9f760,2024-12-14,Extreme Greed,83,570.1898180000001,19,6,10507.837368421053,14,5,0.3157894736842105,2.8,Greed,Whale
0x4f93fead39b70a1824f981a54d4e55b278e9f760,2024-12-15,Extreme Greed,80,263.914304,21,5,14297.049523809523,4,17,0.23809523809523808,0.23529411764705882,Greed,Whale
0x4f93fead39b70a1824f981a54d4e55b278e9f760,2024-12-16,Extreme Greed,83,0.0,27,0,32579.84037037037,0,27,0.0,0.0,Greed,Whale
0x4f93fead39b70a1824f981a54d4e55b278e9f760,2024-12-17,Extreme Greed,87,0.0,12,0,14999.839166666667,0,12,0.0,0.0,Greed,Whale
0x4f93fead39b70a1824f981a54d4e55b278e9f760,2024-12-18,Extreme Greed,81,-4627.220257,62,5,28169.055161290322,57,5,0.08064516129032258,11.4,Greed,Whale
0x4f93fead39b70a1824f981a54d4e55b278e9f760,2024-12-19,Extreme Greed,75,1582.2032900000002,53,6,17374.649433962266,47,6,0.11320754716981132,7.833333333333333,Greed,Whale
0x4f93fead39b70a1824f981a54d4e55b278e9f760,2024-12-20,Greed,74,0.0,6,0,37047.935,6,0,0.0,10.0,Greed,Whale
0x4f93fead39b70a1824f981a54d4e55b278e9f760,2024-12-21,Greed,73,1367.500173,50,28,20223.721400000002,22,28,0.56,0.7857142857142857,Greed,Whale
0x4f93fead39b70a1824f981a54d4e55b278e9f760,2024-12-22,Greed,73,0.0,3,0,43336.74,3,0,0.0,10.0,Greed,Whale
0x4f93fead39b70a1824f981a54d4e55b278e9f760,2024-12-23,Greed,70,0.0,16,0,21196.97,16,0,0.0,10.0,Greed,Whale
0x4f93fead39b70a1824f981a54d4e55b278e9f760,2024-12-24,Greed,73,2081.2674110000003,32,21,29259.798125,3,29,0.65625,0.10344827586206896,Greed,Whale
0x4f93fead39b70a1824f981a54d4e55b278e9f760,2024-12-25,Greed,73,0.0,3,0,23333.069999999996,0,3,0.0,0.0,Greed,Whale
0x4f93fead39b70a1824f981a54d4e55b278e9f760,2024-12-26,Extreme Greed,79,7617.597338,21,8,21067.338571428572,20,1,0.38095238095238093,20.0,Greed,Whale
0x4f93fead39b70a1824f981a54d4e55b278e9f760,2024-12-27,Greed,74,0.0,18,0,3890.9755555555553,18,0,0.0,10.0,Greed,Whale
0x4f93fead39b70a1824f981a54d4e55b278e9f760,2024-12-28,Greed,72,16.972942,6,3,18342.231666666667,0,6,0.5,0.0,Greed,Whale
0x4f93fead39b70a1824f981a54d4e55b278e9f760,2024-12-29,Greed,73,390.062046,14,4,5685.322142857142,7,7,0.2857142857142857,1.0,Greed,Whale
0x4f93fead39b70a1824f981a54d4e55b278e9f760,2024-12-30,Greed,65,4235.298688000001,22,9,25644.989545454548,13,9,0.4090909090909091,1.4444444444444444,Greed,Whale
0x4f93fead39b70a1824f981a54d4e55b278e9f760,2024-12-31,Greed,64,2301.21954,47,2,10472.761489361701,45,2,0.0425531914893617,22.5,Greed,Whale
0x4f93fead39b70a1824f981a54d4e55b278e9f760,2025-01-01,Greed,66,0.0,1,0,49999.51,1,0,0.0,10.0,Greed,Whale
0x4f93fead39b70a1824f981a54d4e55b278e9f760,2025-01-02,Greed,70,2399.9471460000004,19,8,19582.443684210524,11,8,0.42105263157894735,1.375,Greed,Whale
0x4f93fead39b70a1824f981a54d4e55b278e9f760,2025-01-03,Greed,74,3084.287743,48,29,9644.217708333334,19,29,0.6041666666666666,0.6551724137931034,Greed,Whale
0x4f93fead39b70a1824f981a54d4e55b278e9f760,2025-01-04,Greed,73,0.0,14,0,7142.837142857143,14,0,0.0,10.0,Greed,Whale
0x4f93fead39b70a1824f981a54d4e55b278e9f760,2025-01-05,Greed,72,890.33157,19,4,19427.31105263158,15,4,0.21052631578947367,3.75,Greed,Whale
0x4f93fead39b70a1824f981a54d4e55b278e9f760,2025-01-06,Extreme Greed,76,3575.442423,32,14,10735.9740625,18,14,0.4375,1.2857142857142858,Greed,Whale
0x4f93fead39b70a1824f981a54d4e55b278e9f760,2025-01-07,Extreme Greed,78,0.0,39,0,12147.022564102565,39,0,0.0,10.0,Greed,Whale
0x4f93fead39b70a1824f981a54d4e55b278e9f760,2025-01-08,Greed,70,0.0,16,0,19291.1175,16,0,0.0,10.0,Greed,Whale
0x4f93fead39b70a1824f981a54d4e55b278e9f760,2025-01-10,Neutral,50,-36229.641811,219,98,26918.19479452055,102,117,0.4474885844748858,0.8717948717948718,Neutral,Whale
0x4f93fead39b70a1824f981a54d4e55b278e9f760,2025-01-11,Greed,69,1559.841529,76,27,20461.92407894737,49,27,0.35526315789473684,1.8148148148148149,Greed,Whale
0x4f93fead39b70a1824f981a54d4e55b278e9f760,2025-01-12,Greed,62,736.621517,75,34,24737.227600000002,30,45,0.4533333333333333,0.6666666666666666,Greed,Whale
0x4f93fead39b70a1824f981a54d4e55b278e9f760,2025-01-13,Greed,61,1756.982034,97,54,24201.82237113402,49,48,0.5567010309278351,1.0208333333333333,Greed,Whale
0x4f93fead39b70a1824f981a54d4e55b278e9f760,2025-01-14,Greed,63,1878.804638,42,17,15041.543095238096,25,17,0.40476190476190477,1.4705882352941178,Greed,Whale
0x4f93fead39b70a1824f981a54d4e55b278e9f760,2025-01-15,Greed,70,7470.003118,73,42,21394.826301369863,26,47,0.5753424657534246,0.5531914893617021,Greed,Whale
0x4f93fead39b70a1824f981a54d4e55b278e9f760,2025-01-16,Extreme Greed,75,5170.4237570000005,100,55,27260.669100000003,45,55,0.55,0.8181818181818182,Greed,Whale
0x4f93fead39b70a1824f981a54d4e55b278e9f760,2025-01-17,Extreme Greed,75,811.1445319999999,21,7,30510.78523809524,14,7,0.3333333333333333,2.0,Greed,Whale
0x4f93fead39b70a1824f981a54d4e55b278e9f760,2025-01-18,Extreme Greed,77,4078.848863,58,32,32431.74827586207,32,26,0.5517241379310345,1.2307692307692308,Greed,Whale
0x4f93fead39b70a1824f981a54d4e55b278e9f760,2025-01-19,Extreme Greed,77,3253.260003,88,32,25180.392613636363,63,25,0.36363636363636365,2.52,Greed,Whale
0x4f93fead39b70a1824f981a54d4e55b278e9f760,2025-01-20,Extreme Greed,76,7466.841136,194,69,29887.263092783505,133,61,0.3556701030927835,2.180327868852459,Greed,Whale
0x4f93fead39b70a1824f981a54d4e55b278e9f760,2025-01-21,Extreme Greed,76,2953.3108039999997,92,40,14189.073260869565,34,58,0.43478260869565216,0.5862068965517241,Greed,Whale
0x4f93fead39b70a1824f981a54d4e55b278e9f760,2025-01-22,Extreme Greed,84,2971.896355,61,25,17456.443770491805,35,26,0.4098360655737705,1.3461538461538463,Greed,Whale
0x4f93fead39b70a1824f981a54d4e55b278e9f760,2025-01-23,Extreme Greed,75,6749.1349199999995,82,22,17999.84780487805,55,27,0.2682926829268293,2.037037037037037,Greed,Whale
0x4f93fead39b70a1824f981a54d4e55b278e9f760,2025-01-24,Extreme Greed,75,1707.06994,42,16,14664.804285714286,14,28,0.38095238095238093,0.5,Greed,Whale
0x4f93fead39b70a1824f981a54d4e55b278e9f760,2025-01-25,Extreme Greed,75,446.44485399999996,18,4,22485.88888888889,18,0,0.2222222222222222,10.0,Greed,Whale
0x4f93fead39b70a1824f981a54d4e55b278e9f760,2025-01-27,Greed,71,0.0,15,0,33170.452666666664,15,0,0.0,10.0,Greed,Whale
0x4f93fead39b70a1824f981a54d4e55b278e9f760,2025-01-30,Greed,70,3278.847724,75,35,21280.349733333333,39,36,0.4666666666666667,1.0833333333333333,Greed,Whale
0x4f93fead39b70a1824f981a54d4e55b278e9f760,2025-01-31,Extreme Greed,76,975.654751,59,21,13735.521525423728,35,24,0.3559322033898305,1.4583333333333333,Greed,Whale
0x4f93fead39b70a1824f981a54d4e55b278e9f760,2025-02-01,Greed,68,0.0,4,0,22500.69,4,0,0.0,10.0,Greed,Whale
0x4f93fead39b70a1824f981a54d4e55b278e9f760,2025-02-02,Greed,60,0.0,30,0,25418.461333333333,30,0,0.0,10.0,Greed,Whale
0x4f93fead39b70a1824f981a54d4e55b278e9f760,2025-02-04,Greed,72,6403.5061239999995,9,9,95439.94666666667,0,9,1.0,0.0,Greed,Whale
0x4f93fead39b70a1824f981a54d4e55b278e9f760,2025-02-05,Neutral,54,0.0,9,0,16663.026666666665,9,0,0.0,10.0,Neutral,Whale
0x4f93fead39b70a1824f981a54d4e55b278e9f760,2025-02-06,Neutral,49,440.753133,10,4,30041.394,6,4,0.4,1.5,Neutral,Whale
0x4f93fead39b70a1824f981a54d4e55b278e9f760,2025-02-07,Fear,44,3691.30885,27,9,19508.291481481483,12,15,0.3333333333333333,0.8,Fear,Whale
0x4f93fead39b70a1824f981a54d4e55b278e9f760,2025-02-08,Fear,44,0.0,8,0,22498.25125,8,0,0.0,10.0,Fear,Whale
0x4f93fead39b70a1824f981a54d4e55b278e9f760,2025-02-09,Neutral,46,866.203569,3,1,90292.82333333335,0,3,0.3333333333333333,0.0,Neutral,Whale
0x4f93fead39b70a1824f981a54d4e55b278e9f760,2025-02-10,Fear,43,2069.55836,84,29,14470.832976190475,46,38,0.34523809523809523,1.2105263157894737,Fear,Whale
0x4f93fead39b70a1824f981a54d4e55b278e9f760,2025-02-11,Neutral,47,1353.604398,56,22,12581.13017857143,28,28,0.39285714285714285,1.0,Neutral,Whale
0x4f93fead39b70a1824f981a54d4e55b278e9f760,2025-02-12,Neutral,46,5212.729861,84,45,14802.268214285714,22,62,0.5357142857142857,0.3548387096774194,Neutral,Whale
0x4f93fead39b70a1824f981a54d4e55b278e9f760,2025-02-13,Neutral,50,2205.413149,23,11,17512.87652173913,23,0,0.4782608695652174,10.0,Neutral,Whale
0x4f93fead39b70a1824f981a54d4e55b278e9f760,2025-02-14,Neutral,48,2678.115601,58,25,19911.15103448276,27,31,0.43103448275862066,0.8709677419354839,Neutral,Whale
0x4f93fead39b70a1824f981a54d4e55b278e9f760,2025-02-15,Neutral,50,3884.0032459999998,21,13,22683.889523809525,17,4,0.6190476190476191,4.25,Neutral,Whale
0x4f93fead39b70a1824f981a54d4e55b278e9f760,2025-02-16,Neutral,54,314.96786,25,11,14405.7528,15,10,0.44,1.5,Neutral,Whale
0x4f93fead39b70a1824f981a54d4e55b278e9f760,2025-02-17,Neutral,51,1204.110761,42,5,12833.438095238096,24,18,0.11904761904761904,1.3333333333333333,Neutral,Whale
0x4f93fead39b70a1824f981a54d4e55b278e9f760,2025-02-18,Neutral,47,1670.219701,44,14,13191.782954545453,30,14,0.3181818181818182,2.142857142857143,Neutral,Whale
0x4f93fead39b70a1824f981a54d4e55b278e9f760,2025-02-19,Fear,44,3512.2119079999998,58,23,16248.182068965516,45,13,0.39655172413793105,3.4615384615384617,Fear,Whale
0x4f93fead39b70a1824f981a54d4e55b278e9f760,2025-02-20,Neutral,49,1829.292797,90,40,17114.072111111112,48,42,0.4444444444444444,1.1428571428571428,Neutral,Whale
0x4f93fead39b70a1824f981a54d4e55b278e9f760,2025-02-21,Greed,55,5993.575314,76,8,17026.42842105263,30,46,0.10526315789473684,0.6521739130434783,Greed,Whale
0x4f93fead39b70a1824f981a54d4e55b278e9f760,2025-02-22,Neutral,49,1287.143384,91,52,16717.653406593407,39,52,0.5714285714285714,0.75,Neutral,Whale
0x4f93fead39b70a1824f981a54d4e55b278e9f760,2025-02-23,Neutral,50,109.68322,31,7,9029.90806451613,22,9,0.22580645161290322,2.4444444444444446,Neutral,Whale
0x4f93fead39b70a1824f981a54d4e55b278e9f760,2025-02-24,Neutral,49,1925.839355,17,5,27169.443529411765,12,5,0.29411764705882354,2.4,Neutral,Whale
0x4f93fead39b70a1824f981a54d4e55b278e9f760,2025-02-25,Fear,25,0.0,51,0,19559.930980392157,51,0,0.0,10.0,Fear,Whale
0x4f93fead39b70a1824f981a54d4e55b278e9f760,2025-03-02,Fear,26,11005.991600000001,26,21,43406.429615384615,5,21,0.8076923076923077,0.23809523809523808,Fear,Whale
0x4f93fead39b70a1824f981a54d4e55b278e9f760,2025-03-03,Fear,33,1136.272279,12,6,26764.120833333334,6,6,0.5,1.0,Fear,Whale
0x4f93fead39b70a1824f981a54d4e55b278e9f760,2025-03-04,Extreme Fear,15,8002.939313,59,28,25872.653898305085,22,37,0.4745762711864407,0.5945945945945946,Fear,Whale
0x4f93fead39b70a1824f981a54d4e55b278e9f760,2025-03-05,Extreme Fear,20,2741.101375,54,20,28870.43833333333,23,31,0.37037037037037035,0.7419354838709677,Fear,Whale
0x4f93fead39b70a1824f981a54d4e55b278e9f760,2025-03-06,Fear,25,3069.196282,37,10,17383.593783783785,23,14,0.2702702702702703,1.6428571428571428,Fear,Whale
0x4f93fead39b70a1824f981a54d4e55b278e9f760,2025-03-07,Fear,34,3273.5394420000002,22,18,10090.28,7,15,0.8181818181818182,0.4666666666666667,Fear,Whale
0x4f93fead39b70a1824f981a54d4e55b278e9f760,2025-03-08,Fear,28,0.0,17,0,7059.288823529412,17,0,0.0,10.0,Fear,Whale
0x4f93fead39b70a1824f981a54d4e55b278e9f760,2025-03-09,Fear,27,0.0,11,0,38167.586363636365,11,0,0.0,10.0,Fear,Whale
0x4f93fead39b70a1824f981a54d4e55b278e9f760,2025-03-10,Extreme Fear,20,14133.265684,103,42,25248.4113592233,61,42,0.4077669902912621,1.4523809523809523,Fear,Whale
0x4f93fead39b70a1824f981a54d4e55b278e9f760,2025-03-11,Extreme Fear,24,2479.265806,33,21,31854.999696969695,12,21,0.6363636363636364,0.5714285714285714,Fear,Whale
0x4f93fead39b70a1824f981a54d4e55b278e9f760,2025-03-12,Fear,34,0.0,10,0,17999.379,10,0,0.0,10.0,Fear,Whale
0x4f93fead39b70a1824f981a54d4e55b278e9f760,2025-03-13,Neutral,45,5770.595066,22,8,28439.44318181818,14,8,0.36363636363636365,1.75,Neutral,Whale
0x4f93fead39b70a1824f981a54d4e55b278e9f760,2025-03-14,Fear,27,11039.384571,25,10,22036.92,0,25,0.4,0.0,Fear,Whale
0x4f93fead39b70a1824f981a54d4e55b278e9f760,2025-03-15,Neutral,46,575.945518,8,7,17424.6975,8,0,0.875,10.0,Neutral,Whale
0x4f93fead39b70a1824f981a54d4e55b278e9f760,2025-03-16,Fear,30,144.99309,6,2,26689.39,4,2,0.3333333333333333,2.0,Fear,Whale
0x4f93fead39b70a1824f981a54d4e55b278e9f760,2025-03-17,Fear,32,2220.589556,11,8,18384.756363636363,1,10,0.7272727272727273,0.1,Fear,Whale
0x4f93fead39b70a1824f981a54d4e55b278e9f760,2025-03-18,Fear,34,362.477712,44,1,9083.757954545454,41,3,0.022727272727272728,13.666666666666666,Fear,Whale
0x4f93fead39b70a1824f981a54d4e55b278e9f760,2025-03-19,Fear,32,1438.717656,29,28,11776.706206896552,1,28,0.9655172413793104,0.03571428571428571,Fear,Whale
0x4f93fead39b70a1824f981a54d4e55b278e9f760,2025-03-20,Neutral,49,0.0,8,0,14999.98875,8,0,0.0,10.0,Neutral,Whale
0x4f93fead39b70a1824f981a54d4e55b278e9f760,2025-03-21,Fear,31,0.0,6,0,30000.725000000002,6,0,0.0,10.0,Fear,Whale
0x4f93fead39b70a1824f981a54d4e55b278e9f760,2025-03-22,Fear,32,58.007635,24,24,12502.583333333334,0,24,1.0,0.0,Fear,Whale
0x4f93fead39b70a1824f981a54d4e55b278e9f760,2025-03-23,Fear,30,134.82844,10,9,4013.454,1,9,0.9,0.1111111111111111,Fear,Whale
0x4f93fead39b70a1824f981a54d4e55b278e9f760,2025-03-24,Neutral,45,0.0,14,0,4285.6335714285715,0,14,0.0,0.0,Neutral,Whale
0x4f93fead39b70a1824f981a54d4e55b278e9f760,2025-03-25,Neutral,46,217.47456799999998,9,5,13309.063333333334,9,0,0.5555555555555556,10.0,Neutral,Whale
0x4f93fead39b70a1824f981a54d4e55b278e9f760,2025-03-26,Neutral,47,980.433384,10,6,20075.693,4,6,0.6,0.6666666666666666,Neutral,Whale
0x4f93fead39b70a1824f981a54d4e55b278e9f760,2025-03-27,Fear,40,4329.319769,40,16,19609.212,24,16,0.4,1.5,Fear,Whale
0x4f93fead39b70a1824f981a54d4e55b278e9f760,2025-03-28,Fear,44,0.0,10,0,19998.763,10,0,0.0,10.0,Fear,Whale
0x4f93fead39b70a1824f981a54d4e55b278e9f760,2025-03-29,Fear,26,0.0,8,0,27499.309999999998,8,0,0.0,10.0,Fear,Whale
0x4f93fead39b70a1824f981a54d4e55b278e9f760,2025-03-31,Fear,34,2112.5276,40,22,18052.58175,18,22,0.55,0.8181818181818182,Fear,Whale
0x4f93fead39b70a1824f981a54d4e55b278e9f760,2025-04-01,Fear,34,1402.082488,20,8,7070.317,12,8,0.4,1.5,Fear,Whale
0x4f93fead39b70a1824f981a54d4e55b278e9f760,2025-04-02,Fear,44,0.0,1,0,19999.7,1,0,0.0,10.0,Fear,Whale
0x4f93fead39b70a1824f981a54d4e55b278e9f760,2025-04-03,Fear,25,0.0,9,0,31104.344444444443,9,0,0.0,10.0,Fear,Whale
0x4f93fead39b70a1824f981a54d4e55b278e9f760,2025-04-04,Fear,28,4591.427138999999,21,13,20216.697142857145,8,13,0.6190476190476191,0.6153846153846154,Fear,Whale
0x4f93fead39b70a1824f981a54d4e55b278e9f760,2025-04-06,Fear,34,0.0,7,0,25710.512857142858,7,0,0.0,10.0,Fear,Whale
0x4f93fead39b70a1824f981a54d4e55b278e9f760,2025-04-07,Extreme Fear,23,0.0,45,0,13332.73688888889,45,0,0.0,10.0,Fear,Whale
0x4f93fead39b70a1824f981a54d4e55b278e9f760,2025-04-08,Extreme Fear,24,21114.136771999998,28,24,38252.94535714285,4,24,0.8571428571428571,0.16666666666666666,Fear,Whale
0x4f93fead39b70a1824f981a54d4e55b278e9f760,2025-04-09,Extreme Fear,18,25875.837656,45,24,19464.35377777778,21,24,0.5333333333333333,0.875,Fear,Whale
0x4f93fead39b70a1824f981a54d4e55b278e9f760,2025-04-10,Fear,39,0.0,9,0,16655.645555555555,9,0,0.0,10.0,Fear,Whale
0x4f93fead39b70a1824f981a54d4e55b278e9f760,2025-04-11,Fear,25,3188.3381949999994,3,3,51029.70333333334,0,3,1.0,0.0,Fear,Whale
0x4f93fead39b70a1824f981a54d4e55b278e9f760,2025-04-13,Neutral,45,253.67505,8,3,6281.60375,5,3,0.375,1.6666666666666667,Neutral,Whale
0x4f93fead39b70a1824f981a54d4e55b278e9f760,2025-04-14,Fear,31,322.73095,27,4,4642.299259259259,23,4,0.14814814814814814,5.75,Fear,Whale
0x4f93fead39b70a1824f981a54d4e55b278e9f760,2025-04-16,Fear,29,0.0,4,0,18749.704999999998,4,0,0.0,10.0,Fear,Whale
0x4f93fead39b70a1824f981a54d4e55b278e9f760,2025-04-17,Fear,30,1713.120195,9,8,19636.307777777776,1,8,0.8888888888888888,0.125,Fear,Whale
0x4f93fead39b70a1824f981a54d4e55b278e9f760,2025-04-18,Fear,33,0.0,4,0,12499.515,4,0,0.0,10.0,Fear,Whale
0x4f93fead39b70a1824f981a54d4e55b278e9f760,2025-04-19,Fear,32,721.976596,18,13,8373.388333333334,5,13,0.7222222222222222,0.38461538461538464,Fear,Whale
0x4f93fead39b70a1824f981a54d4e55b278e9f760,2025-04-20,Fear,37,0.0,8,0,15624.63125,8,0,0.0,10.0,Fear,Whale
0x4f93fead39b70a1824f981a54d4e55b278e9f760,2025-04-21,Fear,39,459.153994,9,9,16717.272222222222,0,9,1.0,0.0,Fear,Whale
0x4f93fead39b70a1824f981a54d4e55b278e9f760,2025-04-24,Greed,63,0.0,4,0,18749.59,0,4,0.0,0.0,Greed,Whale
0x4f93fead39b70a1824f981a54d4e55b278e9f760,2025-04-25,Greed,60,0.0,16,0,28126.7575,0,16,0.0,0.0,Greed,Whale
0x4f93fead39b70a1824f981a54d4e55b278e9f760,2025-04-30,Greed,56,5286.100993,36,23,19298.768333333333,26,10,0.6388888888888888,2.6,Greed,Whale
0x4f93fead39b70a1824f981a54d4e55b278e9f760,2025-05-01,Neutral,53,1220.746604,14,7,14373.198571428571,3,11,0.5,0.2727272727272727,Neutral,Whale
0x513b8629fe877bb581bf244e326a047b249c4ff1,2024-12-09,Extreme Greed,78,0.0,42,0,1682.2211904761903,42,0,0.0,10.0,Greed,Whale
0x513b8629fe877bb581bf244e326a047b249c4ff1,2024-12-12,Extreme Greed,83,0.0,89,0,3332.177640449438,89,0,0.0,10.0,Greed,Whale
0x513b8629fe877bb581bf244e326a047b249c4ff1,2024-12-15,Extreme Greed,80,0.0,28,0,4194.129285714285,28,0,0.0,10.0,Greed,Whale
0x513b8629fe877bb581bf244e326a047b249c4ff1,2024-12-19,Extreme Greed,75,0.0,64,0,3791.86515625,64,0,0.0,10.0,Greed,Whale
0x513b8629fe877bb581bf244e326a047b249c4ff1,2025-02-14,Neutral,48,194499.072534,464,464,1986.7047629310346,0,464,1.0,0.0,Neutral,Whale
0x513b8629fe877bb581bf244e326a047b249c4ff1,2025-02-17,Neutral,51,0.0,292,0,3155.894726027397,292,0,0.0,10.0,Neutral,Whale
0x513b8629fe877bb581bf244e326a047b249c4ff1,2025-03-17,Fear,32,0.0,35,0,9144.806857142858,35,0,0.0,10.0,Fear,Whale
0x513b8629fe877bb581bf244e326a047b249c4ff1,2025-03-18,Fear,34,5429.87424,6,6,43103.988333333335,0,6,1.0,0.0,Fear,Whale
0x513b8629fe877bb581bf244e326a047b249c4ff1,2025-03-19,Fear,32,13272.411278,133,20,6491.884887218045,69,64,0.15037593984962405,1.078125,Fear,Whale
0x513b8629fe877bb581bf244e326a047b249c4ff1,2025-03-20,Neutral,49,3865.013572,75,75,1391.7530666666667,0,75,1.0,0.0,Neutral,Whale
0x513b8629fe877bb581bf244e326a047b249c4ff1,2025-03-27,Fear,40,0.0,77,0,2064.410909090909,77,0,0.0,10.0,Fear,Whale
0x513b8629fe877bb581bf244e326a047b249c4ff1,2025-03-28,Fear,44,1470.407794,84,84,1909.8789285714283,0,84,1.0,0.0,Fear,Whale
0x513b8629fe877bb581bf244e326a047b249c4ff1,2025-04-01,Fear,34,0.0,13,0,13807.81,13,0,0.0,10.0,Fear,Whale
0x513b8629fe877bb581bf244e326a047b249c4ff1,2025-04-03,Fear,25,0.0,49,0,2260.9597959183675,49,0,0.0,10.0,Fear,Whale
0x513b8629fe877bb581bf244e326a047b249c4ff1,2025-04-05,Fear,30,0.0,34,0,2537.0485294117643,34,0,0.0,10.0,Fear,Whale
0x513b8629fe877bb581bf244e326a047b249c4ff1,2025-04-07,Extreme Fear,23,-37999.868086,76,6,6969.902236842105,6,70,0.07894736842105263,0.08571428571428572,Fear,Whale
0x513b8629fe877bb581bf244e326a047b249c4ff1,2025-04-08,Extreme Fear,24,3131.840108,148,16,9667.030743243244,132,16,0.10810810810810811,8.25,Fear,Whale
0x513b8629fe877bb581bf244e326a047b249c4ff1,2025-04-09,Extreme Fear,18,-36253.792726,122,83,11281.935245901639,4,118,0.680327868852459,0.03389830508474576,Fear,Whale
0x513b8629fe877bb581bf244e326a047b249c4ff1,2025-04-10,Fear,39,22908.117384,337,244,25584.4765578635,257,80,0.7240356083086054,3.2125,Fear,Whale
0x513b8629fe877bb581bf244e326a047b249c4ff1,2025-04-11,Fear,25,0.0,65,0,33255.74600000001,65,0,0.0,10.0,Fear,Whale
0x513b8629fe877bb581bf244e326a047b249c4ff1,2025-04-12,Fear,43,88152.006818,1251,195,40967.58708233413,459,792,0.15587529976019185,0.5795454545454546,Fear,Whale
0x513b8629fe877bb581bf244e326a047b249c4ff1,2025-04-13,Neutral,45,11239.437228,285,86,31745.770947368423,199,86,0.3017543859649123,2.313953488372093,Neutral,Whale
0x513b8629fe877bb581bf244e326a047b249c4ff1,2025-04-14,Fear,31,7922.167264999999,230,58,38233.16656521739,140,90,0.25217391304347825,1.5555555555555556,Fear,Whale
0x513b8629fe877bb581bf244e326a047b249c4ff1,2025-04-15,Fear,38,40966.673478000004,731,433,25242.244090287277,172,559,0.5923392612859097,0.3076923076923077,Fear,Whale
0x513b8629fe877bb581bf244e326a047b249c4ff1,2025-04-16,Fear,29,41498.141783,886,342,39232.42645598194,548,338,0.3860045146726862,1.621301775147929,Fear,Whale
0x513b8629fe877bb581bf244e326a047b249c4ff1,2025-04-17,Fear,30,0.0,5,0,147619.302,5,0,0.0,10.0,Fear,Whale
0x513b8629fe877bb581bf244e326a047b249c4ff1,2025-04-18,Fear,33,43400.145539,379,289,58751.562744063325,90,289,0.762532981530343,0.31141868512110726,Fear,Whale
0x513b8629fe877bb581bf244e326a047b249c4ff1,2025-04-19,Fear,32,62373.791703999996,637,229,43140.85288854003,397,240,0.35949764521193095,1.6541666666666666,Fear,Whale
0x513b8629fe877bb581bf244e326a047b249c4ff1,2025-04-20,Fear,37,0.0,160,0,52569.3078125,160,0,0.0,10.0,Fear,Whale
0x513b8629fe877bb581bf244e326a047b249c4ff1,2025-04-21,Fear,39,39772.479641,869,316,46044.36062140392,432,437,0.36363636363636365,0.988558352402746,Fear,Whale
0x513b8629fe877bb581bf244e326a047b249c4ff1,2025-04-22,Neutral,47,73209.060448,418,185,62608.63574162679,233,185,0.44258373205741625,1.2594594594594595,Neutral,Whale
0x513b8629fe877bb581bf244e326a047b249c4ff1,2025-04-23,Greed,72,1656.211757,211,118,54580.961753554504,37,174,0.5592417061611374,0.21264367816091953,Greed,Whale
0x513b8629fe877bb581bf244e326a047b249c4ff1,2025-04-24,Greed,63,35332.403093,672,303,47146.683541666665,279,393,0.45089285714285715,0.7099236641221374,Greed,Whale
0x513b8629fe877bb581bf244e326a047b249c4ff1,2025-04-25,Greed,60,8410.75479,499,298,49855.811983967935,298,201,0.5971943887775552,1.4825870646766168,Greed,Whale
0x513b8629fe877bb581bf244e326a047b249c4ff1,2025-04-26,Greed,65,0.0,314,0,35046.08286624204,314,0,0.0,10.0,Greed,Whale
0x513b8629fe877bb581bf244e326a047b249c4ff1,2025-04-28,Neutral,54,37973.605394,654,349,38360.42061162079,257,397,0.5336391437308868,0.6473551637279596,Neutral,Whale
0x513b8629fe877bb581bf244e326a047b249c4ff1,2025-04-29,Greed,60,117648.295306,992,474,32144.09112903226,518,474,0.4778225806451613,1.0928270042194093,Greed,Whale
0x513b8629fe877bb581bf244e326a047b249c4ff1,2025-04-30,Greed,56,0.0,481,0,22932.819688149688,481,0,0.0,10.0,Greed,Whale
0x513b8629fe877bb581bf244e326a047b249c4ff1,2025-05-01,Neutral,53,60544.304874,329,236,22713.250030395135,93,236,0.7173252279635258,0.3940677966101695,Neutral,Whale
0x6d6a4b953f202f8df5bed40692e7fd865318264a,2024-12-11,Greed,74,698.009722,8,8,136.67374999999998,0,8,1.0,0.0,Greed,Occasional Retail
0x6d6a4b953f202f8df5bed40692e7fd865318264a,2024-12-12,Extreme Greed,83,362.84131,4,4,133.0725,0,4,1.0,0.0,Greed,Occasional Retail
0x6d6a4b953f202f8df5bed40692e7fd865318264a,2024-12-14,Extreme Greed,83,39057.10912,80,80,664.7225000000001,0,80,1.0,0.0,Greed,Occasional Retail
0x6d6a4b953f202f8df5bed40692e7fd865318264a,2024-12-15,Extreme Greed,80,18879.21027,15,15,1635.1666666666667,0,15,1.0,0.0,Greed,Occasional Retail
0x6d6a4b953f202f8df5bed40692e7fd865318264a,2024-12-16,Extreme Greed,83,12648.870412,47,47,341.3504255319149,0,47,1.0,0.0,Greed,Occasional Retail
0x6d6a4b953f202f8df5bed40692e7fd865318264a,2024-12-17,Extreme Greed,87,2244.04603,7,7,401.2685714285714,0,7,1.0,0.0,Greed,Occasional Retail
0x6d6a4b953f202f8df5bed40692e7fd865318264a,2024-12-21,Greed,73,27649.187167,89,89,372.85966292134833,0,89,1.0,0.0,Greed,Occasional Retail
0x6d6a4b953f202f8df5bed40692e7fd865318264a,2025-01-11,Greed,69,0.0,33,0,227.26757575757574,33,0,0.0,10.0,Greed,Occasional Retail
0x6d6a4b953f202f8df5bed40692e7fd865318264a,2025-01-12,Greed,62,0.0,12,0,833.3333333333334,12,0,0.0,10.0,Greed,Occasional Retail
0x6d6a4b953f202f8df5bed40692e7fd865318264a,2025-01-13,Greed,61,0.0,23,0,543.5169565217391,23,0,0.0,10.0,Greed,Occasional Retail
0x6d6a4b953f202f8df5bed40692e7fd865318264a,2025-01-19,Extreme Greed,77,0.0,12,0,291.6675,12,0,0.0,10.0,Greed,Occasional Retail
0x6d6a4b953f202f8df5bed40692e7fd865318264a,2025-01-20,Extreme Greed,76,0.0,3,0,1666.64,3,0,0.0,10.0,Greed,Occasional Retail
0x6d6a4b953f202f8df5bed40692e7fd865318264a,2025-01-23,Extreme Greed,75,0.0,3,0,141.0,3,0,0.0,10.0,Greed,Occasional Retail
0x6d6a4b953f202f8df5bed40692e7fd865318264a,2025-01-27,Greed,71,0.0,11,0,1272.7318181818182,11,0,0.0,10.0,Greed,Occasional Retail
0x6d6a4b953f202f8df5bed40692e7fd865318264a,2025-01-30,Greed,70,1643.602279,8,8,1242.675,0,8,1.0,0.0,Greed,Occasional Retail
0x6d6a4b953f202f8df5bed40692e7fd865318264a,2025-02-01,Greed,68,0.0,5,0,1987.6240000000003,5,0,0.0,10.0,Greed,Occasional Retail
0x6d6a4b953f202f8df5bed40692e7fd865318264a,2025-02-14,Neutral,48,844.8168900000001,21,21,254.39857142857142,0,21,1.0,0.0,Neutral,Occasional Retail
0x6d6a4b953f202f8df5bed40692e7fd865318264a,2025-02-15,Neutral,50,0.0,11,0,485.4918181818182,11,0,0.0,10.0,Neutral,Occasional Retail
0x6d6a4b953f202f8df5bed40692e7fd865318264a,2025-03-26,Neutral,47,413.304033,18,2,875.7783333333333,16,2,0.1111111111111111,8.0,Neutral,Occasional Retail
0x6d6a4b953f202f8df5bed40692e7fd865318264a,2025-03-27,Fear,40,154.257092,23,15,550.3630434782609,8,15,0.6521739130434783,0.5333333333333333,Fear,Occasional Retail
0x6d6a4b953f202f8df5bed40692e7fd865318264a,2025-03-28,Fear,44,0.0,12,0,227.225,12,0,0.0,10.0,Fear,Occasional Retail
0x6d6a4b953f202f8df5bed40692e7fd865318264a,2025-03-29,Fear,26,0.0,7,0,221.41285714285712,7,0,0.0,10.0,Fear,Occasional Retail
0x6d6a4b953f202f8df5bed40692e7fd865318264a,2025-03-30,Fear,32,3.492534,6,1,276.01,4,2,0.16666666666666666,2.0,Fear,Occasional Retail
0x6d6a4b953f202f8df5bed40692e7fd865318264a,2025-03-31,Fear,34,0.0,1,0,149.99,1,0,0.0,10.0,Fear,Occasional Retail
0x6d6a4b953f202f8df5bed40692e7fd865318264a,2025-04-01,Fear,34,132.71954399999998,14,4,1954.3107142857145,4,10,0.2857142857142857,0.4,Fear,Occasional Retail
0x6d6a4b953f202f8df5bed40692e7fd865318264a,2025-04-02,Fear,44,234.497751,34,9,1120.655,15,19,0.2647058823529412,0.7894736842105263,Fear,Occasional Retail
0x6d6a4b953f202f8df5bed40692e7fd865318264a,2025-04-03,Fear,25,298.031364,20,5,922.9384999999999,19,1,0.25,19.0,Fear,Occasional Retail
0x6d6a4b953f202f8df5bed40692e7fd865318264a,2025-04-04,Fear,28,392.35488599999996,60,9,626.296,36,24,0.15,1.5,Fear,Occasional Retail
0x6d6a4b953f202f8df5bed40692e7fd865318264a,2025-04-05,Fear,30,41.479757,17,11,1026.9088235294118,12,5,0.6470588235294118,2.4,Fear,Occasional Retail
0x6d6a4b953f202f8df5bed40692e7fd865318264a,2025-04-06,Fear,34,207.98348199999998,22,10,1384.9813636363635,20,2,0.45454545454545453,10.0,Fear,Occasional Retail
0x6d6a4b953f202f8df5bed40692e7fd865318264a,2025-04-07,Extreme Fear,23,232.000726,51,7,990.5305882352941,32,19,0.13725490196078433,1.6842105263157894,Fear,Occasional Retail
0x6d6a4b953f202f8df5bed40692e7fd865318264a,2025-04-08,Extreme Fear,24,409.437344,32,12,1307.165,12,20,0.375,0.6,Fear,Occasional Retail
0x6d6a4b953f202f8df5bed40692e7fd865318264a,2025-04-09,Extreme Fear,18,1395.820542,60,25,902.617,13,47,0.4166666666666667,0.2765957446808511,Fear,Occasional Retail
0x6d6a4b953f202f8df5bed40692e7fd865318264a,2025-04-10,Fear,39,463.813132,18,9,1599.0455555555554,14,4,0.5,3.5,Fear,Occasional Retail
0x6d6a4b953f202f8df5bed40692e7fd865318264a,2025-04-11,Fear,25,56.216535,5,1,2161.054,0,5,0.2,0.0,Fear,Occasional Retail
0x6d6a4b953f202f8df5bed40692e7fd865318264a,2025-04-12,Fear,43,-89.1781,12,0,1094.5383333333332,2,10,0.0,0.2,Fear,Occasional Retail
0x6d6a4b953f202f8df5bed40692e7fd865318264a,2025-04-13,Neutral,45,0.0,1,0,999.44,0,1,0.0,0.0,Neutral,Occasional Retail
0x6d6a4b953f202f8df5bed40692e7fd865318264a,2025-04-14,Fear,31,73.7414,5,1,2214.596,2,3,0.2,0.6666666666666666,Fear,Occasional Retail
0x6d6a4b953f202f8df5bed40692e7fd865318264a,2025-04-15,Fear,38,0.0,8,0,1124.95125,0,8,0.0,0.0,Fear,Occasional Retail
0x6d6a4b953f202f8df5bed40692e7fd865318264a,2025-04-16,Fear,29,70.94968,4,4,494.38,4,0,1.0,10.0,Fear,Occasional Retail
0x6d6a4b953f202f8df5bed40692e7fd865318264a,2025-04-19,Fear,32,0.0,85,0,414.2778823529412,0,85,0.0,0.0,Fear,Occasional Retail
0x6d6a4b953f202f8df5bed40692e7fd865318264a,2025-04-21,Fear,39,0.0,6,0,1166.0616666666667,0,6,0.0,0.0,Fear,Occasional Retail
0x6d6a4b953f202f8df5bed40692e7fd865318264a,2025-04-22,Neutral,47,0.0,10,0,999.832,0,10,0.0,0.0,Neutral,Occasional Retail
0x6d6a4b953f202f8df5bed40692e7fd865318264a,2025-04-23,Greed,72,0.0,18,0,527.7555555555556,0,18,0.0,0.0,Greed,Occasional Retail
0x6d6a4b953f202f8df5bed40692e7fd865318264a,2025-04-24,Greed,63,168.69881,20,13,441.69899999999996,13,7,0.65,1.8571428571428572,Greed,Occasional Retail
0x6d6a4b953f202f8df5bed40692e7fd865318264a,2025-04-25,Greed,60,0.0,7,0,535.6742857142857,0,7,0.0,0.0,Greed,Occasional Retail
0x6d6a4b953f202f8df5bed40692e7fd865318264a,2025-04-26,Greed,65,43.903059999999996,7,4,1815.0585714285714,4,3,0.5714285714285714,1.3333333333333333,Greed,Occasional Retail
0x72743ae2822edd658c0c50608fd7c5c501b2afbd,2024-12-17,Extreme Greed,87,0.0,98,0,18481.63244897959,0,98,0.0,0.0,Greed,Frequent Retail
0x72743ae2822edd658c0c50608fd7c5c501b2afbd,2024-12-22,Greed,73,327545.999992,104,104,14265.865288461539,104,0,1.0,10.0,Greed,Frequent Retail
0x72743ae2822edd658c0c50608fd7c5c501b2afbd,2025-01-04,Greed,73,0.0,141,0,11569.857730496453,0,141,0.0,0.0,Greed,Frequent Retail
0x72743ae2822edd658c0c50608fd7c5c501b2afbd,2025-01-08,Greed,70,122050.866984,48,48,31443.71166666667,48,0,1.0,10.0,Greed,Frequent Retail
0x72743ae2822edd658c0c50608fd7c5c501b2afbd,2025-02-28,Extreme Fear,16,0.0,77,0,1457.8809090909092,19,58,0.0,0.3275862068965517,Fear,Frequent Retail
0x72743ae2822edd658c0c50608fd7c5c501b2afbd,2025-03-08,Fear,28,0.0,15,0,2119.866666666667,10,5,0.0,2.0,Fear,Frequent Retail
0x72743ae2822edd658c0c50608fd7c5c501b2afbd,2025-03-09,Fear,27,0.0,90,0,1365.6884444444443,74,16,0.0,4.625,Fear,Frequent Retail
0x72743ae2822edd658c0c50608fd7c5c501b2afbd,2025-04-08,Extreme Fear,24,0.0,77,0,2481.818051948052,37,40,0.0,0.925,Fear,Frequent Retail
0x72743ae2822edd658c0c50608fd7c5c501b2afbd,2025-04-09,Extreme Fear,18,33980.0,355,312,8095.553154929577,43,312,0.8788732394366198,0.13782051282051283,Fear,Frequent Retail
0x72743ae2822edd658c0c50608fd7c5c501b2afbd,2025-04-10,Fear,39,0.0,8,0,12530.401249999999,0,8,0.0,0.0,Fear,Frequent Retail
0x72743ae2822edd658c0c50608fd7c5c501b2afbd,2025-04-11,Fear,25,0.0,3,0,51734.1,0,3,0.0,0.0,Fear,Frequent Retail
0x72743ae2822edd658c0c50608fd7c5c501b2afbd,2025-04-16,Fear,29,-14838.4,53,0,4603.773962264151,53,0,0.0,10.0,Fear,Frequent Retail
0x72743ae2822edd658c0c50608fd7c5c501b2afbd,2025-04-18,Fear,33,-42923.271911,65,50,8851.193692307692,15,50,0.7692307692307693,0.3,Fear,Frequent Retail
0x72743ae2822edd658c0c50608fd7c5c501b2afbd,2025-04-19,Fear,32,0.0,39,0,1287.706923076923,0,39,0.0,0.0,Fear,Frequent Retail
0x72743ae2822edd658c0c50608fd7c5c501b2afbd,2025-04-20,Fear,37,-458.08035,38,0,1333.6473684210525,38,0,0.0,10.0,Fear,Frequent Retail
0x72743ae2822edd658c0c50608fd7c5c501b2afbd,2025-04-22,Neutral,47,0.0,79,0,1341.7722784810126,79,0,0.0,10.0,Neutral,Frequent Retail
0x72743ae2822edd658c0c50608fd7c5c501b2afbd,2025-04-23,Greed,72,10148.4512,167,36,1633.4878443113773,78,89,0.2155688622754491,0.8764044943820225,Greed,Frequent Retail
0x72743ae2822edd658c0c50608fd7c5c501b2afbd,2025-04-24,Greed,63,-3500.0,111,0,878.3780180180181,0,111,0.0,0.0,Greed,Frequent Retail
0x72743ae2822edd658c0c50608fd7c5c501b2afbd,2025-04-25,Greed,60,-2650.0,22,0,2502.2713636363637,0,22,0.0,0.0,Greed,Frequent Retail
0x72c6a4624e1dffa724e6d00d64ceae698af892a0,2024-09-20,Neutral,54,0.0,4,0,7075.4425,0,4,0.0,0.0,Neutral,Occasional Retail
0x72c6a4624e1dffa724e6d00d64ceae698af892a0,2024-09-24,Neutral,54,0.0,1,0,6113.57,0,1,0.0,0.0,Neutral,Occasional Retail
0x72c6a4624e1dffa724e6d00d64ceae698af892a0,2024-09-25,Greed,59,0.0,3,0,917.6733333333333,0,3,0.0,0.0,Greed,Occasional Retail
0x72c6a4624e1dffa724e6d00d64ceae698af892a0,2024-09-26,Neutral,50,0.0,5,0,6654.302000000001,0,5,0.0,0.0,Neutral,Occasional Retail
0x72c6a4624e1dffa724e6d00d64ceae698af892a0,2024-09-27,Greed,61,0.0,46,0,567.4939130434783,0,46,0.0,0.0,Greed,Occasional Retail
0x72c6a4624e1dffa724e6d00d64ceae698af892a0,2024-09-28,Greed,64,0.0,4,0,7299.8025,0,4,0.0,0.0,Greed,Occasional Retail
0x72c6a4624e1dffa724e6d00d64ceae698af892a0,2024-09-30,Greed,61,0.0,96,0,389.4682291666666,0,96,0.0,0.0,Greed,Occasional Retail
0x72c6a4624e1dffa724e6d00d64ceae698af892a0,2024-10-25,Greed,72,8692.0,5,5,4659.2,5,0,1.0,10.0,Greed,Occasional Retail
0x72c6a4624e1dffa724e6d00d64ceae698af892a0,2024-11-29,Extreme Greed,78,573.585288,1,1,573.59,0,1,1.0,0.0,Greed,Occasional Retail
0x72c6a4624e1dffa724e6d00d64ceae698af892a0,2024-12-12,Extreme Greed,83,0.0,17,0,1397.385294117647,0,17,0.0,0.0,Greed,Occasional Retail
0x72c6a4624e1dffa724e6d00d64ceae698af892a0,2024-12-13,Extreme Greed,76,0.0,30,0,2951.8799999999997,0,30,0.0,0.0,Greed,Occasional Retail
0x72c6a4624e1dffa724e6d00d64ceae698af892a0,2024-12-14,Extreme Greed,83,0.0,43,0,2042.2541860465114,0,43,0.0,0.0,Greed,Occasional Retail
0x72c6a4624e1dffa724e6d00d64ceae698af892a0,2024-12-15,Extreme Greed,80,0.0,8,0,2812.5,0,8,0.0,0.0,Greed,Occasional Retail
0x72c6a4624e1dffa724e6d00d64ceae698af892a0,2024-12-16,Extreme Greed,83,0.0,41,0,1561.8182926829268,0,41,0.0,0.0,Greed,Occasional Retail
0x72c6a4624e1dffa724e6d00d64ceae698af892a0,2024-12-17,Extreme Greed,87,0.0,14,0,3150.0064285714284,0,14,0.0,0.0,Greed,Occasional Retail
0x72c6a4624e1dffa724e6d00d64ceae698af892a0,2024-12-18,Extreme Greed,81,0.0,31,0,3206.451290322581,0,31,0.0,0.0,Greed,Occasional Retail
0x72c6a4624e1dffa724e6d00d64ceae698af892a0,2024-12-19,Extreme Greed,75,0.0,1,0,24880.0,0,1,0.0,0.0,Greed,Occasional Retail
0x72c6a4624e1dffa724e6d00d64ceae698af892a0,2024-12-20,Greed,74,0.0,28,0,4121.142857142857,0,28,0.0,0.0,Greed,Occasional Retail
0x72c6a4624e1dffa724e6d00d64ceae698af892a0,2024-12-23,Greed,70,0.0,35,0,3422.0648571428574,0,35,0.0,0.0,Greed,Occasional Retail
0x72c6a4624e1dffa724e6d00d64ceae698af892a0,2024-12-25,Greed,73,0.0,1,0,28677.0,0,1,0.0,0.0,Greed,Occasional Retail
0x72c6a4624e1dffa724e6d00d64ceae698af892a0,2024-12-27,Greed,74,0.0,6,0,9450.001666666667,0,6,0.0,0.0,Greed,Occasional Retail
0x72c6a4624e1dffa724e6d00d64ceae698af892a0,2024-12-28,Greed,72,0.0,34,0,2406.462941176471,0,34,0.0,0.0,Greed,Occasional Retail
0x72c6a4624e1dffa724e6d00d64ceae698af892a0,2024-12-29,Greed,73,0.0,14,0,5006.2699999999995,0,14,0.0,0.0,Greed,Occasional Retail
0x72c6a4624e1dffa724e6d00d64ceae698af892a0,2024-12-30,Greed,65,0.0,15,0,2392.239333333333,0,15,0.0,0.0,Greed,Occasional Retail
0x72c6a4624e1dffa724e6d00d64ceae698af892a0,2025-01-02,Greed,70,0.0,3,0,8894.193333333335,0,3,0.0,0.0,Greed,Occasional Retail
0x72c6a4624e1dffa724e6d00d64ceae698af892a0,2025-01-03,Greed,74,0.0,6,0,6065.75,0,6,0.0,0.0,Greed,Occasional Retail
0x72c6a4624e1dffa724e6d00d64ceae698af892a0,2025-01-04,Greed,73,0.0,1,0,2128.95,0,1,0.0,0.0,Greed,Occasional Retail
0x72c6a4624e1dffa724e6d00d64ceae698af892a0,2025-01-05,Greed,72,0.0,8,0,2863.6875,0,8,0.0,0.0,Greed,Occasional Retail
0x72c6a4624e1dffa724e6d00d64ceae698af892a0,2025-01-06,Extreme Greed,76,0.0,25,0,2910.8484000000003,0,25,0.0,0.0,Greed,Occasional Retail
0x72c6a4624e1dffa724e6d00d64ceae698af892a0,2025-01-09,Greed,69,10647.977,1,1,38563.98,1,0,1.0,10.0,Greed,Occasional Retail
0x72c6a4624e1dffa724e6d00d64ceae698af892a0,2025-01-24,Extreme Greed,75,0.0,2,0,2258.9,2,0,0.0,10.0,Greed,Occasional Retail
0x72c6a4624e1dffa724e6d00d64ceae698af892a0,2025-01-25,Extreme Greed,75,0.0,14,0,3981.5714285714284,14,0,0.0,10.0,Greed,Occasional Retail
0x72c6a4624e1dffa724e6d00d64ceae698af892a0,2025-01-26,Greed,73,262.95,55,16,1671.9961818181819,16,39,0.2909090909090909,0.41025641025641024,Greed,Occasional Retail
0x72c6a4624e1dffa724e6d00d64ceae698af892a0,2025-01-27,Greed,71,0.0,1,0,11300.0,0,1,0.0,0.0,Greed,Occasional Retail
0x72c6a4624e1dffa724e6d00d64ceae698af892a0,2025-01-28,Greed,72,1474.79,70,38,1620.264857142857,38,32,0.5428571428571428,1.1875,Greed,Occasional Retail
0x72c6a4624e1dffa724e6d00d64ceae698af892a0,2025-02-02,Greed,60,0.0,37,0,837.1502702702703,0,37,0.0,0.0,Greed,Occasional Retail
0x72c6a4624e1dffa724e6d00d64ceae698af892a0,2025-02-04,Greed,72,0.0,1,0,15000.0,0,1,0.0,0.0,Greed,Occasional Retail
0x72c6a4624e1dffa724e6d00d64ceae698af892a0,2025-02-07,Fear,44,0.0,54,0,772.9157407407408,25,29,0.0,0.8620689655172413,Fear,Occasional Retail
0x72c6a4624e1dffa724e6d00d64ceae698af892a0,2025-02-10,Fear,43,0.0,24,0,2206.1225,0,24,0.0,0.0,Fear,Occasional Retail
0x72c6a4624e1dffa724e6d00d64ceae698af892a0,2025-02-14,Neutral,48,0.0,5,0,3058.91,1,4,0.0,0.25,Neutral,Occasional Retail
0x72c6a4624e1dffa724e6d00d64ceae698af892a0,2025-02-15,Neutral,50,0.0,7,0,1628.5714285714287,7,0,0.0,10.0,Neutral,Occasional Retail
0x72c6a4624e1dffa724e6d00d64ceae698af892a0,2025-02-16,Neutral,54,0.0,6,0,1650.0,6,0,0.0,10.0,Neutral,Occasional Retail
0x72c6a4624e1dffa724e6d00d64ceae698af892a0,2025-02-18,Neutral,47,0.0,9,0,701.2211111111111,9,0,0.0,10.0,Neutral,Occasional Retail
0x72c6a4624e1dffa724e6d00d64ceae698af892a0,2025-02-21,Greed,55,0.0,18,0,374.33,0,18,0.0,0.0,Greed,Occasional Retail
0x72c6a4624e1dffa724e6d00d64ceae698af892a0,2025-02-22,Neutral,49,0.0,14,0,1038.095,13,1,0.0,13.0,Neutral,Occasional Retail
0x72c6a4624e1dffa724e6d00d64ceae698af892a0,2025-02-25,Fear,25,81776.7151,137,136,1940.033503649635,137,0,0.9927007299270073,10.0,Fear,Occasional Retail
0x72c6a4624e1dffa724e6d00d64ceae698af892a0,2025-02-26,Extreme Fear,21,8230.0,1,1,23710.0,1,0,1.0,10.0,Fear,Occasional Retail
0x72c6a4624e1dffa724e6d00d64ceae698af892a0,2025-02-27,Extreme Fear,10,8517.7655,13,13,2059.193846153846,13,0,1.0,10.0,Fear,Occasional Retail
0x72c6a4624e1dffa724e6d00d64ceae698af892a0,2025-02-28,Extreme Fear,16,15700.5,3,2,7567.57,3,0,0.6666666666666666,10.0,Fear,Occasional Retail
0x72c6a4624e1dffa724e6d00d64ceae698af892a0,2025-03-01,Extreme Fear,20,0.0,14,0,791.3578571428571,10,4,0.0,2.5,Fear,Occasional Retail
0x72c6a4624e1dffa724e6d00d64ceae698af892a0,2025-03-02,Fear,26,10915.212,25,25,1366.0404,25,0,1.0,10.0,Fear,Occasional Retail
0x72c6a4624e1dffa724e6d00d64ceae698af892a0,2025-03-03,Fear,33,17247.427499999998,16,10,3784.509375,16,0,0.625,10.0,Fear,Occasional Retail
0x72c6a4624e1dffa724e6d00d64ceae698af892a0,2025-03-04,Extreme Fear,15,169132.29611,155,77,3030.0763225806454,155,0,0.4967741935483871,10.0,Fear,Occasional Retail
0x72c6a4624e1dffa724e6d00d64ceae698af892a0,2025-03-07,Fear,34,0.0,10,0,496.50100000000003,10,0,0.0,10.0,Fear,Occasional Retail
0x72c6a4624e1dffa724e6d00d64ceae698af892a0,2025-03-08,Fear,28,0.0,7,0,480.2857142857143,7,0,0.0,10.0,Fear,Occasional Retail
0x72c6a4624e1dffa724e6d00d64ceae698af892a0,2025-03-09,Fear,27,0.0,21,0,232.88047619047617,19,2,0.0,9.5,Fear,Occasional Retail
0x72c6a4624e1dffa724e6d00d64ceae698af892a0,2025-03-10,Extreme Fear,20,-2680.0,35,0,678.8711428571429,6,29,0.0,0.20689655172413793,Fear,Occasional Retail
0x72c6a4624e1dffa724e6d00d64ceae698af892a0,2025-03-15,Neutral,46,0.0,1,0,5925.5,0,1,0.0,0.0,Neutral,Occasional Retail
0x72c6a4624e1dffa724e6d00d64ceae698af892a0,2025-04-12,Fear,43,-3546.9,12,0,1581.1591666666666,0,12,0.0,0.0,Fear,Occasional Retail
0x72c6a4624e1dffa724e6d00d64ceae698af892a0,2025-04-13,Neutral,45,-4526.698469,5,0,2040.0,0,5,0.0,0.0,Neutral,Occasional Retail
0x72c6a4624e1dffa724e6d00d64ceae698af892a0,2025-04-14,Fear,31,7848.0,3,3,2675.8333333333335,3,0,1.0,10.0,Fear,Occasional Retail
0x72c6a4624e1dffa724e6d00d64ceae698af892a0,2025-04-15,Fear,38,6335.6,6,6,1444.0666666666666,6,0,1.0,10.0,Fear,Occasional Retail
0x72c6a4624e1dffa724e6d00d64ceae698af892a0,2025-04-16,Fear,29,14609.800000000001,44,44,825.0,31,13,1.0,2.3846153846153846,Fear,Occasional Retail
0x72c6a4624e1dffa724e6d00d64ceae698af892a0,2025-04-20,Fear,37,18374.63,55,47,1135.2727272727273,47,8,0.8545454545454545,5.875,Fear,Occasional Retail
0x72c6a4624e1dffa724e6d00d64ceae698af892a0,2025-04-21,Fear,39,-9046.14,17,7,1703.0882352941176,7,10,0.4117647058823529,0.7,Fear,Occasional Retail
0x75f7eeb85dc639d5e99c78f95393aa9a5f1170d4,2024-01-19,Neutral,51,-0.20400000000000001,9,1,169.64555555555555,4,5,0.1111111111111111,0.8,Neutral,Frequent Retail
0x75f7eeb85dc639d5e99c78f95393aa9a5f1170d4,2024-01-22,Greed,55,1166.248788,48,14,1125.4704166666668,28,20,0.2916666666666667,1.4,Greed,Frequent Retail
0x75f7eeb85dc639d5e99c78f95393aa9a5f1170d4,2024-01-26,Neutral,49,90.2,2,1,4627.9,1,1,0.5,1.0,Neutral,Frequent Retail
0x75f7eeb85dc639d5e99c78f95393aa9a5f1170d4,2024-01-29,Greed,55,1.71544,2,1,1034.4299999999998,1,1,0.5,1.0,Greed,Frequent Retail
0x75f7eeb85dc639d5e99c78f95393aa9a5f1170d4,2024-02-14,Greed,74,3639.3031690000003,88,79,2478.8488636363636,27,61,0.8977272727272727,0.4426229508196721,Greed,Frequent Retail
0x75f7eeb85dc639d5e99c78f95393aa9a5f1170d4,2024-02-15,Greed,72,1024.70728,52,49,1469.9592307692308,49,3,0.9423076923076923,16.333333333333332,Greed,Frequent Retail
0x75f7eeb85dc639d5e99c78f95393aa9a5f1170d4,2024-02-16,Greed,72,5491.768834,170,146,2730.2580588235296,105,65,0.8588235294117647,1.6153846153846154,Greed,Frequent Retail
0x75f7eeb85dc639d5e99c78f95393aa9a5f1170d4,2024-02-17,Extreme Greed,76,1670.012358,64,54,3161.86234375,25,39,0.84375,0.6410256410256411,Greed,Frequent Retail
0x75f7eeb85dc639d5e99c78f95393aa9a5f1170d4,2024-02-18,Greed,72,477.6248299999999,97,61,1619.0532989690723,38,59,0.6288659793814433,0.6440677966101694,Greed,Frequent Retail
0x75f7eeb85dc639d5e99c78f95393aa9a5f1170d4,2024-02-19,Extreme Greed,75,4325.827543,95,76,2488.1485263157892,38,57,0.8,0.6666666666666666,Greed,Frequent Retail
0x75f7eeb85dc639d5e99c78f95393aa9a5f1170d4,2024-02-20,Greed,72,3053.31353,35,27,3363.1262857142856,13,22,0.7714285714285715,0.5909090909090909,Greed,Frequent Retail
0x75f7eeb85dc639d5e99c78f95393aa9a5f1170d4,2024-02-21,Extreme Greed,78,1858.7985700000002,21,15,4668.662857142857,6,15,0.7142857142857143,0.4,Greed,Frequent Retail
0x75f7eeb85dc639d5e99c78f95393aa9a5f1170d4,2024-02-22,Greed,74,3894.1050699999996,86,40,4279.456162790698,33,53,0.46511627906976744,0.6226415094339622,Greed,Frequent Retail
0x75f7eeb85dc639d5e99c78f95393aa9a5f1170d4,2024-02-23,Extreme Greed,76,1418.55293,143,137,776.966013986014,131,12,0.958041958041958,10.916666666666666,Greed,Frequent Retail
0x75f7eeb85dc639d5e99c78f95393aa9a5f1170d4,2024-02-25,Greed,74,-30.7705,5,0,896.0260000000001,2,3,0.0,0.6666666666666666,Greed,Frequent Retail
0x75f7eeb85dc639d5e99c78f95393aa9a5f1170d4,2024-02-26,Greed,72,4416.8473,37,34,5180.734324324325,27,10,0.918918918918919,2.7,Greed,Frequent Retail
0x75f7eeb85dc639d5e99c78f95393aa9a5f1170d4,2024-02-27,Extreme Greed,79,312.130593,55,19,3759.7450909090912,33,22,0.34545454545454546,1.5,Greed,Frequent Retail
0x75f7eeb85dc639d5e99c78f95393aa9a5f1170d4,2024-02-28,Extreme Greed,82,2503.747235,45,39,3802.380666666667,31,14,0.8666666666666667,2.2142857142857144,Greed,Frequent Retail
0x75f7eeb85dc639d5e99c78f95393aa9a5f1170d4,2024-02-29,Extreme Greed,80,8493.192736,109,97,3402.198532110092,60,49,0.8899082568807339,1.2244897959183674,Greed,Frequent Retail
0x75f7eeb85dc639d5e99c78f95393aa9a5f1170d4,2024-03-01,Extreme Greed,80,8244.241409,137,128,3452.370072992701,37,100,0.9343065693430657,0.37,Greed,Frequent Retail
0x75f7eeb85dc639d5e99c78f95393aa9a5f1170d4,2024-03-02,Extreme Greed,80,1674.715167,24,21,2510.5745833333335,21,3,0.875,7.0,Greed,Frequent Retail
0x75f7eeb85dc639d5e99c78f95393aa9a5f1170d4,2024-03-03,Extreme Greed,83,8361.086245,79,54,4946.1478481012655,36,43,0.6835443037974683,0.8372093023255814,Greed,Frequent Retail
0x75f7eeb85dc639d5e99c78f95393aa9a5f1170d4,2024-03-04,Extreme Greed,82,26773.771643,287,253,5485.087665505226,161,126,0.8815331010452961,1.2777777777777777,Greed,Frequent Retail
0x75f7eeb85dc639d5e99c78f95393aa9a5f1170d4,2024-03-05,Extreme Greed,90,19791.026041,180,163,4676.724,55,125,0.9055555555555556,0.44,Greed,Frequent Retail
0x75f7eeb85dc639d5e99c78f95393aa9a5f1170d4,2024-03-06,Extreme Greed,75,6814.825139,82,72,3990.4636585365856,49,33,0.8780487804878049,1.4848484848484849,Greed,Frequent Retail
0x75f7eeb85dc639d5e99c78f95393aa9a5f1170d4,2024-03-08,Extreme Greed,81,4271.886236,67,59,2740.047462686567,19,48,0.8805970149253731,0.3958333333333333,Greed,Frequent Retail
0x75f7eeb85dc639d5e99c78f95393aa9a5f1170d4,2024-03-09,Extreme Greed,84,9949.501624,117,97,5625.459401709401,83,34,0.8290598290598291,2.4411764705882355,Greed,Frequent Retail
0x75f7eeb85dc639d5e99c78f95393aa9a5f1170d4,2024-03-10,Extreme Greed,79,2482.9272,42,29,5237.472619047619,38,4,0.6904761904761905,9.5,Greed,Frequent Retail
0x75f7eeb85dc639d5e99c78f95393aa9a5f1170d4,2024-03-11,Extreme Greed,82,3588.179495,42,39,4202.844047619047,12,30,0.9285714285714286,0.4,Greed,Frequent Retail
0x75f7eeb85dc639d5e99c78f95393aa9a5f1170d4,2024-03-12,Extreme Greed,81,3039.166,8,7,12880.10625,1,7,0.875,0.14285714285714285,Greed,Frequent Retail
0x75f7eeb85dc639d5e99c78f95393aa9a5f1170d4,2024-03-14,Extreme Greed,88,3400.385378,17,15,11756.876470588235,2,15,0.8823529411764706,0.13333333333333333,Greed,Frequent Retail
0x75f7eeb85dc639d5e99c78f95393aa9a5f1170d4,2024-03-15,Extreme Greed,83,5509.2545,35,32,7132.707714285714,13,22,0.9142857142857143,0.5909090909090909,Greed,Frequent Retail
0x75f7eeb85dc639d5e99c78f95393aa9a5f1170d4,2024-03-17,Extreme Greed,79,73.61088,7,6,705.8557142857143,6,1,0.8571428571428571,6.0,Greed,Frequent Retail
0x75f7eeb85dc639d5e99c78f95393aa9a5f1170d4,2024-03-18,Extreme Greed,77,1244.6384,6,5,8540.285,1,5,0.8333333333333334,0.2,Greed,Frequent Retail
0x75f7eeb85dc639d5e99c78f95393aa9a5f1170d4,2024-03-19,Extreme Greed,79,842.799493,10,5,18098.891,5,5,0.5,1.0,Greed,Frequent Retail
0x75f7eeb85dc639d5e99c78f95393aa9a5f1170d4,2024-03-20,Greed,74,2593.147623,59,56,2446.8210169491526,23,36,0.9491525423728814,0.6388888888888888,Greed,Frequent Retail
0x75f7eeb85dc639d5e99c78f95393aa9a5f1170d4,2024-03-21,Extreme Greed,78,2097.182,23,22,4256.877391304348,22,1,0.9565217391304348,22.0,Greed,Frequent Retail
0x75f7eeb85dc639d5e99c78f95393aa9a5f1170d4,2024-03-24,Greed,74,1297.018477,19,15,4873.274210526315,15,4,0.7894736842105263,3.75,Greed,Frequent Retail
0x75f7eeb85dc639d5e99c78f95393aa9a5f1170d4,2024-03-26,Extreme Greed,81,3195.3074,111,109,1572.7824324324324,2,109,0.9819819819819819,0.01834862385321101,Greed,Frequent Retail
0x75f7eeb85dc639d5e99c78f95393aa9a5f1170d4,2024-03-27,Extreme Greed,83,-38.78086,11,0,1163.5172727272727,7,4,0.0,1.75,Greed,Frequent Retail
0x75f7eeb85dc639d5e99c78f95393aa9a5f1170d4,2024-03-28,Extreme Greed,80,227.85100799999998,10,9,1530.983,9,1,0.9,9.0,Greed,Frequent Retail
0x75f7eeb85dc639d5e99c78f95393aa9a5f1170d4,2024-03-30,Extreme Greed,75,1100.57514,45,44,2246.753777777778,1,44,0.9777777777777777,0.022727272727272728,Greed,Frequent Retail
0x75f7eeb85dc639d5e99c78f95393aa9a5f1170d4,2024-04-01,Extreme Greed,79,2507.122467,48,40,4260.021458333334,7,41,0.8333333333333334,0.17073170731707318,Greed,Frequent Retail
0x75f7eeb85dc639d5e99c78f95393aa9a5f1170d4,2024-04-03,Greed,71,126.7884,2,1,3443.955,1,1,0.5,1.0,Greed,Frequent Retail
0x75f7eeb85dc639d5e99c78f95393aa9a5f1170d4,2024-04-05,Extreme Greed,79,5296.433789,82,75,3723.111585365854,7,75,0.9146341463414634,0.09333333333333334,Greed,Frequent Retail
0x75f7eeb85dc639d5e99c78f95393aa9a5f1170d4,2024-04-08,Extreme Greed,76,1218.4267,2,1,24387.135,1,1,0.5,1.0,Greed,Frequent Retail
0x75f7eeb85dc639d5e99c78f95393aa9a5f1170d4,2024-04-12,Extreme Greed,79,2237.798674,93,71,2815.611935483871,7,86,0.7634408602150538,0.08139534883720931,Greed,Frequent Retail
0x75f7eeb85dc639d5e99c78f95393aa9a5f1170d4,2024-04-13,Greed,72,6621.451755,71,61,4651.021830985916,28,43,0.8591549295774648,0.6511627906976745,Greed,Frequent Retail
0x75f7eeb85dc639d5e99c78f95393aa9a5f1170d4,2024-04-14,Greed,72,461.97292000000004,43,30,1637.1216279069768,23,20,0.6976744186046512,1.15,Greed,Frequent Retail
0x75f7eeb85dc639d5e99c78f95393aa9a5f1170d4,2024-04-15,Greed,74,3774.08872,38,35,6344.664210526315,15,23,0.9210526315789473,0.6521739130434783,Greed,Frequent Retail
0x75f7eeb85dc639d5e99c78f95393aa9a5f1170d4,2024-04-16,Greed,65,2467.702221,46,43,3952.523695652174,31,15,0.9347826086956522,2.066666666666667,Greed,Frequent Retail
0x75f7eeb85dc639d5e99c78f95393aa9a5f1170d4,2024-04-17,Greed,67,2441.4683999999997,14,13,6968.785000000001,13,1,0.9285714285714286,13.0,Greed,Frequent Retail
0x75f7eeb85dc639d5e99c78f95393aa9a5f1170d4,2024-04-23,Greed,71,360.32138,12,4,3366.369166666667,2,10,0.3333333333333333,0.2,Greed,Frequent Retail
0x75f7eeb85dc639d5e99c78f95393aa9a5f1170d4,2024-05-03,Neutral,48,-13.844579999999999,7,1,47.215714285714284,3,4,0.14285714285714285,0.75,Neutral,Frequent Retail
0x75f7eeb85dc639d5e99c78f95393aa9a5f1170d4,2024-05-05,Greed,69,0.916,2,1,41.15,1,1,0.5,1.0,Greed,Frequent Retail
0x75f7eeb85dc639d5e99c78f95393aa9a5f1170d4,2024-05-07,Greed,68,0.0,1,0,47.59,0,1,0.0,0.0,Greed,Frequent Retail
0x75f7eeb85dc639d5e99c78f95393aa9a5f1170d4,2024-05-08,Greed,64,1.56576,3,1,46.46,2,1,0.3333333333333333,2.0,Greed,Frequent Retail
0x75f7eeb85dc639d5e99c78f95393aa9a5f1170d4,2024-05-23,Extreme Greed,76,0.0,1,0,10.56,0,1,0.0,0.0,Greed,Frequent Retail
0x75f7eeb85dc639d5e99c78f95393aa9a5f1170d4,2024-06-13,Greed,70,-1.40304,1,0,11.97,1,0,0.0,10.0,Greed,Frequent Retail
0x75f7eeb85dc639d5e99c78f95393aa9a5f1170d4,2024-12-09,Extreme Greed,78,0.01574,7,3,16.731428571428573,3,4,0.42857142857142855,0.75,Greed,Frequent Retail
0x75f7eeb85dc639d5e99c78f95393aa9a5f1170d4,2024-12-10,Extreme Greed,78,3634.56814,153,147,1401.238888888889,40,113,0.9607843137254902,0.35398230088495575,Greed,Frequent Retail
0x75f7eeb85dc639d5e99c78f95393aa9a5f1170d4,2024-12-11,Greed,74,1567.4026840000001,23,8,7024.881304347826,12,11,0.34782608695652173,1.0909090909090908,Greed,Frequent Retail
0x75f7eeb85dc639d5e99c78f95393aa9a5f1170d4,2024-12-12,Extreme Greed,83,323.34897900000016,52,4,3563.27,29,23,0.07692307692307693,1.2608695652173914,Greed,Frequent Retail
0x75f7eeb85dc639d5e99c78f95393aa9a5f1170d4,2024-12-13,Extreme Greed,76,8276.625256,26,25,4533.178461538461,8,18,0.9615384615384616,0.4444444444444444,Greed,Frequent Retail
0x75f7eeb85dc639d5e99c78f95393aa9a5f1170d4,2024-12-14,Extreme Greed,83,-33.03286,36,1,1667.6102777777778,11,25,0.027777777777777776,0.44,Greed,Frequent Retail
0x75f7eeb85dc639d5e99c78f95393aa9a5f1170d4,2024-12-15,Extreme Greed,80,126.32543000000001,14,13,469.7357142857143,1,13,0.9285714285714286,0.07692307692307693,Greed,Frequent Retail
0x75f7eeb85dc639d5e99c78f95393aa9a5f1170d4,2024-12-16,Extreme Greed,83,758.93225,10,4,5082.063,5,5,0.4,1.0,Greed,Frequent Retail
0x75f7eeb85dc639d5e99c78f95393aa9a5f1170d4,2024-12-17,Extreme Greed,87,3146.294798,67,64,1978.6264179104478,38,29,0.9552238805970149,1.3103448275862069,Greed,Frequent Retail
0x75f7eeb85dc639d5e99c78f95393aa9a5f1170d4,2024-12-18,Extreme Greed,81,2507.193252,115,109,1492.9519130434783,100,15,0.9478260869565217,6.666666666666667,Greed,Frequent Retail
0x75f7eeb85dc639d5e99c78f95393aa9a5f1170d4,2024-12-19,Extreme Greed,75,13027.2866,235,205,2927.3372765957447,42,193,0.8723404255319149,0.21761658031088082,Greed,Frequent Retail
0x75f7eeb85dc639d5e99c78f95393aa9a5f1170d4,2024-12-20,Greed,74,3509.273443,219,197,1042.2276712328767,202,17,0.8995433789954338,11.882352941176471,Greed,Frequent Retail
0x75f7eeb85dc639d5e99c78f95393aa9a5f1170d4,2024-12-21,Greed,73,24.404600000000002,8,4,1607.23625,4,4,0.5,1.0,Greed,Frequent Retail
0x75f7eeb85dc639d5e99c78f95393aa9a5f1170d4,2024-12-23,Greed,70,657.693565,51,50,1163.6007843137254,50,1,0.9803921568627451,50.0,Greed,Frequent Retail
0x75f7eeb85dc639d5e99c78f95393aa9a5f1170d4,2025-01-02,Greed,70,3429.9583199999997,53,50,3870.1449056603774,17,36,0.9433962264150944,0.4722222222222222,Greed,Frequent Retail
0x75f7eeb85dc639d5e99c78f95393aa9a5f1170d4,2025-01-07,Extreme Greed,78,11206.706221,232,221,2729.2947413793104,219,13,0.9525862068965517,16.846153846153847,Greed,Frequent Retail
0x75f7eeb85dc639d5e99c78f95393aa9a5f1170d4,2025-01-08,Greed,70,3710.36178,49,45,4625.799183673469,27,22,0.9183673469387755,1.2272727272727273,Greed,Frequent Retail
0x75f7eeb85dc639d5e99c78f95393aa9a5f1170d4,2025-01-13,Greed,61,3944.7294389999997,50,47,4342.4238000000005,3,47,0.94,0.06382978723404255,Greed,Frequent Retail
0x75f7eeb85dc639d5e99c78f95393aa9a5f1170d4,2025-01-14,Greed,63,104.68064,9,4,4696.798888888889,4,5,0.4444444444444444,0.8,Greed,Frequent Retail
0x75f7eeb85dc639d5e99c78f95393aa9a5f1170d4,2025-01-18,Extreme Greed,77,-3249.381438,33,7,7728.827272727272,23,10,0.21212121212121213,2.3,Greed,Frequent Retail
0x75f7eeb85dc639d5e99c78f95393aa9a5f1170d4,2025-01-20,Extreme Greed,76,16210.341667,409,395,1671.0059413202935,190,219,0.9657701711491442,0.867579908675799,Greed,Frequent Retail
0x75f7eeb85dc639d5e99c78f95393aa9a5f1170d4,2025-01-22,Extreme Greed,84,548.62199,35,34,2301.3917142857144,1,34,0.9714285714285714,0.029411764705882353,Greed,Frequent Retail
0x75f7eeb85dc639d5e99c78f95393aa9a5f1170d4,2025-01-24,Extreme Greed,75,3540.716915,137,129,1282.6185401459854,53,84,0.9416058394160584,0.6309523809523809,Greed,Frequent Retail
0x75f7eeb85dc639d5e99c78f95393aa9a5f1170d4,2025-01-27,Greed,71,2582.715893,128,122,1981.91671875,99,29,0.953125,3.413793103448276,Greed,Frequent Retail
0x75f7eeb85dc639d5e99c78f95393aa9a5f1170d4,2025-01-28,Greed,72,1150.332823,37,34,3275.1991891891894,3,34,0.918918918918919,0.08823529411764706,Greed,Frequent Retail
0x75f7eeb85dc639d5e99c78f95393aa9a5f1170d4,2025-01-29,Greed,72,45.381082,36,28,1330.8616666666667,8,28,0.7777777777777778,0.2857142857142857,Greed,Frequent Retail
0x75f7eeb85dc639d5e99c78f95393aa9a5f1170d4,2025-01-30,Greed,70,5049.257348,134,110,2169.4271641791042,62,72,0.8208955223880597,0.8611111111111112,Greed,Frequent Retail
0x75f7eeb85dc639d5e99c78f95393aa9a5f1170d4,2025-01-31,Extreme Greed,76,6216.099195999999,172,120,2295.991569767442,92,80,0.6976744186046512,1.15,Greed,Frequent Retail
0x75f7eeb85dc639d5e99c78f95393aa9a5f1170d4,2025-02-01,Greed,68,9609.447365,148,114,4026.3325675675674,114,34,0.7702702702702703,3.3529411764705883,Greed,Frequent Retail
0x75f7eeb85dc639d5e99c78f95393aa9a5f1170d4,2025-02-03,Fear,44,14982.681725,351,263,2940.937606837607,100,251,0.7492877492877493,0.398406374501992,Fear,Frequent Retail
0x75f7eeb85dc639d5e99c78f95393aa9a5f1170d4,2025-02-04,Greed,72,1985.815595,76,74,1605.050657894737,2,74,0.9736842105263158,0.02702702702702703,Greed,Frequent Retail
0x75f7eeb85dc639d5e99c78f95393aa9a5f1170d4,2025-02-05,Neutral,54,14.590934,20,15,2107.2529999999997,5,15,0.75,0.3333333333333333,Neutral,Frequent Retail
0x75f7eeb85dc639d5e99c78f95393aa9a5f1170d4,2025-02-06,Neutral,49,2055.538866,73,20,4675.59698630137,40,33,0.273972602739726,1.2121212121212122,Neutral,Frequent Retail
0x75f7eeb85dc639d5e99c78f95393aa9a5f1170d4,2025-02-07,Fear,44,2648.450789,58,41,3997.0581034482757,6,52,0.7068965517241379,0.11538461538461539,Fear,Frequent Retail
0x75f7eeb85dc639d5e99c78f95393aa9a5f1170d4,2025-02-08,Fear,44,235.47104,2,1,6882.275,1,1,0.5,1.0,Fear,Frequent Retail
0x75f7eeb85dc639d5e99c78f95393aa9a5f1170d4,2025-02-09,Neutral,46,627.556755,71,66,1530.2932394366196,66,5,0.9295774647887324,13.2,Neutral,Frequent Retail
0x75f7eeb85dc639d5e99c78f95393aa9a5f1170d4,2025-02-10,Fear,43,990.674468,58,35,2647.6505172413795,24,34,0.603448275862069,0.7058823529411765,Fear,Frequent Retail
0x75f7eeb85dc639d5e99c78f95393aa9a5f1170d4,2025-02-11,Neutral,47,1053.5230999999999,5,3,7386.992,2,3,0.6,0.6666666666666666,Neutral,Frequent Retail
0x75f7eeb85dc639d5e99c78f95393aa9a5f1170d4,2025-02-12,Neutral,46,-22303.603584,118,28,2953.0322881355933,31,87,0.23728813559322035,0.3563218390804598,Neutral,Frequent Retail
0x75f7eeb85dc639d5e99c78f95393aa9a5f1170d4,2025-02-13,Neutral,50,2390.12335,101,84,1278.79198019802,84,17,0.8316831683168316,4.9411764705882355,Neutral,Frequent Retail
0x75f7eeb85dc639d5e99c78f95393aa9a5f1170d4,2025-02-15,Neutral,50,462.740727,28,19,3875.14,9,19,0.6785714285714286,0.47368421052631576,Neutral,Frequent Retail
0x75f7eeb85dc639d5e99c78f95393aa9a5f1170d4,2025-02-16,Neutral,54,14.54605,5,1,341.232,4,1,0.2,4.0,Neutral,Frequent Retail
0x75f7eeb85dc639d5e99c78f95393aa9a5f1170d4,2025-02-18,Neutral,47,3112.721339,131,106,2398.0035877862597,18,113,0.8091603053435115,0.1592920353982301,Neutral,Frequent Retail
0x75f7eeb85dc639d5e99c78f95393aa9a5f1170d4,2025-02-19,Fear,44,770.462266,221,154,1613.0980995475113,204,17,0.6968325791855203,12.0,Fear,Frequent Retail
0x75f7eeb85dc639d5e99c78f95393aa9a5f1170d4,2025-02-20,Neutral,49,1727.154021,69,65,2101.7873913043477,52,17,0.9420289855072463,3.0588235294117645,Neutral,Frequent Retail
0x75f7eeb85dc639d5e99c78f95393aa9a5f1170d4,2025-02-21,Greed,55,2720.828056,188,121,1504.8432978723404,61,127,0.6436170212765957,0.48031496062992124,Greed,Frequent Retail
0x75f7eeb85dc639d5e99c78f95393aa9a5f1170d4,2025-02-22,Neutral,49,1437.17482,121,80,2194.715289256198,41,80,0.6611570247933884,0.5125,Neutral,Frequent Retail
0x75f7eeb85dc639d5e99c78f95393aa9a5f1170d4,2025-02-23,Neutral,50,1001.2053860000001,125,98,2364.3752000000004,26,99,0.784,0.26262626262626265,Neutral,Frequent Retail
0x75f7eeb85dc639d5e99c78f95393aa9a5f1170d4,2025-02-25,Fear,25,3622.6256409999996,79,76,2395.0187341772153,17,62,0.9620253164556962,0.27419354838709675,Fear,Frequent Retail
0x75f7eeb85dc639d5e99c78f95393aa9a5f1170d4,2025-02-26,Extreme Fear,21,5303.037252,86,80,3985.245697674419,81,5,0.9302325581395349,16.2,Fear,Frequent Retail
0x75f7eeb85dc639d5e99c78f95393aa9a5f1170d4,2025-03-02,Fear,26,948.6016900000001,12,11,3923.564166666667,11,1,0.9166666666666666,11.0,Fear,Frequent Retail
0x75f7eeb85dc639d5e99c78f95393aa9a5f1170d4,2025-03-03,Fear,33,-370.250064,101,61,1018.7064356435644,33,68,0.6039603960396039,0.4852941176470588,Fear,Frequent Retail
0x75f7eeb85dc639d5e99c78f95393aa9a5f1170d4,2025-03-05,Extreme Fear,20,-5843.04,2,0,42921.479999999996,1,1,0.0,1.0,Fear,Frequent Retail
0x75f7eeb85dc639d5e99c78f95393aa9a5f1170d4,2025-03-08,Fear,28,556.480533,18,17,1573.7972222222222,17,1,0.9444444444444444,17.0,Fear,Frequent Retail
0x75f7eeb85dc639d5e99c78f95393aa9a5f1170d4,2025-03-11,Extreme Fear,24,23670.188163,170,161,3202.6863529411767,86,84,0.9470588235294117,1.0238095238095237,Fear,Frequent Retail
0x75f7eeb85dc639d5e99c78f95393aa9a5f1170d4,2025-03-12,Fear,34,788.209533,24,21,2053.1325,3,21,0.875,0.14285714285714285,Fear,Frequent Retail
0x75f7eeb85dc639d5e99c78f95393aa9a5f1170d4,2025-03-13,Neutral,45,216.69714,20,1,3998.917,1,19,0.05,0.05263157894736842,Neutral,Frequent Retail
0x75f7eeb85dc639d5e99c78f95393aa9a5f1170d4,2025-03-15,Neutral,46,500.116094,33,7,1352.128787878788,30,3,0.21212121212121213,10.0,Neutral,Frequent Retail
0x75f7eeb85dc639d5e99c78f95393aa9a5f1170d4,2025-03-16,Fear,30,941.32505,15,14,2071.034666666667,1,14,0.9333333333333333,0.07142857142857142,Fear,Frequent Retail
0x75f7eeb85dc639d5e99c78f95393aa9a5f1170d4,2025-03-17,Fear,32,5845.632627,152,146,1292.3644736842105,96,56,0.9605263157894737,1.7142857142857142,Fear,Frequent Retail
0x75f7eeb85dc639d5e99c78f95393aa9a5f1170d4,2025-03-18,Fear,34,82.269533,14,10,610.3228571428572,10,4,0.7142857142857143,2.5,Fear,Frequent Retail
0x75f7eeb85dc639d5e99c78f95393aa9a5f1170d4,2025-03-19,Fear,32,106.886191,43,39,1166.1046511627908,1,42,0.9069767441860465,0.023809523809523808,Fear,Frequent Retail
0x75f7eeb85dc639d5e99c78f95393aa9a5f1170d4,2025-03-20,Neutral,49,646.76766,32,31,965.8490625,1,31,0.96875,0.03225806451612903,Neutral,Frequent Retail
0x75f7eeb85dc639d5e99c78f95393aa9a5f1170d4,2025-03-22,Fear,32,4462.921835,63,61,968.4492063492064,57,6,0.9682539682539683,9.5,Fear,Frequent Retail
0x75f7eeb85dc639d5e99c78f95393aa9a5f1170d4,2025-03-24,Neutral,45,80.95313,26,22,179.39076923076925,23,3,0.8461538461538461,7.666666666666667,Neutral,Frequent Retail
0x75f7eeb85dc639d5e99c78f95393aa9a5f1170d4,2025-03-25,Neutral,46,520.971268,29,26,2614.2506896551727,15,14,0.896551724137931,1.0714285714285714,Neutral,Frequent Retail
0x75f7eeb85dc639d5e99c78f95393aa9a5f1170d4,2025-03-26,Neutral,47,96.945218,79,25,1384.9248101265823,28,51,0.31645569620253167,0.5490196078431373,Neutral,Frequent Retail
0x75f7eeb85dc639d5e99c78f95393aa9a5f1170d4,2025-03-29,Fear,26,133.123947,83,66,507.97253012048196,2,81,0.7951807228915663,0.024691358024691357,Fear,Frequent Retail
0x75f7eeb85dc639d5e99c78f95393aa9a5f1170d4,2025-03-31,Fear,34,1239.24045,52,51,952.425,1,51,0.9807692307692307,0.0196078431372549,Fear,Frequent Retail
0x75f7eeb85dc639d5e99c78f95393aa9a5f1170d4,2025-04-02,Fear,44,90.98474,11,9,2925.4536363636366,9,2,0.8181818181818182,4.5,Fear,Frequent Retail
0x75f7eeb85dc639d5e99c78f95393aa9a5f1170d4,2025-04-06,Fear,34,3370.85855,39,36,3952.829230769231,3,36,0.9230769230769231,0.08333333333333333,Fear,Frequent Retail
0x75f7eeb85dc639d5e99c78f95393aa9a5f1170d4,2025-04-08,Extreme Fear,24,948.85929,43,42,1116.5534883720932,1,42,0.9767441860465116,0.023809523809523808,Fear,Frequent Retail
0x75f7eeb85dc639d5e99c78f95393aa9a5f1170d4,2025-04-09,Extreme Fear,18,1593.7933500000001,15,6,3893.6853333333333,6,9,0.4,0.6666666666666666,Fear,Frequent Retail
0x75f7eeb85dc639d5e99c78f95393aa9a5f1170d4,2025-04-12,Fear,43,1442.90516,44,42,1396.4452272727274,2,42,0.9545454545454546,0.047619047619047616,Fear,Frequent Retail
0x75f7eeb85dc639d5e99c78f95393aa9a5f1170d4,2025-04-14,Fear,31,1828.36966,40,33,3124.96325,27,13,0.825,2.076923076923077,Fear,Frequent Retail
0x75f7eeb85dc639d5e99c78f95393aa9a5f1170d4,2025-04-15,Fear,38,1208.695445,36,35,1633.111111111111,35,1,0.9722222222222222,35.0,Fear,Frequent Retail
0x75f7eeb85dc639d5e99c78f95393aa9a5f1170d4,2025-04-16,Fear,29,1674.357543,35,33,2679.161714285714,27,8,0.9428571428571428,3.375,Fear,Frequent Retail
0x75f7eeb85dc639d5e99c78f95393aa9a5f1170d4,2025-04-18,Fear,33,471.89234,6,5,4048.5616666666665,5,1,0.8333333333333334,5.0,Fear,Frequent Retail
0x75f7eeb85dc639d5e99c78f95393aa9a5f1170d4,2025-04-19,Fear,32,1403.177311,55,26,1152.206909090909,28,27,0.4727272727272727,1.037037037037037,Fear,Frequent Retail
0x75f7eeb85dc639d5e99c78f95393aa9a5f1170d4,2025-04-20,Fear,37,-111.77234,52,11,1156.014423076923,50,2,0.21153846153846154,25.0,Fear,Frequent Retail
0x75f7eeb85dc639d5e99c78f95393aa9a5f1170d4,2025-04-22,Neutral,47,2933.203058,327,325,358.02122324159023,325,2,0.9938837920489296,162.5,Neutral,Frequent Retail
0x75f7eeb85dc639d5e99c78f95393aa9a5f1170d4,2025-04-23,Greed,72,6439.07977,154,146,2393.760844155844,97,57,0.948051948051948,1.7017543859649122,Greed,Frequent Retail
0x75f7eeb85dc639d5e99c78f95393aa9a5f1170d4,2025-04-24,Greed,63,1250.2581989999999,29,5,2504.40724137931,17,12,0.1724137931034483,1.4166666666666667,Greed,Frequent Retail
0x75f7eeb85dc639d5e99c78f95393aa9a5f1170d4,2025-04-25,Greed,60,1113.013801,99,82,777.5432323232324,16,83,0.8282828282828283,0.1927710843373494,Greed,Frequent Retail
0x75f7eeb85dc639d5e99c78f95393aa9a5f1170d4,2025-04-26,Greed,65,3291.144446,113,110,1400.3834513274335,110,3,0.9734513274336283,36.666666666666664,Greed,Frequent Retail
0x75f7eeb85dc639d5e99c78f95393aa9a5f1170d4,2025-04-27,Greed,61,471.712989,83,53,1451.5227710843374,2,81,0.6385542168674698,0.024691358024691357,Greed,Frequent Retail
0x75f7eeb85dc639d5e99c78f95393aa9a5f1170d4,2025-04-28,Neutral,54,728.966777,33,22,1052.2554545454545,6,27,0.6666666666666666,0.2222222222222222,Neutral,Frequent Retail
0x7f4f299f74eec87806a830e3caa9afa5f2b9db8f,2024-12-25,Greed,73,14.21524,4,3,1688.5525,1,3,0.75,0.3333333333333333,Greed,Frequent Retail
0x7f4f299f74eec87806a830e3caa9afa5f2b9db8f,2024-12-29,Greed,73,0.0,4,0,10819.605,4,0,0.0,10.0,Greed,Frequent Retail
0x7f4f299f74eec87806a830e3caa9afa5f2b9db8f,2024-12-30,Greed,65,838.9844760000001,12,7,4069.070833333333,5,7,0.5833333333333334,0.7142857142857143,Greed,Frequent Retail
0x7f4f299f74eec87806a830e3caa9afa5f2b9db8f,2024-12-31,Greed,64,0.0,1,0,8056.83,1,0,0.0,10.0,Greed,Frequent Retail
0x7f4f299f74eec87806a830e3caa9afa5f2b9db8f,2025-01-01,Greed,66,0.0,3,0,7555.826666666667,3,0,0.0,10.0,Greed,Frequent Retail
0x7f4f299f74eec87806a830e3caa9afa5f2b9db8f,2025-01-02,Greed,70,1008.518954,9,5,6758.5633333333335,4,5,0.5555555555555556,0.8,Greed,Frequent Retail
0x7f4f299f74eec87806a830e3caa9afa5f2b9db8f,2025-01-03,Greed,74,937.789615,26,17,1975.7373076923077,9,17,0.6538461538461539,0.5294117647058824,Greed,Frequent Retail
0x7f4f299f74eec87806a830e3caa9afa5f2b9db8f,2025-01-05,Greed,72,1093.05677,7,7,1828.1614285714284,0,7,1.0,0.0,Greed,Frequent Retail
0x7f4f299f74eec87806a830e3caa9afa5f2b9db8f,2025-01-06,Extreme Greed,76,1260.832586,1,1,12912.0,0,1,1.0,0.0,Greed,Frequent Retail
0x7f4f299f74eec87806a830e3caa9afa5f2b9db8f,2025-01-07,Extreme Greed,78,0.0,1,0,5768.6,1,0,0.0,10.0,Greed,Frequent Retail
0x7f4f299f74eec87806a830e3caa9afa5f2b9db8f,2025-01-08,Greed,70,0.0,11,0,2146.8445454545454,11,0,0.0,10.0,Greed,Frequent Retail
0x7f4f299f74eec87806a830e3caa9afa5f2b9db8f,2025-01-09,Greed,69,0.0,1,0,9563.74,1,0,0.0,10.0,Greed,Frequent Retail
0x7f4f299f74eec87806a830e3caa9afa5f2b9db8f,2025-01-13,Greed,61,1621.278931,4,4,7545.6675,0,4,1.0,0.0,Greed,Frequent Retail
0x7f4f299f74eec87806a830e3caa9afa5f2b9db8f,2025-01-15,Greed,70,1261.448002,1,1,11647.74,0,1,1.0,0.0,Greed,Frequent Retail
0x7f4f299f74eec87806a830e3caa9afa5f2b9db8f,2025-01-19,Extreme Greed,77,0.0,1,0,99.88,1,0,0.0,10.0,Greed,Frequent Retail
0x7f4f299f74eec87806a830e3caa9afa5f2b9db8f,2025-03-24,Neutral,45,-869.145978,2,0,8449.470000000001,0,2,0.0,0.0,Neutral,Frequent Retail
0x7f4f299f74eec87806a830e3caa9afa5f2b9db8f,2025-03-26,Neutral,47,0.0,3,0,5632.456666666668,3,0,0.0,10.0,Neutral,Frequent Retail
0x7f4f299f74eec87806a830e3caa9afa5f2b9db8f,2025-03-28,Fear,44,1130.350383,6,6,3004.626666666667,0,6,1.0,0.0,Fear,Frequent Retail
0x7f4f299f74eec87806a830e3caa9afa5f2b9db8f,2025-04-08,Extreme Fear,24,246.8944,26,16,2155.8880769230773,10,16,0.6153846153846154,0.625,Fear,Frequent Retail
0x7f4f299f74eec87806a830e3caa9afa5f2b9db8f,2025-04-09,Extreme Fear,18,2975.927732,799,375,3494.2455444305383,361,438,0.4693366708385482,0.8242009132420092,Fear,Frequent Retail
0x7f4f299f74eec87806a830e3caa9afa5f2b9db8f,2025-04-10,Fear,39,-372.76464,105,28,6134.571428571428,38,67,0.26666666666666666,0.5671641791044776,Fear,Frequent Retail
0x7f4f299f74eec87806a830e3caa9afa5f2b9db8f,2025-04-11,Fear,25,2550.108815,279,136,2348.0045519713262,62,217,0.4874551971326165,0.2857142857142857,Fear,Frequent Retail
0x7f4f299f74eec87806a830e3caa9afa5f2b9db8f,2025-04-12,Fear,43,303.170149,120,69,3633.2355833333336,76,44,0.575,1.7272727272727273,Fear,Frequent Retail
0x7f4f299f74eec87806a830e3caa9afa5f2b9db8f,2025-04-13,Neutral,45,355.09,94,10,4544.766489361702,80,14,0.10638297872340426,5.714285714285714,Neutral,Frequent Retail
0x7f4f299f74eec87806a830e3caa9afa5f2b9db8f,2025-04-17,Fear,30,425.687612,34,16,7388.688823529412,16,18,0.47058823529411764,0.8888888888888888,Fear,Frequent Retail
0x7f4f299f74eec87806a830e3caa9afa5f2b9db8f,2025-04-22,Neutral,47,119.0,5,4,36540.202000000005,4,1,0.8,4.0,Neutral,Frequent Retail
0x8170715b3b381dffb7062c0298972d4727a0a63b,2024-12-17,Extreme Greed,87,0.0,14,0,2142.7757142857145,14,0,0.0,10.0,Greed,Occasional Retail
0x8170715b3b381dffb7062c0298972d4727a0a63b,2024-12-18,Extreme Greed,81,0.0,1,0,4999.94,1,0,0.0,10.0,Greed,Occasional Retail
0x8170715b3b381dffb7062c0298972d4727a0a63b,2024-12-27,Greed,74,453.853206,29,5,862.0348275862068,0,29,0.1724137931034483,0.0,Greed,Occasional Retail
0x8170715b3b381dffb7062c0298972d4727a0a63b,2024-12-28,Greed,72,343.092145,1,1,4999.89,0,1,1.0,0.0,Greed,Occasional Retail
0x8170715b3b381dffb7062c0298972d4727a0a63b,2024-12-29,Greed,73,768.814445,4,4,1918.2925,3,1,1.0,3.0,Greed,Occasional Retail
0x8170715b3b381dffb7062c0298972d4727a0a63b,2024-12-30,Greed,65,1211.511836,6,6,946.8850000000001,6,0,1.0,10.0,Greed,Occasional Retail
0x8170715b3b381dffb7062c0298972d4727a0a63b,2024-12-31,Greed,64,306.563532,3,3,342.82,3,0,1.0,10.0,Greed,Occasional Retail
0x8170715b3b381dffb7062c0298972d4727a0a63b,2025-01-02,Greed,70,739.18423,3,3,1004.1633333333334,3,0,1.0,10.0,Greed,Occasional Retail
0x8170715b3b381dffb7062c0298972d4727a0a63b,2025-01-22,Extreme Greed,84,-179.521683,6,0,1873.8216666666667,0,6,0.0,0.0,Greed,Occasional Retail
0x8170715b3b381dffb7062c0298972d4727a0a63b,2025-01-25,Extreme Greed,75,-18956.391598000002,29,5,4484.771379310345,26,3,0.1724137931034483,8.666666666666666,Greed,Occasional Retail
0x8170715b3b381dffb7062c0298972d4727a0a63b,2025-01-26,Greed,73,0.0,26,0,961.5796153846154,0,26,0.0,0.0,Greed,Occasional Retail
0x8170715b3b381dffb7062c0298972d4727a0a63b,2025-01-27,Greed,71,0.0,22,0,681.8109090909091,0,22,0.0,0.0,Greed,Occasional Retail
0x8170715b3b381dffb7062c0298972d4727a0a63b,2025-01-28,Greed,72,0.0,17,0,588.2223529411765,0,17,0.0,0.0,Greed,Occasional Retail
0x8170715b3b381dffb7062c0298972d4727a0a63b,2025-01-29,Greed,72,0.0,7,0,999.9485714285714,0,7,0.0,0.0,Greed,Occasional Retail
0x8170715b3b381dffb7062c0298972d4727a0a63b,2025-01-30,Greed,70,0.0,37,0,486.4764864864865,0,37,0.0,0.0,Greed,Occasional Retail
0x8170715b3b381dffb7062c0298972d4727a0a63b,2025-01-31,Extreme Greed,76,0.0,48,0,625.6752083333333,0,48,0.0,0.0,Greed,Occasional Retail
0x8170715b3b381dffb7062c0298972d4727a0a63b,2025-02-01,Greed,68,0.0,18,0,773.4088888888889,0,18,0.0,0.0,Greed,Occasional Retail
0x8170715b3b381dffb7062c0298972d4727a0a63b,2025-02-02,Greed,60,0.0,30,0,1333.3373333333334,0,30,0.0,0.0,Greed,Occasional Retail
0x8170715b3b381dffb7062c0298972d4727a0a63b,2025-02-03,Fear,44,13770.715332,119,96,355.00016806722687,96,23,0.8067226890756303,4.173913043478261,Fear,Occasional Retail
0x8170715b3b381dffb7062c0298972d4727a0a63b,2025-02-04,Greed,72,0.0,45,0,676.7046666666666,0,45,0.0,0.0,Greed,Occasional Retail
0x8170715b3b381dffb7062c0298972d4727a0a63b,2025-02-05,Neutral,54,0.0,25,0,599.9928,0,25,0.0,0.0,Neutral,Occasional Retail
0x8170715b3b381dffb7062c0298972d4727a0a63b,2025-02-06,Neutral,49,0.0,17,0,470.57411764705876,0,17,0.0,0.0,Neutral,Occasional Retail
0x8170715b3b381dffb7062c0298972d4727a0a63b,2025-02-07,Fear,44,0.0,9,0,666.651111111111,0,9,0.0,0.0,Fear,Occasional Retail
0x8170715b3b381dffb7062c0298972d4727a0a63b,2025-02-08,Fear,44,0.0,5,0,999.984,0,5,0.0,0.0,Fear,Occasional Retail
0x8170715b3b381dffb7062c0298972d4727a0a63b,2025-02-09,Neutral,46,0.0,87,0,137.93471264367815,0,87,0.0,0.0,Neutral,Occasional Retail
0x8170715b3b381dffb7062c0298972d4727a0a63b,2025-02-10,Fear,43,24.634532000000036,85,29,698.8723529411765,65,20,0.3411764705882353,3.25,Fear,Occasional Retail
0x8170715b3b381dffb7062c0298972d4727a0a63b,2025-02-11,Neutral,47,0.0,13,0,769.2253846153847,0,13,0.0,0.0,Neutral,Occasional Retail
0x8170715b3b381dffb7062c0298972d4727a0a63b,2025-02-12,Neutral,46,0.0,23,0,1086.9421739130435,0,23,0.0,0.0,Neutral,Occasional Retail
0x8170715b3b381dffb7062c0298972d4727a0a63b,2025-02-13,Neutral,50,-3556.3882559999997,46,0,947.7369565217392,16,30,0.0,0.5333333333333333,Neutral,Occasional Retail
0x8170715b3b381dffb7062c0298972d4727a0a63b,2025-02-14,Neutral,48,8781.96,311,82,2726.2494855305467,124,187,0.26366559485530544,0.6631016042780749,Neutral,Occasional Retail
0x8170715b3b381dffb7062c0298972d4727a0a63b,2025-02-15,Neutral,50,35346.87108,179,154,2418.771340782123,50,129,0.8603351955307262,0.3875968992248062,Neutral,Occasional Retail
0x8170715b3b381dffb7062c0298972d4727a0a63b,2025-02-16,Neutral,54,0.0,3,0,3333.296666666667,0,3,0.0,0.0,Neutral,Occasional Retail
0x8170715b3b381dffb7062c0298972d4727a0a63b,2025-02-17,Neutral,51,0.0,6,0,2503.1749999999997,0,6,0.0,0.0,Neutral,Occasional Retail
0x8170715b3b381dffb7062c0298972d4727a0a63b,2025-02-18,Neutral,47,0.0,13,0,1923.0538461538463,0,13,0.0,0.0,Neutral,Occasional Retail
0x8170715b3b381dffb7062c0298972d4727a0a63b,2025-02-19,Fear,44,0.0,17,0,882.3423529411765,0,17,0.0,0.0,Fear,Occasional Retail
0x8170715b3b381dffb7062c0298972d4727a0a63b,2025-02-20,Neutral,49,0.0,31,0,1129.0251612903226,0,31,0.0,0.0,Neutral,Occasional Retail
0x8170715b3b381dffb7062c0298972d4727a0a63b,2025-02-21,Greed,55,0.0,38,0,657.8865789473684,0,38,0.0,0.0,Greed,Occasional Retail
0x8170715b3b381dffb7062c0298972d4727a0a63b,2025-02-23,Neutral,50,0.0,4,0,1249.98,0,4,0.0,0.0,Neutral,Occasional Retail
0x8170715b3b381dffb7062c0298972d4727a0a63b,2025-02-25,Fear,25,8698.883848,39,39,641.0223076923077,39,0,1.0,10.0,Fear,Occasional Retail
0x8170715b3b381dffb7062c0298972d4727a0a63b,2025-02-26,Extreme Fear,21,2225.835732,1,1,4999.92,1,0,1.0,10.0,Fear,Occasional Retail
0x8170715b3b381dffb7062c0298972d4727a0a63b,2025-02-28,Extreme Fear,16,3309.75,7,7,714.2857142857143,7,0,1.0,10.0,Fear,Occasional Retail
0x8170715b3b381dffb7062c0298972d4727a0a63b,2025-03-02,Fear,26,0.0,2,0,2499.975,0,2,0.0,0.0,Fear,Occasional Retail
0x8170715b3b381dffb7062c0298972d4727a0a63b,2025-03-03,Fear,33,0.0,8,0,624.99375,0,8,0.0,0.0,Fear,Occasional Retail
0x8170715b3b381dffb7062c0298972d4727a0a63b,2025-03-04,Extreme Fear,15,6939.47356,16,13,937.494375,13,3,0.8125,4.333333333333333,Fear,Occasional Retail
0x8170715b3b381dffb7062c0298972d4727a0a63b,2025-03-07,Fear,34,0.0,12,0,12499.980833333333,12,0,0.0,10.0,Fear,Occasional Retail
0x8170715b3b381dffb7062c0298972d4727a0a63b,2025-03-08,Fear,28,0.0,38,0,2631.5215789473687,38,0,0.0,10.0,Fear,Occasional Retail
0x8170715b3b381dffb7062c0298972d4727a0a63b,2025-03-09,Fear,27,3677.4965580000003,5,5,999.99,5,0,1.0,10.0,Fear,Occasional Retail
0x8170715b3b381dffb7062c0298972d4727a0a63b,2025-03-10,Extreme Fear,20,4297.3227640000005,14,5,3928.565714285714,14,0,0.35714285714285715,10.0,Fear,Occasional Retail
0x8170715b3b381dffb7062c0298972d4727a0a63b,2025-03-11,Extreme Fear,24,0.0,8,0,624.9925000000001,0,8,0.0,0.0,Fear,Occasional Retail
0x8170715b3b381dffb7062c0298972d4727a0a63b,2025-03-12,Fear,34,-2493.849701,11,0,4999.932727272728,0,11,0.0,0.0,Fear,Occasional Retail
0x8170715b3b381dffb7062c0298972d4727a0a63b,2025-03-13,Neutral,45,0.0,37,0,1891.8805405405406,26,11,0.0,2.3636363636363638,Neutral,Occasional Retail
0x8170715b3b381dffb7062c0298972d4727a0a63b,2025-03-14,Fear,27,584.05178,1,1,9999.89,0,1,1.0,0.0,Fear,Occasional Retail
0x8170715b3b381dffb7062c0298972d4727a0a63b,2025-03-15,Neutral,46,763.755281,18,3,2222.1133333333332,0,18,0.16666666666666666,0.0,Neutral,Occasional Retail
0x8170715b3b381dffb7062c0298972d4727a0a63b,2025-03-16,Fear,30,8368.226125000001,7,6,2856.945714285714,6,1,0.8571428571428571,6.0,Fear,Occasional Retail
0x8170715b3b381dffb7062c0298972d4727a0a63b,2025-03-17,Fear,32,0.0,72,0,1527.7720833333333,0,72,0.0,0.0,Fear,Occasional Retail
0x8170715b3b381dffb7062c0298972d4727a0a63b,2025-03-18,Fear,34,0.0,59,0,1274.653559322034,0,59,0.0,0.0,Fear,Occasional Retail
0x8170715b3b381dffb7062c0298972d4727a0a63b,2025-03-19,Fear,32,3036.68886,109,9,1511.8720183486237,0,109,0.08256880733944955,0.0,Fear,Occasional Retail
0x8170715b3b381dffb7062c0298972d4727a0a63b,2025-03-20,Neutral,49,652.062115,12,3,7589.970833333334,0,12,0.25,0.0,Neutral,Occasional Retail
0x8170715b3b381dffb7062c0298972d4727a0a63b,2025-03-22,Fear,32,3082.76165,19,19,526.312105263158,19,0,1.0,10.0,Fear,Occasional Retail
0x8170715b3b381dffb7062c0298972d4727a0a63b,2025-03-23,Fear,30,3464.777168,2,2,4999.96,2,0,1.0,10.0,Fear,Occasional Retail
0x8170715b3b381dffb7062c0298972d4727a0a63b,2025-03-24,Neutral,45,2838.532396,47,41,2021.1748936170213,9,38,0.8723404255319149,0.23684210526315788,Neutral,Occasional Retail
0x8170715b3b381dffb7062c0298972d4727a0a63b,2025-03-25,Neutral,46,2164.09548,6,6,6666.248333333334,0,6,1.0,0.0,Neutral,Occasional Retail
0x8170715b3b381dffb7062c0298972d4727a0a63b,2025-03-26,Neutral,47,619.572648,1,1,9998.76,0,1,1.0,0.0,Neutral,Occasional Retail
0x8170715b3b381dffb7062c0298972d4727a0a63b,2025-03-27,Fear,40,26714.79759,64,62,1071.89515625,62,2,0.96875,31.0,Fear,Occasional Retail
0x8170715b3b381dffb7062c0298972d4727a0a63b,2025-03-28,Fear,44,13956.614828,29,29,1137.9037931034482,29,0,1.0,10.0,Fear,Occasional Retail
0x8170715b3b381dffb7062c0298972d4727a0a63b,2025-03-29,Fear,26,19573.830158,86,44,1162.7798837209302,86,0,0.5116279069767442,10.0,Fear,Occasional Retail
0x8170715b3b381dffb7062c0298972d4727a0a63b,2025-03-30,Fear,32,9683.820194,31,15,2259.391935483871,29,2,0.4838709677419355,14.5,Fear,Occasional Retail
0x8170715b3b381dffb7062c0298972d4727a0a63b,2025-03-31,Fear,34,5544.028638,8,6,4999.98625,8,0,0.75,10.0,Fear,Occasional Retail
0x8170715b3b381dffb7062c0298972d4727a0a63b,2025-04-01,Fear,34,4004.50286,13,12,9495.466153846153,0,13,0.9230769230769231,0.0,Fear,Occasional Retail
0x8170715b3b381dffb7062c0298972d4727a0a63b,2025-04-02,Fear,44,8045.056928,7,7,2142.8557142857144,7,0,1.0,10.0,Fear,Occasional Retail
0x8170715b3b381dffb7062c0298972d4727a0a63b,2025-04-03,Fear,25,0.0,85,0,5629.0912941176475,58,27,0.0,2.1481481481481484,Fear,Occasional Retail
0x8170715b3b381dffb7062c0298972d4727a0a63b,2025-04-04,Fear,28,4805.345609999999,68,7,932.0805882352942,12,56,0.10294117647058823,0.21428571428571427,Fear,Occasional Retail
0x8170715b3b381dffb7062c0298972d4727a0a63b,2025-04-06,Fear,34,17621.701092,14,8,13571.328571428572,14,0,0.5714285714285714,10.0,Fear,Occasional Retail
0x8170715b3b381dffb7062c0298972d4727a0a63b,2025-04-07,Extreme Fear,23,0.0,51,0,2744.2062745098037,0,51,0.0,0.0,Fear,Occasional Retail
0x8170715b3b381dffb7062c0298972d4727a0a63b,2025-04-08,Extreme Fear,24,0.0,8,0,18749.877500000002,8,0,0.0,10.0,Fear,Occasional Retail
0x8170715b3b381dffb7062c0298972d4727a0a63b,2025-04-09,Extreme Fear,18,-4058.8889249999997,54,18,8168.482037037037,5,49,0.3333333333333333,0.10204081632653061,Fear,Occasional Retail
0x8170715b3b381dffb7062c0298972d4727a0a63b,2025-04-10,Fear,39,4596.960442,89,44,3151.4488764044945,0,89,0.4943820224719101,0.0,Fear,Occasional Retail
0x8170715b3b381dffb7062c0298972d4727a0a63b,2025-04-11,Fear,25,-9584.869233000001,238,0,2846.985294117647,0,238,0.0,0.0,Fear,Occasional Retail
0x8170715b3b381dffb7062c0298972d4727a0a63b,2025-04-12,Fear,43,0.0,22,0,2727.2445454545455,0,22,0.0,0.0,Fear,Occasional Retail
0x8170715b3b381dffb7062c0298972d4727a0a63b,2025-04-13,Neutral,45,0.0,18,0,2222.144444444444,0,18,0.0,0.0,Neutral,Occasional Retail
0x8170715b3b381dffb7062c0298972d4727a0a63b,2025-04-15,Fear,38,3204.26268,77,77,2727.2429870129868,77,0,1.0,10.0,Fear,Occasional Retail
0x8170715b3b381dffb7062c0298972d4727a0a63b,2025-04-16,Fear,29,912.29492,39,1,3846.1415384615384,1,38,0.02564102564102564,0.02631578947368421,Fear,Occasional Retail
0x8170715b3b381dffb7062c0298972d4727a0a63b,2025-04-17,Fear,30,0.0,96,0,1979.1661458333335,0,96,0.0,0.0,Fear,Occasional Retail
0x8170715b3b381dffb7062c0298972d4727a0a63b,2025-04-18,Fear,33,0.0,46,0,3541.02152173913,0,46,0.0,0.0,Fear,Occasional Retail
0x8170715b3b381dffb7062c0298972d4727a0a63b,2025-04-19,Fear,32,0.0,96,0,3511.545208333333,0,96,0.0,0.0,Fear,Occasional Retail
0x8170715b3b381dffb7062c0298972d4727a0a63b,2025-04-21,Fear,39,0.0,18,0,2652.518888888889,0,18,0.0,0.0,Fear,Occasional Retail
0x8170715b3b381dffb7062c0298972d4727a0a63b,2025-04-22,Neutral,47,0.0,49,0,3515.344081632653,0,49,0.0,0.0,Neutral,Occasional Retail
0x8170715b3b381dffb7062c0298972d4727a0a63b,2025-04-23,Greed,72,-358963.139984,1242,848,2010.350297906602,1171,71,0.6827697262479872,16.492957746478872,Greed,Occasional Retail
0x8170715b3b381dffb7062c0298972d4727a0a63b,2025-04-24,Greed,63,398.646746,58,32,1319.3956896551724,54,4,0.5517241379310345,13.5,Greed,Occasional Retail
0x8170715b3b381dffb7062c0298972d4727a0a63b,2025-04-25,Greed,60,-1335.115406,39,2,1526.0666666666666,15,24,0.05128205128205128,0.625,Greed,Occasional Retail
0x8170715b3b381dffb7062c0298972d4727a0a63b,2025-04-26,Greed,65,-3925.864943,16,0,2147.34125,16,0,0.0,10.0,Greed,Occasional Retail
0x8170715b3b381dffb7062c0298972d4727a0a63b,2025-04-27,Greed,61,-99.444041,12,0,768.4525,12,0,0.0,10.0,Greed,Occasional Retail
0x8381e6d82f1affd39a336e143e081ef7620a3b7f,2024-11-29,Extreme Greed,78,0.0,3,0,668.3,3,0,0.0,10.0,Greed,Occasional Retail
0x8381e6d82f1affd39a336e143e081ef7620a3b7f,2024-12-01,Extreme Greed,81,0.0,3,0,999.5866666666667,3,0,0.0,10.0,Greed,Occasional Retail
0x8381e6d82f1affd39a336e143e081ef7620a3b7f,2024-12-02,Extreme Greed,80,0.0,6,0,340.65333333333336,6,0,0.0,10.0,Greed,Occasional Retail
0x8381e6d82f1affd39a336e143e081ef7620a3b7f,2024-12-04,Extreme Greed,78,33.26141600000001,10,2,669.609,5,5,0.2,1.0,Greed,Occasional Retail
0x8381e6d82f1affd39a336e143e081ef7620a3b7f,2024-12-05,Extreme Greed,84,0.0,2,0,294.265,2,0,0.0,10.0,Greed,Occasional Retail
0x8381e6d82f1affd39a336e143e081ef7620a3b7f,2024-12-06,Greed,72,0.0,1,0,292.11,1,0,0.0,10.0,Greed,Occasional Retail
0x8381e6d82f1affd39a336e143e081ef7620a3b7f,2024-12-07,Extreme Greed,75,0.0,3,0,1021.2966666666667,3,0,0.0,10.0,Greed,Occasional Retail
0x8381e6d82f1affd39a336e143e081ef7620a3b7f,2024-12-08,Extreme Greed,79,-21.54374,5,0,984.758,3,2,0.0,1.5,Greed,Occasional Retail
0x8381e6d82f1affd39a336e143e081ef7620a3b7f,2024-12-09,Extreme Greed,78,0.0,4,0,440.95,4,0,0.0,10.0,Greed,Occasional Retail
0x8381e6d82f1affd39a336e143e081ef7620a3b7f,2024-12-10,Extreme Greed,78,0.0,1,0,587.97,1,0,0.0,10.0,Greed,Occasional Retail
0x8381e6d82f1affd39a336e143e081ef7620a3b7f,2024-12-13,Extreme Greed,76,0.0,3,0,128.88333333333333,3,0,0.0,10.0,Greed,Occasional Retail
0x8381e6d82f1affd39a336e143e081ef7620a3b7f,2024-12-15,Extreme Greed,80,0.0,5,0,739.626,5,0,0.0,10.0,Greed,Occasional Retail
0x8381e6d82f1affd39a336e143e081ef7620a3b7f,2024-12-19,Extreme Greed,75,0.0,1,0,1399.11,1,0,0.0,10.0,Greed,Occasional Retail
0x8381e6d82f1affd39a336e143e081ef7620a3b7f,2024-12-22,Greed,73,0.0,1,0,2815.79,1,0,0.0,10.0,Greed,Occasional Retail
0x8381e6d82f1affd39a336e143e081ef7620a3b7f,2024-12-23,Greed,70,0.0,6,0,2855.656666666667,6,0,0.0,10.0,Greed,Occasional Retail
0x8381e6d82f1affd39a336e143e081ef7620a3b7f,2024-12-26,Extreme Greed,79,0.0,2,0,1914.0,2,0,0.0,10.0,Greed,Occasional Retail
0x8381e6d82f1affd39a336e143e081ef7620a3b7f,2025-01-01,Greed,66,0.0,5,0,200.802,5,0,0.0,10.0,Greed,Occasional Retail
0x8381e6d82f1affd39a336e143e081ef7620a3b7f,2025-01-04,Greed,73,0.0,2,0,710.865,2,0,0.0,10.0,Greed,Occasional Retail
0x8381e6d82f1affd39a336e143e081ef7620a3b7f,2025-01-05,Greed,72,0.0,1,0,456.83,1,0,0.0,10.0,Greed,Occasional Retail
0x8381e6d82f1affd39a336e143e081ef7620a3b7f,2025-01-09,Greed,69,0.0,4,0,1509.6399999999999,4,0,0.0,10.0,Greed,Occasional Retail
0x8381e6d82f1affd39a336e143e081ef7620a3b7f,2025-01-18,Extreme Greed,77,0.0,7,0,2950.0099999999998,7,0,0.0,10.0,Greed,Occasional Retail
0x8381e6d82f1affd39a336e143e081ef7620a3b7f,2025-01-25,Extreme Greed,75,0.0,25,0,3223.1059999999998,25,0,0.0,10.0,Greed,Occasional Retail
0x8381e6d82f1affd39a336e143e081ef7620a3b7f,2025-01-26,Greed,73,38294.693499,123,82,7578.344634146341,56,67,0.6666666666666666,0.835820895522388,Greed,Occasional Retail
0x8381e6d82f1affd39a336e143e081ef7620a3b7f,2025-01-27,Greed,71,0.0,2,0,4443.99,2,0,0.0,10.0,Greed,Occasional Retail
0x8381e6d82f1affd39a336e143e081ef7620a3b7f,2025-02-02,Greed,60,0.0,19,0,1943.7873684210526,19,0,0.0,10.0,Greed,Occasional Retail
0x8381e6d82f1affd39a336e143e081ef7620a3b7f,2025-02-03,Fear,44,0.0,8,0,2351.285,8,0,0.0,10.0,Fear,Occasional Retail
0x8381e6d82f1affd39a336e143e081ef7620a3b7f,2025-02-04,Greed,72,9167.620989,104,49,58124.15365384616,55,49,0.47115384615384615,1.1224489795918366,Greed,Occasional Retail
0x8381e6d82f1affd39a336e143e081ef7620a3b7f,2025-02-05,Neutral,54,1843.301845,327,126,2347.8439143730884,172,155,0.3853211009174312,1.1096774193548387,Neutral,Occasional Retail
0x8381e6d82f1affd39a336e143e081ef7620a3b7f,2025-02-06,Neutral,49,71.77363,167,39,1881.207604790419,113,54,0.23353293413173654,2.0925925925925926,Neutral,Occasional Retail
0x8381e6d82f1affd39a336e143e081ef7620a3b7f,2025-02-09,Neutral,46,1259.5314,103,23,6879.689611650486,23,80,0.22330097087378642,0.2875,Neutral,Occasional Retail
0x8381e6d82f1affd39a336e143e081ef7620a3b7f,2025-02-10,Fear,43,0.0,10,0,1089.435,10,0,0.0,10.0,Fear,Occasional Retail
0x8381e6d82f1affd39a336e143e081ef7620a3b7f,2025-02-11,Neutral,47,109.90750199999998,211,80,2385.7656398104264,114,97,0.3791469194312796,1.175257731958763,Neutral,Occasional Retail
0x8381e6d82f1affd39a336e143e081ef7620a3b7f,2025-02-12,Neutral,46,2760.439779,81,57,12390.793456790123,24,57,0.7037037037037037,0.42105263157894735,Neutral,Occasional Retail
0x8381e6d82f1affd39a336e143e081ef7620a3b7f,2025-02-13,Neutral,50,1998.702085,42,42,2039.3888095238096,0,42,1.0,0.0,Neutral,Occasional Retail
0x8381e6d82f1affd39a336e143e081ef7620a3b7f,2025-02-14,Neutral,48,27.247837999999998,40,11,445.2165,29,11,0.275,2.6363636363636362,Neutral,Occasional Retail
0x8381e6d82f1affd39a336e143e081ef7620a3b7f,2025-02-16,Neutral,54,559.647247,80,34,1368.858375,46,34,0.425,1.3529411764705883,Neutral,Occasional Retail
0x8381e6d82f1affd39a336e143e081ef7620a3b7f,2025-02-17,Neutral,51,64.346683,105,17,1112.2542857142857,88,17,0.1619047619047619,5.176470588235294,Neutral,Occasional Retail
0x8381e6d82f1affd39a336e143e081ef7620a3b7f,2025-02-18,Neutral,47,3981.044269,177,27,1466.1342937853108,150,27,0.15254237288135594,5.555555555555555,Neutral,Occasional Retail
0x8381e6d82f1affd39a336e143e081ef7620a3b7f,2025-02-21,Greed,55,8995.13393,8,8,15859.55,0,8,1.0,0.0,Greed,Occasional Retail
0x8381e6d82f1affd39a336e143e081ef7620a3b7f,2025-02-23,Neutral,50,0.0,40,0,472.709,40,0,0.0,10.0,Neutral,Occasional Retail
0x8381e6d82f1affd39a336e143e081ef7620a3b7f,2025-02-24,Neutral,49,0.0,44,0,1894.8688636363636,44,0,0.0,10.0,Neutral,Occasional Retail
0x8381e6d82f1affd39a336e143e081ef7620a3b7f,2025-02-25,Fear,25,0.0,4,0,3685.7825,4,0,0.0,10.0,Fear,Occasional Retail
0x8381e6d82f1affd39a336e143e081ef7620a3b7f,2025-03-26,Neutral,47,0.0,1,0,1134.46,1,0,0.0,10.0,Neutral,Occasional Retail
0x8381e6d82f1affd39a336e143e081ef7620a3b7f,2025-04-07,Extreme Fear,23,-4968.487948,26,0,7609.877692307693,14,12,0.0,1.1666666666666667,Fear,Occasional Retail
0x8381e6d82f1affd39a336e143e081ef7620a3b7f,2025-04-08,Extreme Fear,24,142.99159,23,10,3984.7504347826084,10,13,0.43478260869565216,0.7692307692307693,Fear,Occasional Retail
0x8381e6d82f1affd39a336e143e081ef7620a3b7f,2025-04-11,Fear,25,0.0,3,0,6864.066666666667,3,0,0.0,10.0,Fear,Occasional Retail
0x8381e6d82f1affd39a336e143e081ef7620a3b7f,2025-04-12,Fear,43,202.27562,8,8,2599.29625,0,8,1.0,0.0,Fear,Occasional Retail
0x8381e6d82f1affd39a336e143e081ef7620a3b7f,2025-04-19,Fear,32,56.13971,22,11,665.6886363636363,11,11,0.5,1.0,Fear,Occasional Retail
0x8381e6d82f1affd39a336e143e081ef7620a3b7f,2025-04-22,Neutral,47,284.16768,2,1,66188.125,1,1,0.5,1.0,Neutral,Occasional Retail
0x8381e6d82f1affd39a336e143e081ef7620a3b7f,2025-04-23,Greed,72,0.0,4,0,17801.63,4,0,0.0,10.0,Greed,Occasional Retail
0x8381e6d82f1affd39a336e143e081ef7620a3b7f,2025-04-26,Greed,65,505.40523,3,1,23903.97666666667,0,3,0.3333333333333333,0.0,Greed,Occasional Retail
0x8381e6d82f1affd39a336e143e081ef7620a3b7f,2025-04-27,Greed,61,33.061386999999996,13,2,1032.253846153846,11,2,0.15384615384615385,5.5,Greed,Occasional Retail
0x8381e6d82f1affd39a336e143e081ef7620a3b7f,2025-04-28,Neutral,54,0.0,10,0,799.756,10,0,0.0,10.0,Neutral,Occasional Retail
0x8381e6d82f1affd39a336e143e081ef7620a3b7f,2025-04-29,Greed,60,112.996265,1,1,8110.65,0,1,1.0,0.0,Greed,Occasional Retail
0x8477e447846c758f5a675856001ea72298fd9cb5,2024-05-23,Extreme Greed,76,413.347329,305,145,1074.7592786885245,186,119,0.47540983606557374,1.5630252100840336,Greed,Frequent Retail
0x8477e447846c758f5a675856001ea72298fd9cb5,2024-05-25,Extreme Greed,76,14.126038999999999,14,5,355.9985714285714,5,9,0.35714285714285715,0.5555555555555556,Greed,Frequent Retail
0x8477e447846c758f5a675856001ea72298fd9cb5,2024-05-26,Extreme Greed,75,5.2257,7,2,459.03142857142853,2,5,0.2857142857142857,0.4,Greed,Frequent Retail
0x8477e447846c758f5a675856001ea72298fd9cb5,2024-05-27,Greed,74,1129.35587,251,90,602.0546613545816,93,158,0.35856573705179284,0.5886075949367089,Greed,Frequent Retail
0x8477e447846c758f5a675856001ea72298fd9cb5,2024-05-29,Greed,72,277.791953,159,68,337.7447798742138,62,97,0.4276729559748428,0.6391752577319587,Greed,Frequent Retail
0x8477e447846c758f5a675856001ea72298fd9cb5,2024-05-30,Greed,73,20.951433,7,5,405.4414285714286,5,2,0.7142857142857143,2.5,Greed,Frequent Retail
0x8477e447846c758f5a675856001ea72298fd9cb5,2024-05-31,Greed,73,25.35812,13,4,279.70307692307694,4,9,0.3076923076923077,0.4444444444444444,Greed,Frequent Retail
0x8477e447846c758f5a675856001ea72298fd9cb5,2024-06-01,Greed,72,91.510419,25,9,513.3848,9,16,0.36,0.5625,Greed,Frequent Retail
0x8477e447846c758f5a675856001ea72298fd9cb5,2024-06-02,Greed,73,192.906947,93,34,316.822688172043,34,59,0.3655913978494624,0.576271186440678,Greed,Frequent Retail
0x8477e447846c758f5a675856001ea72298fd9cb5,2024-06-03,Greed,73,562.808208,70,44,306.66942857142857,44,26,0.6285714285714286,1.6923076923076923,Greed,Frequent Retail
0x8477e447846c758f5a675856001ea72298fd9cb5,2024-06-04,Greed,73,52.211438,53,25,457.42283018867926,25,28,0.4716981132075472,0.8928571428571429,Greed,Frequent Retail
0x8477e447846c758f5a675856001ea72298fd9cb5,2024-06-05,Extreme Greed,75,56.055506,54,16,469.4587037037037,17,37,0.2962962962962963,0.4594594594594595,Greed,Frequent Retail
0x8477e447846c758f5a675856001ea72298fd9cb5,2024-06-06,Extreme Greed,78,274.173187,234,100,587.8536752136753,102,132,0.42735042735042733,0.7727272727272727,Greed,Frequent Retail
0x8477e447846c758f5a675856001ea72298fd9cb5,2024-06-07,Extreme Greed,77,1573.244278,374,146,832.9677272727273,128,246,0.39037433155080214,0.5203252032520326,Greed,Frequent Retail
0x8477e447846c758f5a675856001ea72298fd9cb5,2024-06-08,Greed,72,129.13883900000002,22,8,2379.510454545454,14,8,0.36363636363636365,1.75,Greed,Frequent Retail
0x8477e447846c758f5a675856001ea72298fd9cb5,2024-06-10,Greed,72,31.266804999999998,49,18,460.97204081632657,18,31,0.3673469387755102,0.5806451612903226,Greed,Frequent Retail
0x8477e447846c758f5a675856001ea72298fd9cb5,2024-06-11,Greed,74,51.081143,27,9,696.6096296296296,18,9,0.3333333333333333,2.0,Greed,Frequent Retail
0x8477e447846c758f5a675856001ea72298fd9cb5,2024-06-12,Greed,72,-21886.531493,217,21,884.2718433179723,78,139,0.0967741935483871,0.5611510791366906,Greed,Frequent Retail
0x8477e447846c758f5a675856001ea72298fd9cb5,2024-07-17,Greed,69,1859.269477,335,145,1346.5090746268656,155,180,0.43283582089552236,0.8611111111111112,Greed,Frequent Retail
0x8477e447846c758f5a675856001ea72298fd9cb5,2024-07-18,Greed,61,1233.9043470000001,7,7,1049.82,7,0,1.0,10.0,Greed,Frequent Retail
0x8477e447846c758f5a675856001ea72298fd9cb5,2024-07-19,Greed,60,35.79975,7,1,592.3885714285715,1,6,0.14285714285714285,0.16666666666666666,Greed,Frequent Retail
0x8477e447846c758f5a675856001ea72298fd9cb5,2024-07-20,Greed,74,2169.508265,257,29,562.1888715953307,32,225,0.11284046692607004,0.14222222222222222,Greed,Frequent Retail
0x8477e447846c758f5a675856001ea72298fd9cb5,2024-07-21,Greed,74,-2960.716887,445,21,427.66804494382023,236,209,0.04719101123595506,1.1291866028708133,Greed,Frequent Retail
0x8477e447846c758f5a675856001ea72298fd9cb5,2024-07-22,Greed,70,-756.173134,133,9,593.273909774436,93,40,0.06766917293233082,2.325,Greed,Frequent Retail
0x8477e447846c758f5a675856001ea72298fd9cb5,2024-07-23,Greed,71,1805.309858,139,100,640.1771942446044,135,4,0.7194244604316546,33.75,Greed,Frequent Retail
0x8477e447846c758f5a675856001ea72298fd9cb5,2024-07-24,Greed,69,625.561479,29,18,1215.0548275862068,18,11,0.6206896551724138,1.6363636363636365,Greed,Frequent Retail
0x8477e447846c758f5a675856001ea72298fd9cb5,2024-07-26,Greed,68,341.250124,111,32,1316.2212612612611,32,79,0.2882882882882883,0.4050632911392405,Greed,Frequent Retail
0x8477e447846c758f5a675856001ea72298fd9cb5,2024-07-27,Greed,72,0.0,5,0,888.552,0,5,0.0,0.0,Greed,Frequent Retail
0x8477e447846c758f5a675856001ea72298fd9cb5,2024-07-28,Greed,71,587.29903,13,12,865.7684615384616,12,1,0.9230769230769231,12.0,Greed,Frequent Retail
0x8477e447846c758f5a675856001ea72298fd9cb5,2024-07-29,Greed,74,217.857529,15,5,1797.1860000000001,5,10,0.3333333333333333,0.5,Greed,Frequent Retail
0x8477e447846c758f5a675856001ea72298fd9cb5,2024-07-31,Greed,61,765.690884,40,14,1112.535,14,26,0.35,0.5384615384615384,Greed,Frequent Retail
0x8477e447846c758f5a675856001ea72298fd9cb5,2024-08-01,Neutral,52,167.080017,34,4,1432.7749999999999,25,9,0.11764705882352941,2.7777777777777777,Neutral,Frequent Retail
0x8477e447846c758f5a675856001ea72298fd9cb5,2024-08-02,Greed,57,228.247701,15,12,1984.4720000000002,0,15,0.8,0.0,Greed,Frequent Retail
0x8477e447846c758f5a675856001ea72298fd9cb5,2024-08-03,Fear,37,464.1897,1,1,4534.09,1,0,1.0,10.0,Fear,Frequent Retail
0x8477e447846c758f5a675856001ea72298fd9cb5,2024-08-04,Fear,34,109.005815,17,3,2129.0517647058823,14,3,0.17647058823529413,4.666666666666667,Fear,Frequent Retail
0x8477e447846c758f5a675856001ea72298fd9cb5,2024-08-05,Fear,26,160.44369899999998,17,7,2357.7947058823524,10,7,0.4117647058823529,1.4285714285714286,Fear,Frequent Retail
0x8477e447846c758f5a675856001ea72298fd9cb5,2024-08-09,Neutral,48,151.092375,69,17,635.3107246376812,18,51,0.2463768115942029,0.35294117647058826,Neutral,Frequent Retail
0x8477e447846c758f5a675856001ea72298fd9cb5,2024-08-20,Fear,30,0.0,4,0,1874.2325,0,4,0.0,0.0,Fear,Frequent Retail
0x8477e447846c758f5a675856001ea72298fd9cb5,2024-08-21,Fear,26,656.200925,143,54,720.2106993006994,54,89,0.3776223776223776,0.6067415730337079,Fear,Frequent Retail
0x8477e447846c758f5a675856001ea72298fd9cb5,2024-08-31,Fear,29,10.882801,24,12,312.76375,7,17,0.5,0.4117647058823529,Fear,Frequent Retail
0x8477e447846c758f5a675856001ea72298fd9cb5,2024-09-01,Fear,26,137.433093,12,5,1029.9733333333334,7,5,0.4166666666666667,1.4,Fear,Frequent Retail
0x8477e447846c758f5a675856001ea72298fd9cb5,2024-10-20,Greed,73,160.095271,90,6,624.6905555555555,6,84,0.06666666666666667,0.07142857142857142,Greed,Frequent Retail
0x8477e447846c758f5a675856001ea72298fd9cb5,2024-10-21,Greed,72,2464.915564,162,68,1074.6531481481481,68,94,0.41975308641975306,0.723404255319149,Greed,Frequent Retail
0x8477e447846c758f5a675856001ea72298fd9cb5,2024-10-29,Greed,72,801.170876,16,3,668.305625,3,13,0.1875,0.23076923076923078,Greed,Frequent Retail
0x8477e447846c758f5a675856001ea72298fd9cb5,2024-10-30,Extreme Greed,77,9.150023,25,7,473.23400000000004,8,17,0.28,0.47058823529411764,Greed,Frequent Retail
0x8477e447846c758f5a675856001ea72298fd9cb5,2024-10-31,Extreme Greed,77,451.122034,11,11,1143.8036363636363,11,0,1.0,10.0,Greed,Frequent Retail
0x8477e447846c758f5a675856001ea72298fd9cb5,2024-11-09,Extreme Greed,75,102.90894,77,19,563.4285714285714,44,33,0.24675324675324675,1.3333333333333333,Greed,Frequent Retail
0x8477e447846c758f5a675856001ea72298fd9cb5,2024-11-10,Extreme Greed,78,442.748384,164,45,1361.297987804878,45,119,0.27439024390243905,0.37815126050420167,Greed,Frequent Retail
0x8477e447846c758f5a675856001ea72298fd9cb5,2024-11-11,Extreme Greed,76,4876.874304,172,79,1907.2104069767443,83,89,0.45930232558139533,0.9325842696629213,Greed,Frequent Retail
0x8477e447846c758f5a675856001ea72298fd9cb5,2024-11-12,Extreme Greed,80,1441.27965,91,22,1631.5342857142857,30,61,0.24175824175824176,0.4918032786885246,Greed,Frequent Retail
0x8477e447846c758f5a675856001ea72298fd9cb5,2024-11-13,Extreme Greed,84,48.000187,4,2,1653.81,2,2,0.5,1.0,Greed,Frequent Retail
0x8477e447846c758f5a675856001ea72298fd9cb5,2024-11-15,Extreme Greed,80,0.0,2,0,555.8050000000001,0,2,0.0,0.0,Greed,Frequent Retail
0x8477e447846c758f5a675856001ea72298fd9cb5,2024-11-16,Extreme Greed,86,870.746565,30,12,674.5303333333334,12,18,0.4,0.6666666666666666,Greed,Frequent Retail
0x8477e447846c758f5a675856001ea72298fd9cb5,2024-11-17,Extreme Greed,90,175.061007,20,7,979.567,10,10,0.35,1.0,Greed,Frequent Retail
0x8477e447846c758f5a675856001ea72298fd9cb5,2024-11-18,Extreme Greed,83,431.960709,79,27,968.6977215189872,27,52,0.34177215189873417,0.5192307692307693,Greed,Frequent Retail
0x8477e447846c758f5a675856001ea72298fd9cb5,2024-11-19,Extreme Greed,90,906.2475900000001,56,26,1511.193392857143,28,28,0.4642857142857143,1.0,Greed,Frequent Retail
0x8477e447846c758f5a675856001ea72298fd9cb5,2024-11-20,Extreme Greed,83,447.920315,32,14,2027.2915625,14,18,0.4375,0.7777777777777778,Greed,Frequent Retail
0x8477e447846c758f5a675856001ea72298fd9cb5,2024-11-21,Extreme Greed,82,0.0,57,0,1398.0726315789473,0,57,0.0,0.0,Greed,Frequent Retail
0x8477e447846c758f5a675856001ea72298fd9cb5,2024-11-22,Extreme Greed,94,365.437929,137,52,2588.8760583941607,60,77,0.3795620437956204,0.7792207792207793,Greed,Frequent Retail
0x8477e447846c758f5a675856001ea72298fd9cb5,2024-11-23,Extreme Greed,93,1439.449718,191,58,2003.0396858638744,65,126,0.3036649214659686,0.5158730158730159,Greed,Frequent Retail
0x8477e447846c758f5a675856001ea72298fd9cb5,2024-11-24,Extreme Greed,80,391.890903,70,12,1866.554,21,49,0.17142857142857143,0.42857142857142855,Greed,Frequent Retail
0x8477e447846c758f5a675856001ea72298fd9cb5,2024-11-28,Extreme Greed,77,0.0,6,0,416.6333333333334,0,6,0.0,0.0,Greed,Frequent Retail
0x8477e447846c758f5a675856001ea72298fd9cb5,2024-11-29,Extreme Greed,78,22697.489906,63,37,695.2509523809523,9,54,0.5873015873015873,0.16666666666666666,Greed,Frequent Retail
0x8477e447846c758f5a675856001ea72298fd9cb5,2024-11-30,Extreme Greed,84,40.699929,76,5,636.261447368421,5,71,0.06578947368421052,0.07042253521126761,Greed,Frequent Retail
0x8477e447846c758f5a675856001ea72298fd9cb5,2024-12-01,Extreme Greed,81,1169.432253,123,55,893.489918699187,55,68,0.44715447154471544,0.8088235294117647,Greed,Frequent Retail
0x8477e447846c758f5a675856001ea72298fd9cb5,2024-12-02,Extreme Greed,80,254.15562,8,1,1667.92875,1,7,0.125,0.14285714285714285,Greed,Frequent Retail
0x8477e447846c758f5a675856001ea72298fd9cb5,2024-12-03,Extreme Greed,76,-158.695661,6,0,2708.735,4,2,0.0,2.0,Greed,Frequent Retail
0x8477e447846c758f5a675856001ea72298fd9cb5,2025-01-02,Greed,70,45.086985,77,10,332.6585714285714,11,66,0.12987012987012986,0.16666666666666666,Greed,Frequent Retail
0x8477e447846c758f5a675856001ea72298fd9cb5,2025-01-03,Greed,74,909.1721379999999,177,32,251.76581920903956,37,140,0.1807909604519774,0.2642857142857143,Greed,Frequent Retail
0x8477e447846c758f5a675856001ea72298fd9cb5,2025-01-04,Greed,73,30.818079,51,2,182.9343137254902,2,49,0.0392156862745098,0.04081632653061224,Greed,Frequent Retail
0x8477e447846c758f5a675856001ea72298fd9cb5,2025-01-05,Greed,72,151.429584,51,9,209.45666666666668,9,42,0.17647058823529413,0.21428571428571427,Greed,Frequent Retail
0x8477e447846c758f5a675856001ea72298fd9cb5,2025-01-06,Extreme Greed,76,272.131501,266,8,246.8388345864662,28,238,0.03007518796992481,0.11764705882352941,Greed,Frequent Retail
0x8477e447846c758f5a675856001ea72298fd9cb5,2025-01-07,Extreme Greed,78,4334.417218,222,161,618.5525225225225,186,36,0.7252252252252253,5.166666666666667,Greed,Frequent Retail
0x8477e447846c758f5a675856001ea72298fd9cb5,2025-01-08,Greed,70,1303.127763,390,128,410.6838717948718,231,159,0.3282051282051282,1.4528301886792452,Greed,Frequent Retail
0x8477e447846c758f5a675856001ea72298fd9cb5,2025-01-09,Greed,69,123.72129899999999,222,21,448.987027027027,46,176,0.0945945945945946,0.26136363636363635,Greed,Frequent Retail
0x8477e447846c758f5a675856001ea72298fd9cb5,2025-01-10,Neutral,50,1189.078864,254,119,476.30413385826773,178,76,0.468503937007874,2.3421052631578947,Neutral,Frequent Retail
0x8477e447846c758f5a675856001ea72298fd9cb5,2025-01-11,Greed,69,417.647169,82,17,435.32475609756096,39,43,0.2073170731707317,0.9069767441860465,Greed,Frequent Retail
0x8477e447846c758f5a675856001ea72298fd9cb5,2025-01-12,Greed,62,0.0,15,0,332.6786666666667,0,15,0.0,0.0,Greed,Frequent Retail
0x8477e447846c758f5a675856001ea72298fd9cb5,2025-01-13,Greed,61,2060.162946,58,26,827.8527586206897,41,17,0.4482758620689655,2.411764705882353,Greed,Frequent Retail
0x8477e447846c758f5a675856001ea72298fd9cb5,2025-01-14,Greed,63,82.032118,13,3,565.48,3,10,0.23076923076923078,0.3,Greed,Frequent Retail
0x8477e447846c758f5a675856001ea72298fd9cb5,2025-01-15,Greed,70,240.93138,64,28,456.34046875,30,34,0.4375,0.8823529411764706,Greed,Frequent Retail
0x8477e447846c758f5a675856001ea72298fd9cb5,2025-01-16,Extreme Greed,75,218.26223099999999,34,6,471.515,11,23,0.17647058823529413,0.4782608695652174,Greed,Frequent Retail
0x8477e447846c758f5a675856001ea72298fd9cb5,2025-01-17,Extreme Greed,75,43.69239,13,1,423.4723076923077,1,12,0.07692307692307693,0.08333333333333333,Greed,Frequent Retail
0x8477e447846c758f5a675856001ea72298fd9cb5,2025-01-18,Extreme Greed,77,1055.8044439999999,40,20,565.99425,22,18,0.5,1.2222222222222223,Greed,Frequent Retail
0x8477e447846c758f5a675856001ea72298fd9cb5,2025-01-19,Extreme Greed,77,0.0,13,0,508.26307692307694,0,13,0.0,0.0,Greed,Frequent Retail
0x8477e447846c758f5a675856001ea72298fd9cb5,2025-01-20,Extreme Greed,76,1876.265511,44,19,674.2861363636364,21,23,0.4318181818181818,0.9130434782608695,Greed,Frequent Retail
0x8477e447846c758f5a675856001ea72298fd9cb5,2025-01-21,Extreme Greed,76,201.672306,206,35,288.69718446601945,37,169,0.16990291262135923,0.21893491124260356,Greed,Frequent Retail
0x8477e447846c758f5a675856001ea72298fd9cb5,2025-01-22,Extreme Greed,84,261.367634,147,13,590.73,29,118,0.08843537414965986,0.2457627118644068,Greed,Frequent Retail
0x8477e447846c758f5a675856001ea72298fd9cb5,2025-01-23,Extreme Greed,75,7503.093009,275,129,646.8723272727273,152,123,0.4690909090909091,1.2357723577235773,Greed,Frequent Retail
0x8477e447846c758f5a675856001ea72298fd9cb5,2025-01-24,Extreme Greed,75,288.144978,61,2,349.93508196721314,2,59,0.03278688524590164,0.03389830508474576,Greed,Frequent Retail
0x8477e447846c758f5a675856001ea72298fd9cb5,2025-01-25,Extreme Greed,75,1125.196124,111,25,498.1863963963964,25,86,0.22522522522522523,0.29069767441860467,Greed,Frequent Retail
0x8477e447846c758f5a675856001ea72298fd9cb5,2025-01-26,Greed,73,444.464792,96,21,815.5705208333334,29,67,0.21875,0.43283582089552236,Greed,Frequent Retail
0x8477e447846c758f5a675856001ea72298fd9cb5,2025-01-27,Greed,71,4321.583225,31,18,1396.8890322580644,24,7,0.5806451612903226,3.4285714285714284,Greed,Frequent Retail
0x8477e447846c758f5a675856001ea72298fd9cb5,2025-01-29,Greed,72,0.0,13,0,452.09615384615387,2,11,0.0,0.18181818181818182,Greed,Frequent Retail
0x8477e447846c758f5a675856001ea72298fd9cb5,2025-01-30,Greed,70,0.0,9,0,307.96333333333337,0,9,0.0,0.0,Greed,Frequent Retail
0x8477e447846c758f5a675856001ea72298fd9cb5,2025-01-31,Extreme Greed,76,151.311363,66,16,527.1548484848485,15,51,0.24242424242424243,0.29411764705882354,Greed,Frequent Retail
0x8477e447846c758f5a675856001ea72298fd9cb5,2025-02-01,Greed,68,1579.909758,60,29,615.154,34,26,0.48333333333333334,1.3076923076923077,Greed,Frequent Retail
0x8477e447846c758f5a675856001ea72298fd9cb5,2025-02-02,Greed,60,1023.934713,60,15,1069.4091666666668,58,2,0.25,29.0,Greed,Frequent Retail
0x8477e447846c758f5a675856001ea72298fd9cb5,2025-02-03,Fear,44,1474.607584,138,67,1645.3448550724638,71,67,0.4855072463768116,1.0597014925373134,Fear,Frequent Retail
0x8477e447846c758f5a675856001ea72298fd9cb5,2025-02-04,Greed,72,0.0,6,0,462.50499999999994,0,6,0.0,0.0,Greed,Frequent Retail
0x8477e447846c758f5a675856001ea72298fd9cb5,2025-02-05,Neutral,54,554.257954,20,12,554.9604999999999,12,8,0.6,1.5,Neutral,Frequent Retail
0x8477e447846c758f5a675856001ea72298fd9cb5,2025-02-07,Fear,44,0.0,6,0,277.15333333333336,0,6,0.0,0.0,Fear,Frequent Retail
0x8477e447846c758f5a675856001ea72298fd9cb5,2025-02-08,Fear,44,131.753274,8,7,329.95875,7,1,0.875,7.0,Fear,Frequent Retail
0x8477e447846c758f5a675856001ea72298fd9cb5,2025-02-09,Neutral,46,312.034872,65,20,322.47153846153844,23,42,0.3076923076923077,0.5476190476190477,Neutral,Frequent Retail
0x8477e447846c758f5a675856001ea72298fd9cb5,2025-02-10,Fear,43,131.17446,46,7,585.3667391304348,17,29,0.15217391304347827,0.5862068965517241,Fear,Frequent Retail
0x8477e447846c758f5a675856001ea72298fd9cb5,2025-02-11,Neutral,47,56.537437,19,5,569.5515789473684,5,14,0.2631578947368421,0.35714285714285715,Neutral,Frequent Retail
0x8477e447846c758f5a675856001ea72298fd9cb5,2025-02-12,Neutral,46,299.669854,30,23,410.9486666666666,26,4,0.7666666666666667,6.5,Neutral,Frequent Retail
0x8477e447846c758f5a675856001ea72298fd9cb5,2025-02-13,Neutral,50,181.456277,25,11,264.2908,11,14,0.44,0.7857142857142857,Neutral,Frequent Retail
0x8477e447846c758f5a675856001ea72298fd9cb5,2025-02-14,Neutral,48,0.0,10,0,254.971,0,10,0.0,0.0,Neutral,Frequent Retail
0x8477e447846c758f5a675856001ea72298fd9cb5,2025-02-15,Neutral,50,49.98382900000001,9,3,437.9866666666667,9,0,0.3333333333333333,10.0,Neutral,Frequent Retail
0x8477e447846c758f5a675856001ea72298fd9cb5,2025-02-16,Neutral,54,0.0,1,0,555.02,0,1,0.0,0.0,Neutral,Frequent Retail
0x8477e447846c758f5a675856001ea72298fd9cb5,2025-02-17,Neutral,51,0.0,20,0,510.6405,0,20,0.0,0.0,Neutral,Frequent Retail
0x8477e447846c758f5a675856001ea72298fd9cb5,2025-02-18,Neutral,47,950.815596,23,21,644.1191304347826,21,2,0.9130434782608695,10.5,Neutral,Frequent Retail
0x8477e447846c758f5a675856001ea72298fd9cb5,2025-02-19,Fear,44,0.0,9,0,832.99,0,9,0.0,0.0,Fear,Frequent Retail
0x8477e447846c758f5a675856001ea72298fd9cb5,2025-02-22,Neutral,49,-80.922744,18,0,343.5022222222222,1,17,0.0,0.058823529411764705,Neutral,Frequent Retail
0x8477e447846c758f5a675856001ea72298fd9cb5,2025-02-23,Neutral,50,63.922728,24,1,574.5508333333333,1,23,0.041666666666666664,0.043478260869565216,Neutral,Frequent Retail
0x8477e447846c758f5a675856001ea72298fd9cb5,2025-02-24,Neutral,49,1282.097568,55,35,874.9930909090909,50,5,0.6363636363636364,10.0,Neutral,Frequent Retail
0x8477e447846c758f5a675856001ea72298fd9cb5,2025-02-25,Fear,25,0.0,4,0,1249.875,4,0,0.0,10.0,Fear,Frequent Retail
0x8477e447846c758f5a675856001ea72298fd9cb5,2025-02-26,Extreme Fear,21,108.13869,14,1,642.3542857142858,0,14,0.07142857142857142,0.0,Fear,Frequent Retail
0x8477e447846c758f5a675856001ea72298fd9cb5,2025-02-27,Extreme Fear,10,0.0,1,0,2499.69,1,0,0.0,10.0,Fear,Frequent Retail
0x8477e447846c758f5a675856001ea72298fd9cb5,2025-02-28,Extreme Fear,16,268.367925,19,10,1126.7694736842104,14,5,0.5263157894736842,2.8,Fear,Frequent Retail
0x8477e447846c758f5a675856001ea72298fd9cb5,2025-03-03,Fear,33,468.35197800000003,68,23,575.8669117647058,32,36,0.3382352941176471,0.8888888888888888,Fear,Frequent Retail
0x8477e447846c758f5a675856001ea72298fd9cb5,2025-03-04,Extreme Fear,15,54.2704,8,1,1117.82,8,0,0.125,10.0,Fear,Frequent Retail
0x8477e447846c758f5a675856001ea72298fd9cb5,2025-03-05,Extreme Fear,20,34.86435,34,4,543.1394117647059,0,34,0.11764705882352941,0.0,Fear,Frequent Retail
0x8477e447846c758f5a675856001ea72298fd9cb5,2025-03-06,Fear,25,0.0,7,0,110.53285714285714,0,7,0.0,0.0,Fear,Frequent Retail
0x8477e447846c758f5a675856001ea72298fd9cb5,2025-03-07,Fear,34,9.266712,2,1,554.57,1,1,0.5,1.0,Fear,Frequent Retail
0x8477e447846c758f5a675856001ea72298fd9cb5,2025-03-09,Fear,27,969.56792,35,33,241.43400000000003,33,2,0.9428571428571428,16.5,Fear,Frequent Retail
0x8477e447846c758f5a675856001ea72298fd9cb5,2025-03-10,Extreme Fear,20,0.0,3,0,1666.1666666666667,3,0,0.0,10.0,Fear,Frequent Retail
0x8477e447846c758f5a675856001ea72298fd9cb5,2025-03-11,Extreme Fear,24,94.48255800000001,8,6,1261.5125,1,7,0.75,0.14285714285714285,Fear,Frequent Retail
0x8477e447846c758f5a675856001ea72298fd9cb5,2025-03-12,Fear,34,0.0,3,0,666.82,3,0,0.0,10.0,Fear,Frequent Retail
0x8477e447846c758f5a675856001ea72298fd9cb5,2025-03-13,Neutral,45,0.0,11,0,383.9627272727273,11,0,0.0,10.0,Neutral,Frequent Retail
0x8477e447846c758f5a675856001ea72298fd9cb5,2025-03-14,Fear,27,364.03788,5,5,1317.608,0,5,1.0,0.0,Fear,Frequent Retail
0x8477e447846c758f5a675856001ea72298fd9cb5,2025-03-18,Fear,34,185.307189,24,12,445.26666666666665,12,12,0.5,1.0,Fear,Frequent Retail
0x8477e447846c758f5a675856001ea72298fd9cb5,2025-03-19,Fear,32,0.0,9,0,598.3033333333333,0,9,0.0,0.0,Fear,Frequent Retail
0x8477e447846c758f5a675856001ea72298fd9cb5,2025-03-20,Neutral,49,65.297516,11,7,483.58363636363634,11,0,0.6363636363636364,10.0,Neutral,Frequent Retail
0x8477e447846c758f5a675856001ea72298fd9cb5,2025-03-21,Fear,31,0.0,2,0,443.555,0,2,0.0,0.0,Fear,Frequent Retail
0x8477e447846c758f5a675856001ea72298fd9cb5,2025-03-22,Fear,32,-41.40918,4,0,287.38,2,2,0.0,1.0,Fear,Frequent Retail
0x8477e447846c758f5a675856001ea72298fd9cb5,2025-03-23,Fear,30,178.247768,37,11,554.7635135135135,11,26,0.2972972972972973,0.4230769230769231,Fear,Frequent Retail
0x8477e447846c758f5a675856001ea72298fd9cb5,2025-03-24,Neutral,45,0.0,78,0,559.9092307692307,0,78,0.0,0.0,Neutral,Frequent Retail
0x8477e447846c758f5a675856001ea72298fd9cb5,2025-03-25,Neutral,46,994.196069,36,25,1272.072777777778,26,10,0.6944444444444444,2.6,Neutral,Frequent Retail
0x8477e447846c758f5a675856001ea72298fd9cb5,2025-03-26,Neutral,47,27.5033,9,1,744.4566666666666,1,8,0.1111111111111111,0.125,Neutral,Frequent Retail
0x8477e447846c758f5a675856001ea72298fd9cb5,2025-03-27,Fear,40,195.60777199999998,40,14,1138.75375,14,26,0.35,0.5384615384615384,Fear,Frequent Retail
0x8477e447846c758f5a675856001ea72298fd9cb5,2025-03-28,Fear,44,1617.77036,37,25,1225.1743243243243,25,12,0.6756756756756757,2.0833333333333335,Fear,Frequent Retail
0x8477e447846c758f5a675856001ea72298fd9cb5,2025-03-29,Fear,26,7.57416,10,2,721.253,2,8,0.2,0.25,Fear,Frequent Retail
0x8477e447846c758f5a675856001ea72298fd9cb5,2025-03-30,Fear,32,267.13403800000003,8,6,681.61,6,2,0.75,3.0,Fear,Frequent Retail
0x8477e447846c758f5a675856001ea72298fd9cb5,2025-03-31,Fear,34,92.902727,7,3,510.28000000000003,3,4,0.42857142857142855,0.75,Fear,Frequent Retail
0x8477e447846c758f5a675856001ea72298fd9cb5,2025-04-03,Fear,25,0.0,6,0,666.2016666666667,6,0,0.0,10.0,Fear,Frequent Retail
0x8477e447846c758f5a675856001ea72298fd9cb5,2025-04-04,Fear,28,586.623362,54,17,483.5138888888889,36,18,0.3148148148148148,2.0,Fear,Frequent Retail
0x8477e447846c758f5a675856001ea72298fd9cb5,2025-04-05,Fear,30,0.0,4,0,624.745,0,4,0.0,0.0,Fear,Frequent Retail
0x8477e447846c758f5a675856001ea72298fd9cb5,2025-04-06,Fear,34,67.080809,28,4,443.69,28,0,0.14285714285714285,10.0,Fear,Frequent Retail
0x8477e447846c758f5a675856001ea72298fd9cb5,2025-04-07,Extreme Fear,23,632.303024,270,73,1849.3804444444443,145,125,0.27037037037037037,1.16,Fear,Frequent Retail
0x8477e447846c758f5a675856001ea72298fd9cb5,2025-04-08,Extreme Fear,24,81.035707,46,14,828.6836956521738,15,31,0.30434782608695654,0.4838709677419355,Fear,Frequent Retail
0x8477e447846c758f5a675856001ea72298fd9cb5,2025-04-09,Extreme Fear,18,500.847132,136,26,925.8802205882353,30,106,0.19117647058823528,0.2830188679245283,Fear,Frequent Retail
0x8477e447846c758f5a675856001ea72298fd9cb5,2025-04-10,Fear,39,-103.71342200000002,314,84,874.4072929936306,173,141,0.267515923566879,1.2269503546099292,Fear,Frequent Retail
0x8477e447846c758f5a675856001ea72298fd9cb5,2025-04-11,Fear,25,19.202581000000002,61,12,553.0408196721311,12,49,0.19672131147540983,0.24489795918367346,Fear,Frequent Retail
0x8477e447846c758f5a675856001ea72298fd9cb5,2025-04-12,Fear,43,0.0,24,0,772.8058333333333,0,24,0.0,0.0,Fear,Frequent Retail
0x8477e447846c758f5a675856001ea72298fd9cb5,2025-04-13,Neutral,45,1350.19094,287,147,820.2411846689896,196,91,0.5121951219512195,2.1538461538461537,Neutral,Frequent Retail
0x8477e447846c758f5a675856001ea72298fd9cb5,2025-04-14,Fear,31,236.725655,23,12,932.9834782608696,12,11,0.5217391304347826,1.0909090909090908,Fear,Frequent Retail
0x8477e447846c758f5a675856001ea72298fd9cb5,2025-04-15,Fear,38,191.802066,38,14,520.8728947368421,15,23,0.3684210526315789,0.6521739130434783,Fear,Frequent Retail
0x8477e447846c758f5a675856001ea72298fd9cb5,2025-04-16,Fear,29,71.93199,4,4,356.5375,4,0,1.0,10.0,Fear,Frequent Retail
0x8477e447846c758f5a675856001ea72298fd9cb5,2025-04-18,Fear,33,0.0,20,0,383.0805,0,20,0.0,0.0,Fear,Frequent Retail
0x8477e447846c758f5a675856001ea72298fd9cb5,2025-04-19,Fear,32,0.0,19,0,326.8852631578947,0,19,0.0,0.0,Fear,Frequent Retail
0x8477e447846c758f5a675856001ea72298fd9cb5,2025-04-20,Fear,37,43.224447,44,5,328.4611363636364,5,39,0.11363636363636363,0.1282051282051282,Fear,Frequent Retail
0x8477e447846c758f5a675856001ea72298fd9cb5,2025-04-21,Fear,39,596.556385,108,32,498.3961111111111,32,76,0.2962962962962963,0.42105263157894735,Fear,Frequent Retail
0x8477e447846c758f5a675856001ea72298fd9cb5,2025-04-22,Neutral,47,-180.07315699999998,988,161,1169.5095344129554,312,676,0.16295546558704455,0.46153846153846156,Neutral,Frequent Retail
0x8477e447846c758f5a675856001ea72298fd9cb5,2025-04-23,Greed,72,-27087.802198,1950,41,636.126676923077,1523,427,0.021025641025641025,3.566744730679157,Greed,Frequent Retail
0x8477e447846c758f5a675856001ea72298fd9cb5,2025-04-24,Greed,63,2397.669518,117,60,658.8346153846153,75,42,0.5128205128205128,1.7857142857142858,Greed,Frequent Retail
0x8477e447846c758f5a675856001ea72298fd9cb5,2025-04-25,Greed,60,36.153454,207,2,1063.6844444444444,2,205,0.00966183574879227,0.00975609756097561,Greed,Frequent Retail
0x8477e447846c758f5a675856001ea72298fd9cb5,2025-04-26,Greed,65,394.655169,70,33,1416.666857142857,34,36,0.4714285714285714,0.9444444444444444,Greed,Frequent Retail
0x8477e447846c758f5a675856001ea72298fd9cb5,2025-04-27,Greed,61,78.78402200000001,20,19,1364.094,19,1,0.95,19.0,Greed,Frequent Retail
0x8477e447846c758f5a675856001ea72298fd9cb5,2025-04-28,Neutral,54,-6424.928118,80,5,2193.325,76,4,0.0625,19.0,Neutral,Frequent Retail
0x8477e447846c758f5a675856001ea72298fd9cb5,2025-04-29,Greed,60,-1793.442795,73,2,396.20082191780824,33,40,0.0273972602739726,0.825,Greed,Frequent Retail
0x8477e447846c758f5a675856001ea72298fd9cb5,2025-04-30,Greed,56,-1053.418063,87,22,985.3667816091954,55,32,0.25287356321839083,1.71875,Greed,Frequent Retail
0x8477e447846c758f5a675856001ea72298fd9cb5,2025-05-01,Neutral,53,-200.94846,19,0,309.6568421052632,14,5,0.0,2.8,Neutral,Frequent Retail
0x92f17e8d81a944691c10e753af1b1baae1a2cd0d,2024-12-13,Extreme Greed,76,0.0,162,0,2468.940987654321,162,0,0.0,10.0,Greed,Whale
0x92f17e8d81a944691c10e753af1b1baae1a2cd0d,2024-12-15,Extreme Greed,80,0.0,413,0,1890.1754237288135,413,0,0.0,10.0,Greed,Whale
0x92f17e8d81a944691c10e753af1b1baae1a2cd0d,2024-12-16,Extreme Greed,83,55.987393,2,1,55.980000000000004,1,1,0.5,1.0,Greed,Whale
0x92f17e8d81a944691c10e753af1b1baae1a2cd0d,2024-12-17,Extreme Greed,87,0.0,1,0,0.0,0,1,0.0,0.0,Greed,Whale
0x92f17e8d81a944691c10e753af1b1baae1a2cd0d,2024-12-22,Greed,73,0.0,86,0,4111.969186046511,6,80,0.0,0.075,Greed,Whale
0x92f17e8d81a944691c10e753af1b1baae1a2cd0d,2024-12-23,Greed,70,8639.369933,60,54,9857.592999999999,60,0,0.9,10.0,Greed,Whale
0x92f17e8d81a944691c10e753af1b1baae1a2cd0d,2025-01-19,Extreme Greed,77,0.0,484,0,2098.6197107438015,484,0,0.0,10.0,Greed,Whale
0x92f17e8d81a944691c10e753af1b1baae1a2cd0d,2025-01-23,Extreme Greed,75,63464.28729,487,432,3015.5509856262834,100,387,0.8870636550308009,0.25839793281653745,Greed,Whale
0x92f17e8d81a944691c10e753af1b1baae1a2cd0d,2025-01-29,Greed,72,21987.812579,636,272,2604.86213836478,286,350,0.4276729559748428,0.8171428571428572,Greed,Whale
0x92f17e8d81a944691c10e753af1b1baae1a2cd0d,2025-02-02,Greed,60,12245.905048999999,169,75,2370.67449704142,94,75,0.4437869822485207,1.2533333333333334,Greed,Whale
0x92f17e8d81a944691c10e753af1b1baae1a2cd0d,2025-02-07,Fear,44,0.0,2,0,46000.0,2,0,0.0,10.0,Fear,Whale
0x92f17e8d81a944691c10e753af1b1baae1a2cd0d,2025-02-08,Fear,44,0.0,152,0,1771.9198684210526,152,0,0.0,10.0,Fear,Whale
0x92f17e8d81a944691c10e753af1b1baae1a2cd0d,2025-02-24,Neutral,49,0.0,45,0,9481.510444444444,45,0,0.0,10.0,Neutral,Whale
0x92f17e8d81a944691c10e753af1b1baae1a2cd0d,2025-02-25,Fear,25,0.0,8,0,60250.0,8,0,0.0,10.0,Fear,Whale
0x92f17e8d81a944691c10e753af1b1baae1a2cd0d,2025-04-07,Extreme Fear,23,3425.96095,68,33,9608.110294117647,25,43,0.4852941176470588,0.5813953488372093,Fear,Whale
0x92f17e8d81a944691c10e753af1b1baae1a2cd0d,2025-04-14,Fear,31,-621.54506,25,0,20063.1732,18,7,0.0,2.5714285714285716,Fear,Whale
0x92f17e8d81a944691c10e753af1b1baae1a2cd0d,2025-04-16,Fear,29,0.0,4,0,42034.5,4,0,0.0,10.0,Fear,Whale
0x92f17e8d81a944691c10e753af1b1baae1a2cd0d,2025-04-23,Greed,72,17381.164,248,4,6983.216774193548,244,4,0.016129032258064516,61.0,Greed,Whale
0xa0feb3725a9335f49874d7cd8eaad6be45b27416,2024-12-13,Extreme Greed,76,2270.1241019999998,234,164,939.9077777777777,70,164,0.7008547008547008,0.4268292682926829,Greed,Frequent Retail
0xa0feb3725a9335f49874d7cd8eaad6be45b27416,2024-12-14,Extreme Greed,83,10281.503571,683,296,1674.4618155197657,386,297,0.4333821376281113,1.2996632996632997,Greed,Frequent Retail
0xa0feb3725a9335f49874d7cd8eaad6be45b27416,2024-12-15,Extreme Greed,80,3932.676736,748,187,1345.2046122994652,512,236,0.25,2.169491525423729,Greed,Frequent Retail
0xa0feb3725a9335f49874d7cd8eaad6be45b27416,2024-12-16,Extreme Greed,83,3923.071266,326,164,1710.5239570552149,162,164,0.5030674846625767,0.9878048780487805,Greed,Frequent Retail
0xa0feb3725a9335f49874d7cd8eaad6be45b27416,2024-12-17,Extreme Greed,87,9080.193597,599,260,2051.6765609348913,339,260,0.4340567612687813,1.3038461538461539,Greed,Frequent Retail
0xa0feb3725a9335f49874d7cd8eaad6be45b27416,2024-12-18,Extreme Greed,81,2755.818564,314,154,1756.5612101910826,160,154,0.49044585987261147,1.0389610389610389,Greed,Frequent Retail
0xa0feb3725a9335f49874d7cd8eaad6be45b27416,2024-12-19,Extreme Greed,75,5687.811638,439,189,1937.9936218678815,250,189,0.4305239179954442,1.3227513227513228,Greed,Frequent Retail
0xa0feb3725a9335f49874d7cd8eaad6be45b27416,2024-12-20,Greed,74,5930.482942,243,163,1136.9883950617284,80,163,0.6707818930041153,0.49079754601226994,Greed,Frequent Retail
0xa0feb3725a9335f49874d7cd8eaad6be45b27416,2024-12-21,Greed,73,2600.050242,331,105,1631.86501510574,226,105,0.31722054380664655,2.1523809523809523,Greed,Frequent Retail
0xa0feb3725a9335f49874d7cd8eaad6be45b27416,2024-12-22,Greed,73,2718.982224,291,81,1754.1204123711339,210,81,0.27835051546391754,2.5925925925925926,Greed,Frequent Retail
0xa0feb3725a9335f49874d7cd8eaad6be45b27416,2024-12-23,Greed,70,0.0,3,0,1403.5600000000002,3,0,0.0,10.0,Greed,Frequent Retail
0xa0feb3725a9335f49874d7cd8eaad6be45b27416,2024-12-24,Greed,73,0.0,1,0,2994.6,1,0,0.0,10.0,Greed,Frequent Retail
0xa0feb3725a9335f49874d7cd8eaad6be45b27416,2025-01-15,Greed,70,0.0,2,0,522.095,2,0,0.0,10.0,Greed,Frequent Retail
0xa0feb3725a9335f49874d7cd8eaad6be45b27416,2025-01-18,Extreme Greed,77,0.0,53,0,1244.2596226415094,53,0,0.0,10.0,Greed,Frequent Retail
0xa0feb3725a9335f49874d7cd8eaad6be45b27416,2025-01-20,Extreme Greed,76,0.0,1,0,2999.98,1,0,0.0,10.0,Greed,Frequent Retail
0xa0feb3725a9335f49874d7cd8eaad6be45b27416,2025-01-22,Extreme Greed,84,140.995116,20,2,332.675,18,2,0.1,9.0,Greed,Frequent Retail
0xa0feb3725a9335f49874d7cd8eaad6be45b27416,2025-01-23,Extreme Greed,75,0.0,6,0,569.92,6,0,0.0,10.0,Greed,Frequent Retail
0xa0feb3725a9335f49874d7cd8eaad6be45b27416,2025-01-24,Extreme Greed,75,0.0,9,0,671.1622222222222,9,0,0.0,10.0,Greed,Frequent Retail
0xa0feb3725a9335f49874d7cd8eaad6be45b27416,2025-01-27,Greed,71,0.0,20,0,449.921,20,0,0.0,10.0,Greed,Frequent Retail
0xa0feb3725a9335f49874d7cd8eaad6be45b27416,2025-01-31,Extreme Greed,76,9719.053192,65,65,2959.078615384615,0,65,1.0,0.0,Greed,Frequent Retail
0xa0feb3725a9335f49874d7cd8eaad6be45b27416,2025-02-01,Greed,68,923.487443,18,18,1390.1038888888888,0,18,1.0,0.0,Greed,Frequent Retail
0xa0feb3725a9335f49874d7cd8eaad6be45b27416,2025-02-02,Greed,60,0.0,29,0,1210.4648275862069,29,0,0.0,10.0,Greed,Frequent Retail
0xa0feb3725a9335f49874d7cd8eaad6be45b27416,2025-02-03,Fear,44,2161.6751200000003,15,6,8577.862,9,6,0.4,1.5,Fear,Frequent Retail
0xa0feb3725a9335f49874d7cd8eaad6be45b27416,2025-02-04,Greed,72,4624.583773,731,138,1221.8522845417237,573,158,0.18878248974008208,3.6265822784810124,Greed,Frequent Retail
0xa0feb3725a9335f49874d7cd8eaad6be45b27416,2025-02-05,Neutral,54,-6194.283149,368,45,4161.944646739131,263,105,0.12228260869565218,2.5047619047619047,Neutral,Frequent Retail
0xa0feb3725a9335f49874d7cd8eaad6be45b27416,2025-02-06,Neutral,49,2780.135427,806,274,716.7850620347394,531,275,0.3399503722084367,1.930909090909091,Neutral,Frequent Retail
0xa0feb3725a9335f49874d7cd8eaad6be45b27416,2025-02-07,Fear,44,6119.377807,787,202,1749.6032401524778,589,198,0.25667090216010163,2.974747474747475,Fear,Frequent Retail
0xa0feb3725a9335f49874d7cd8eaad6be45b27416,2025-02-08,Fear,44,330.039883,328,96,764.5767682926829,232,96,0.2926829268292683,2.4166666666666665,Fear,Frequent Retail
0xa0feb3725a9335f49874d7cd8eaad6be45b27416,2025-02-09,Neutral,46,183.593223,122,21,747.8363934426229,100,22,0.1721311475409836,4.545454545454546,Neutral,Frequent Retail
0xa0feb3725a9335f49874d7cd8eaad6be45b27416,2025-02-10,Fear,43,1338.39845,304,185,868.6251644736842,119,185,0.6085526315789473,0.6432432432432432,Fear,Frequent Retail
0xa0feb3725a9335f49874d7cd8eaad6be45b27416,2025-02-11,Neutral,47,869.757103,183,31,1215.386612021858,152,31,0.16939890710382513,4.903225806451613,Neutral,Frequent Retail
0xa0feb3725a9335f49874d7cd8eaad6be45b27416,2025-02-12,Neutral,46,0.0,50,0,999.666,50,0,0.0,10.0,Neutral,Frequent Retail
0xa0feb3725a9335f49874d7cd8eaad6be45b27416,2025-02-13,Neutral,50,1312.55815,399,160,2012.0397744360903,239,160,0.40100250626566414,1.49375,Neutral,Frequent Retail
0xa0feb3725a9335f49874d7cd8eaad6be45b27416,2025-02-14,Neutral,48,414.743169,306,34,1372.3451960784314,271,35,0.1111111111111111,7.742857142857143,Neutral,Frequent Retail
0xa0feb3725a9335f49874d7cd8eaad6be45b27416,2025-02-15,Neutral,50,590.73516,466,113,787.2578326180258,351,115,0.24248927038626608,3.0521739130434784,Neutral,Frequent Retail
0xa0feb3725a9335f49874d7cd8eaad6be45b27416,2025-02-16,Neutral,54,819.9958,455,195,501.30874725274725,226,229,0.42857142857142855,0.9868995633187773,Neutral,Frequent Retail
0xa0feb3725a9335f49874d7cd8eaad6be45b27416,2025-02-17,Neutral,51,303.11202,284,118,598.8410211267606,118,166,0.4154929577464789,0.7108433734939759,Neutral,Frequent Retail
0xa0feb3725a9335f49874d7cd8eaad6be45b27416,2025-02-18,Neutral,47,3494.964308,413,149,1209.069588377724,262,151,0.36077481840193704,1.7350993377483444,Neutral,Frequent Retail
0xa0feb3725a9335f49874d7cd8eaad6be45b27416,2025-02-19,Fear,44,1280.6095579999999,400,134,1091.899,266,134,0.335,1.9850746268656716,Fear,Frequent Retail
0xa0feb3725a9335f49874d7cd8eaad6be45b27416,2025-02-20,Neutral,49,2866.872677,968,443,817.1428202479339,525,443,0.45764462809917356,1.18510158013544,Neutral,Frequent Retail
0xa0feb3725a9335f49874d7cd8eaad6be45b27416,2025-02-21,Greed,55,3417.71341,769,341,1031.4382574772433,428,341,0.4434330299089727,1.2551319648093842,Greed,Frequent Retail
0xa0feb3725a9335f49874d7cd8eaad6be45b27416,2025-02-22,Neutral,49,101.06290399999999,41,20,789.0624390243902,21,20,0.4878048780487805,1.05,Neutral,Frequent Retail
0xa0feb3725a9335f49874d7cd8eaad6be45b27416,2025-02-23,Neutral,50,0.0,53,0,226.28509433962265,53,0,0.0,10.0,Neutral,Frequent Retail
0xa0feb3725a9335f49874d7cd8eaad6be45b27416,2025-02-24,Neutral,49,0.0,42,0,495.59309523809526,42,0,0.0,10.0,Neutral,Frequent Retail
0xa0feb3725a9335f49874d7cd8eaad6be45b27416,2025-02-25,Fear,25,826.548369,193,54,626.2487046632124,139,54,0.27979274611398963,2.574074074074074,Fear,Frequent Retail
0xa0feb3725a9335f49874d7cd8eaad6be45b27416,2025-02-26,Extreme Fear,21,0.0,20,0,749.8255,20,0,0.0,10.0,Fear,Frequent Retail
0xa0feb3725a9335f49874d7cd8eaad6be45b27416,2025-02-27,Extreme Fear,10,0.0,13,0,768.6484615384616,13,0,0.0,10.0,Fear,Frequent Retail
0xa0feb3725a9335f49874d7cd8eaad6be45b27416,2025-02-28,Extreme Fear,16,1011.258943,197,61,623.2444670050761,141,56,0.3096446700507614,2.517857142857143,Fear,Frequent Retail
0xa0feb3725a9335f49874d7cd8eaad6be45b27416,2025-03-02,Fear,26,625.512206,32,16,1691.2284375000002,16,16,0.5,1.0,Fear,Frequent Retail
0xa0feb3725a9335f49874d7cd8eaad6be45b27416,2025-03-03,Fear,33,60.171373,176,15,234.52426136363636,160,16,0.08522727272727272,10.0,Fear,Frequent Retail
0xa0feb3725a9335f49874d7cd8eaad6be45b27416,2025-03-04,Extreme Fear,15,0.0,40,0,369.27675,40,0,0.0,10.0,Fear,Frequent Retail
0xa0feb3725a9335f49874d7cd8eaad6be45b27416,2025-03-14,Fear,27,0.0,8,0,874.97875,8,0,0.0,10.0,Fear,Frequent Retail
0xa0feb3725a9335f49874d7cd8eaad6be45b27416,2025-04-15,Fear,38,73.34455,21,9,917.6357142857142,9,12,0.42857142857142855,0.75,Fear,Frequent Retail
0xa0feb3725a9335f49874d7cd8eaad6be45b27416,2025-04-16,Fear,29,100.22198900000001,47,17,400.05872340425526,19,28,0.3617021276595745,0.6785714285714286,Fear,Frequent Retail
0xa0feb3725a9335f49874d7cd8eaad6be45b27416,2025-04-17,Fear,30,18.57004,13,6,303.8438461538462,6,7,0.46153846153846156,0.8571428571428571,Fear,Frequent Retail
0xa0feb3725a9335f49874d7cd8eaad6be45b27416,2025-04-23,Greed,72,6653.134804,550,215,894.6094181818181,335,215,0.39090909090909093,1.558139534883721,Greed,Frequent Retail
0xa0feb3725a9335f49874d7cd8eaad6be45b27416,2025-04-24,Greed,63,1279.688605,334,65,1325.6926047904192,269,65,0.19461077844311378,4.138461538461539,Greed,Frequent Retail
0xa0feb3725a9335f49874d7cd8eaad6be45b27416,2025-04-25,Greed,60,4058.112969,138,43,1475.0315217391305,95,43,0.3115942028985507,2.2093023255813953,Greed,Frequent Retail
0xa0feb3725a9335f49874d7cd8eaad6be45b27416,2025-04-26,Greed,65,0.0,50,0,425.9992,50,0,0.0,10.0,Greed,Frequent Retail
0xa0feb3725a9335f49874d7cd8eaad6be45b27416,2025-04-27,Greed,61,147.309165,46,4,858.3880434782608,42,4,0.08695652173913043,10.5,Greed,Frequent Retail
0xa0feb3725a9335f49874d7cd8eaad6be45b27416,2025-04-28,Neutral,54,474.245409,155,21,1106.0305161290323,134,21,0.13548387096774195,6.380952380952381,Neutral,Frequent Retail
0xa0feb3725a9335f49874d7cd8eaad6be45b27416,2025-04-29,Greed,60,1189.49741,214,93,1261.7606542056074,121,93,0.43457943925233644,1.3010752688172043,Greed,Frequent Retail
0xa0feb3725a9335f49874d7cd8eaad6be45b27416,2025-04-30,Greed,56,1555.834562,345,123,793.9205507246378,222,123,0.3565217391304348,1.8048780487804879,Greed,Frequent Retail
0xa0feb3725a9335f49874d7cd8eaad6be45b27416,2025-05-01,Neutral,53,1449.529436,288,101,1130.8870833333333,187,101,0.3506944444444444,1.8514851485148516,Neutral,Frequent Retail
0xa520ded057a32086c40e7dd6ed4eb8efb82c00e0,2024-08-03,Fear,37,0.0,16,0,9281.686875,16,0,0.0,10.0,Fear,Occasional Retail
0xa520ded057a32086c40e7dd6ed4eb8efb82c00e0,2024-08-04,Fear,34,-14176.51042,10,0,13492.987,8,2,0.0,4.0,Fear,Occasional Retail
0xa520ded057a32086c40e7dd6ed4eb8efb82c00e0,2024-08-05,Fear,26,0.0,2,0,10053.805,2,0,0.0,10.0,Fear,Occasional Retail
0xa520ded057a32086c40e7dd6ed4eb8efb82c00e0,2024-08-07,Fear,29,0.0,1,0,500.0,1,0,0.0,10.0,Fear,Occasional Retail
0xa520ded057a32086c40e7dd6ed4eb8efb82c00e0,2024-08-08,Extreme Fear,20,-40.712216999999995,4,0,114.82,0,4,0.0,0.0,Fear,Occasional Retail
0xa520ded057a32086c40e7dd6ed4eb8efb82c00e0,2024-08-09,Neutral,48,0.0,2,0,250.0,2,0,0.0,10.0,Neutral,Occasional Retail
0xa520ded057a32086c40e7dd6ed4eb8efb82c00e0,2024-08-17,Fear,25,-288.283113,1,0,211.7,0,1,0.0,0.0,Fear,Occasional Retail
0xa520ded057a32086c40e7dd6ed4eb8efb82c00e0,2024-08-18,Fear,31,0.0,1,0,0.01,0,1,0.0,0.0,Fear,Occasional Retail
0xa520ded057a32086c40e7dd6ed4eb8efb82c00e0,2024-08-21,Fear,26,0.0,2,0,1000.14,2,0,0.0,10.0,Fear,Occasional Retail
0xa520ded057a32086c40e7dd6ed4eb8efb82c00e0,2024-09-08,Fear,29,0.0,1,0,0.11,0,1,0.0,0.0,Fear,Occasional Retail
0xa520ded057a32086c40e7dd6ed4eb8efb82c00e0,2024-09-10,Fear,33,-219.729659,2,0,890.27,0,2,0.0,0.0,Fear,Occasional Retail
0xa520ded057a32086c40e7dd6ed4eb8efb82c00e0,2024-10-17,Greed,71,0.0,1,0,499.72,1,0,0.0,10.0,Greed,Occasional Retail
0xa520ded057a32086c40e7dd6ed4eb8efb82c00e0,2024-10-28,Greed,72,167.28016200000002,4,4,375.23249999999996,0,4,1.0,0.0,Greed,Occasional Retail
0xa520ded057a32086c40e7dd6ed4eb8efb82c00e0,2024-11-07,Extreme Greed,77,3360.9281,95,48,208.8205263157895,47,48,0.5052631578947369,0.9791666666666666,Greed,Occasional Retail
0xa520ded057a32086c40e7dd6ed4eb8efb82c00e0,2024-11-13,Extreme Greed,84,0.0,1,0,200.04,1,0,0.0,10.0,Greed,Occasional Retail
0xa520ded057a32086c40e7dd6ed4eb8efb82c00e0,2024-11-18,Extreme Greed,83,693.220788,9,9,186.3422222222222,0,9,1.0,0.0,Greed,Occasional Retail
0xa520ded057a32086c40e7dd6ed4eb8efb82c00e0,2024-11-21,Extreme Greed,82,2.83504,1,1,202.87,0,1,1.0,0.0,Greed,Occasional Retail
0xa520ded057a32086c40e7dd6ed4eb8efb82c00e0,2024-11-29,Extreme Greed,78,0.0,21,0,5762.356666666667,21,0,0.0,10.0,Greed,Occasional Retail
0xa520ded057a32086c40e7dd6ed4eb8efb82c00e0,2024-12-01,Extreme Greed,81,34709.852428,61,49,856.4519672131147,12,49,0.8032786885245902,0.24489795918367346,Greed,Occasional Retail
0xa520ded057a32086c40e7dd6ed4eb8efb82c00e0,2024-12-03,Extreme Greed,76,0.0,34,0,2941.1758823529412,34,0,0.0,10.0,Greed,Occasional Retail
0xa520ded057a32086c40e7dd6ed4eb8efb82c00e0,2024-12-10,Extreme Greed,78,0.0,8,0,13718.098750000001,8,0,0.0,10.0,Greed,Occasional Retail
0xa520ded057a32086c40e7dd6ed4eb8efb82c00e0,2024-12-11,Greed,74,994.238977,15,15,165.00133333333332,0,15,1.0,0.0,Greed,Occasional Retail
0xa520ded057a32086c40e7dd6ed4eb8efb82c00e0,2024-12-12,Extreme Greed,83,2512.437585,4,4,1374.4125000000001,0,4,1.0,0.0,Greed,Occasional Retail
0xa520ded057a32086c40e7dd6ed4eb8efb82c00e0,2024-12-16,Extreme Greed,83,2069.35811,13,13,192.29384615384618,0,13,1.0,0.0,Greed,Occasional Retail
0xa520ded057a32086c40e7dd6ed4eb8efb82c00e0,2024-12-17,Extreme Greed,87,256.200336,1,1,299.74,0,1,1.0,0.0,Greed,Occasional Retail
0xa520ded057a32086c40e7dd6ed4eb8efb82c00e0,2024-12-20,Greed,74,23353.625678,12,11,4763.3358333333335,1,11,0.9166666666666666,0.09090909090909091,Greed,Occasional Retail
0xa520ded057a32086c40e7dd6ed4eb8efb82c00e0,2025-01-04,Greed,73,556.803152,5,5,213.09399999999997,0,5,1.0,0.0,Greed,Occasional Retail
0xa520ded057a32086c40e7dd6ed4eb8efb82c00e0,2025-01-14,Greed,63,7013.428624,12,12,829.285,0,12,1.0,0.0,Greed,Occasional Retail
0xa520ded057a32086c40e7dd6ed4eb8efb82c00e0,2025-01-21,Extreme Greed,76,2806.434723,8,8,597.6225000000001,0,8,1.0,0.0,Greed,Occasional Retail
0xa520ded057a32086c40e7dd6ed4eb8efb82c00e0,2025-01-27,Greed,71,12084.434144,56,56,989.8810714285713,0,56,1.0,0.0,Greed,Occasional Retail
0xa520ded057a32086c40e7dd6ed4eb8efb82c00e0,2025-01-28,Greed,72,0.0,3,0,0.07666666666666667,0,3,0.0,0.0,Greed,Occasional Retail
0xa520ded057a32086c40e7dd6ed4eb8efb82c00e0,2025-02-03,Fear,44,20.596691,1,1,999.91,0,1,1.0,0.0,Fear,Occasional Retail
0xa520ded057a32086c40e7dd6ed4eb8efb82c00e0,2025-02-10,Fear,43,30.785143,2,2,249.82,0,2,1.0,0.0,Fear,Occasional Retail
0xa520ded057a32086c40e7dd6ed4eb8efb82c00e0,2025-03-08,Fear,28,-1121.6509429999999,2,0,1250.705,0,2,0.0,0.0,Fear,Occasional Retail
0xa520ded057a32086c40e7dd6ed4eb8efb82c00e0,2025-04-08,Extreme Fear,24,-920.33629,1,0,1000.85,0,1,0.0,0.0,Fear,Occasional Retail
0xa520ded057a32086c40e7dd6ed4eb8efb82c00e0,2025-04-10,Fear,39,-965.1214130000001,3,0,534.0066666666667,0,3,0.0,0.0,Fear,Occasional Retail
0xa520ded057a32086c40e7dd6ed4eb8efb82c00e0,2025-04-13,Neutral,45,-53.631353999999995,2,0,64.53,0,2,0.0,0.0,Neutral,Occasional Retail
0xae5eacaf9c6b9111fd53034a602c192a04e082ed,2024-12-02,Extreme Greed,80,0.0,44,0,1779.0295454545455,44,0,0.0,10.0,Greed,Occasional Retail
0xae5eacaf9c6b9111fd53034a602c192a04e082ed,2024-12-03,Extreme Greed,76,20925.513222,145,105,3898.738206896552,40,105,0.7241379310344828,0.38095238095238093,Greed,Occasional Retail
0xae5eacaf9c6b9111fd53034a602c192a04e082ed,2024-12-04,Extreme Greed,78,0.0,1,0,0.1,0,1,0.0,0.0,Greed,Occasional Retail
0xae5eacaf9c6b9111fd53034a602c192a04e082ed,2025-03-04,Extreme Fear,15,0.0,21,0,7268.525238095238,21,0,0.0,10.0,Fear,Occasional Retail
0xae5eacaf9c6b9111fd53034a602c192a04e082ed,2025-03-05,Extreme Fear,20,0.0,9,0,3500.644444444444,9,0,0.0,10.0,Fear,Occasional Retail
0xae5eacaf9c6b9111fd53034a602c192a04e082ed,2025-03-11,Extreme Fear,24,0.0,4,0,6911.925,4,0,0.0,10.0,Fear,Occasional Retail
0xae5eacaf9c6b9111fd53034a602c192a04e082ed,2025-03-18,Fear,34,0.0,38,0,2461.443421052632,38,0,0.0,10.0,Fear,Occasional Retail
0xae5eacaf9c6b9111fd53034a602c192a04e082ed,2025-04-08,Extreme Fear,24,0.0,33,0,2865.9021212121215,33,0,0.0,10.0,Fear,Occasional Retail
0xae5eacaf9c6b9111fd53034a602c192a04e082ed,2025-04-09,Extreme Fear,18,622.41079,13,6,792.1807692307691,7,6,0.46153846153846156,1.1666666666666667,Fear,Occasional Retail
0xae5eacaf9c6b9111fd53034a602c192a04e082ed,2025-04-10,Fear,39,5615.909695,19,19,2486.837368421053,0,19,1.0,0.0,Fear,Occasional Retail
0xae5eacaf9c6b9111fd53034a602c192a04e082ed,2025-04-12,Fear,43,2513.430964,45,24,2262.842,21,24,0.5333333333333333,0.875,Fear,Occasional Retail
0xae5eacaf9c6b9111fd53034a602c192a04e082ed,2025-04-21,Fear,39,0.0,21,0,2434.7928571428574,21,0,0.0,10.0,Fear,Occasional Retail
0xae5eacaf9c6b9111fd53034a602c192a04e082ed,2025-04-23,Greed,72,28100.700490000003,28,28,2829.6749999999997,0,28,1.0,0.0,Greed,Occasional Retail
0xae5eacaf9c6b9111fd53034a602c192a04e082ed,2025-04-24,Greed,63,2587.44383,87,17,2334.9580459770114,70,17,0.19540229885057472,4.117647058823529,Greed,Occasional Retail
0xae5eacaf9c6b9111fd53034a602c192a04e082ed,2025-04-25,Greed,60,7480.21054,55,31,2564.5469090909096,24,31,0.5636363636363636,0.7741935483870968,Greed,Occasional Retail
0xaf40fdc468c30116bd3307bcbf4a451a7ebf1deb,2024-12-09,Extreme Greed,78,0.0,4,0,1968.8700000000001,4,0,0.0,10.0,Greed,Whale
0xaf40fdc468c30116bd3307bcbf4a451a7ebf1deb,2024-12-11,Greed,74,39.7705,1,1,7158.62,0,1,1.0,0.0,Greed,Whale
0xaf40fdc468c30116bd3307bcbf4a451a7ebf1deb,2024-12-12,Extreme Greed,83,15.24474,1,1,771.87,0,1,1.0,0.0,Greed,Whale
0xaf40fdc468c30116bd3307bcbf4a451a7ebf1deb,2024-12-23,Greed,70,0.0,3,0,320.1333333333333,3,0,0.0,10.0,Greed,Whale
0xaf40fdc468c30116bd3307bcbf4a451a7ebf1deb,2024-12-24,Greed,73,3.43,1,1,963.83,0,1,1.0,0.0,Greed,Whale
0xaf40fdc468c30116bd3307bcbf4a451a7ebf1deb,2025-03-16,Fear,30,-1017.424213,125,18,5323.34248,82,43,0.144,1.9069767441860466,Fear,Whale
0xaf40fdc468c30116bd3307bcbf4a451a7ebf1deb,2025-03-17,Fear,32,-1646.3529,35,0,9477.486,2,33,0.0,0.06060606060606061,Fear,Whale
0xaf40fdc468c30116bd3307bcbf4a451a7ebf1deb,2025-03-18,Fear,34,0.0,21,0,3925.5247619047623,21,0,0.0,10.0,Fear,Whale
0xaf40fdc468c30116bd3307bcbf4a451a7ebf1deb,2025-03-19,Fear,32,5304.480047,162,112,4703.033148148148,50,112,0.691358024691358,0.44642857142857145,Fear,Whale
0xaf40fdc468c30116bd3307bcbf4a451a7ebf1deb,2025-03-20,Neutral,49,0.0,1,0,84870.0,1,0,0.0,10.0,Neutral,Whale
0xaf40fdc468c30116bd3307bcbf4a451a7ebf1deb,2025-03-24,Neutral,45,5070.619785,23,17,15004.912173913042,6,17,0.7391304347826086,0.35294117647058826,Neutral,Whale
0xaf40fdc468c30116bd3307bcbf4a451a7ebf1deb,2025-03-25,Neutral,46,0.0,1,0,87100.0,1,0,0.0,10.0,Neutral,Whale
0xaf40fdc468c30116bd3307bcbf4a451a7ebf1deb,2025-03-26,Neutral,47,2087.063794,27,3,16199.963333333333,24,3,0.1111111111111111,8.0,Neutral,Whale
0xaf40fdc468c30116bd3307bcbf4a451a7ebf1deb,2025-03-27,Fear,40,894.0,21,6,16543.90380952381,15,6,0.2857142857142857,2.5,Fear,Whale
0xaf40fdc468c30116bd3307bcbf4a451a7ebf1deb,2025-03-28,Fear,44,1342.0,54,4,6430.7037037037035,50,4,0.07407407407407407,12.5,Fear,Whale
0xaf40fdc468c30116bd3307bcbf4a451a7ebf1deb,2025-04-03,Fear,25,2020.0,8,1,42527.5,7,1,0.125,7.0,Fear,Whale
0xaf40fdc468c30116bd3307bcbf4a451a7ebf1deb,2025-04-05,Fear,30,2400.0,8,1,41637.49875,7,1,0.125,7.0,Fear,Whale
0xaf40fdc468c30116bd3307bcbf4a451a7ebf1deb,2025-04-07,Extreme Fear,23,0.0,17,0,2238.4694117647055,17,0,0.0,10.0,Fear,Whale
0xaf40fdc468c30116bd3307bcbf4a451a7ebf1deb,2025-04-11,Fear,25,5246.0,7,7,29785.714285714286,0,7,1.0,0.0,Fear,Whale
0xaf40fdc468c30116bd3307bcbf4a451a7ebf1deb,2025-04-12,Fear,43,0.0,14,0,1435.7078571428572,14,0,0.0,10.0,Fear,Whale
0xb1231a4a2dd02f2276fa3c5e2a2f3436e6bfed23,2023-12-05,Extreme Greed,75,0.0,9,0,5556.203333333334,7,2,0.0,3.5,Greed,Occasional Retail
0xb1231a4a2dd02f2276fa3c5e2a2f3436e6bfed23,2023-12-14,Greed,72,-205.43473700000007,11,4,10291.213636363636,5,6,0.36363636363636365,0.8333333333333334,Greed,Occasional Retail
0xb1231a4a2dd02f2276fa3c5e2a2f3436e6bfed23,2023-12-15,Greed,70,-24.632033999999997,2,0,5304.975,2,0,0.0,10.0,Greed,Occasional Retail
0xb1231a4a2dd02f2276fa3c5e2a2f3436e6bfed23,2023-12-16,Greed,67,0.0,3,0,5116.256666666667,3,0,0.0,10.0,Greed,Occasional Retail
0xb1231a4a2dd02f2276fa3c5e2a2f3436e6bfed23,2023-12-17,Greed,73,304.982785,14,7,8305.572857142857,3,11,0.5,0.2727272727272727,Greed,Occasional Retail
0xb1231a4a2dd02f2276fa3c5e2a2f3436e6bfed23,2023-12-18,Greed,65,0.0,2,0,15582.089999999998,2,0,0.0,10.0,Greed,Occasional Retail
0xb1231a4a2dd02f2276fa3c5e2a2f3436e6bfed23,2023-12-19,Greed,73,1000.5386120000001,15,10,6106.827333333334,5,10,0.6666666666666666,0.5,Greed,Occasional Retail
0xb1231a4a2dd02f2276fa3c5e2a2f3436e6bfed23,2023-12-20,Greed,74,162.732282,18,8,7868.710555555556,10,8,0.4444444444444444,1.25,Greed,Occasional Retail
0xb1231a4a2dd02f2276fa3c5e2a2f3436e6bfed23,2023-12-21,Greed,70,537.211402,49,26,2555.795306122449,22,27,0.5306122448979592,0.8148148148148148,Greed,Occasional Retail
0xb1231a4a2dd02f2276fa3c5e2a2f3436e6bfed23,2023-12-22,Greed,74,141.832675,10,2,8887.428,8,2,0.2,4.0,Greed,Occasional Retail
0xb1231a4a2dd02f2276fa3c5e2a2f3436e6bfed23,2023-12-23,Greed,70,146.936704,13,8,6033.711538461538,5,8,0.6153846153846154,0.625,Greed,Occasional Retail
0xb1231a4a2dd02f2276fa3c5e2a2f3436e6bfed23,2023-12-24,Greed,71,1008.619956,39,15,10332.177948717948,21,18,0.38461538461538464,1.1666666666666667,Greed,Occasional Retail
0xb1231a4a2dd02f2276fa3c5e2a2f3436e6bfed23,2023-12-25,Greed,73,-245.081348,3,0,19982.836666666666,2,1,0.0,2.0,Greed,Occasional Retail
0xb1231a4a2dd02f2276fa3c5e2a2f3436e6bfed23,2023-12-27,Greed,73,-704.8892269999999,28,4,6121.823571428571,15,13,0.14285714285714285,1.1538461538461537,Greed,Occasional Retail
0xb1231a4a2dd02f2276fa3c5e2a2f3436e6bfed23,2023-12-28,Greed,73,-970.730876,23,0,4352.923913043478,10,13,0.0,0.7692307692307693,Greed,Occasional Retail
0xb1231a4a2dd02f2276fa3c5e2a2f3436e6bfed23,2023-12-29,Greed,65,508.92214299999995,50,15,11391.1944,31,19,0.3,1.631578947368421,Greed,Occasional Retail
0xb1231a4a2dd02f2276fa3c5e2a2f3436e6bfed23,2023-12-30,Greed,68,354.998648,52,23,13510.58096153846,20,32,0.4423076923076923,0.625,Greed,Occasional Retail
0xb1231a4a2dd02f2276fa3c5e2a2f3436e6bfed23,2024-01-01,Greed,65,-129.53146,18,1,14679.973888888888,10,8,0.05555555555555555,1.25,Greed,Occasional Retail
0xb1231a4a2dd02f2276fa3c5e2a2f3436e6bfed23,2024-01-02,Greed,71,783.979116,17,8,7138.1611764705885,9,8,0.47058823529411764,1.125,Greed,Occasional Retail
0xb1231a4a2dd02f2276fa3c5e2a2f3436e6bfed23,2024-01-03,Greed,70,866.015507,67,28,5888.050149253731,32,35,0.417910447761194,0.9142857142857143,Greed,Occasional Retail
0xb1231a4a2dd02f2276fa3c5e2a2f3436e6bfed23,2024-01-04,Greed,68,-67.60364,5,0,19958.508,2,3,0.0,0.6666666666666666,Greed,Occasional Retail
0xb1231a4a2dd02f2276fa3c5e2a2f3436e6bfed23,2024-01-05,Greed,72,164.141565,66,13,25817.31303030303,31,35,0.19696969696969696,0.8857142857142857,Greed,Occasional Retail
0xb1231a4a2dd02f2276fa3c5e2a2f3436e6bfed23,2024-01-06,Greed,70,135.58166400000002,22,10,13569.154545454547,11,11,0.45454545454545453,1.0,Greed,Occasional Retail
0xb1231a4a2dd02f2276fa3c5e2a2f3436e6bfed23,2024-01-07,Greed,71,-835.681235,97,9,10812.887216494846,52,45,0.09278350515463918,1.1555555555555554,Greed,Occasional Retail
0xb1231a4a2dd02f2276fa3c5e2a2f3436e6bfed23,2024-01-08,Greed,71,-269.874439,128,32,11894.159609375,40,88,0.25,0.45454545454545453,Greed,Occasional Retail
0xb1231a4a2dd02f2276fa3c5e2a2f3436e6bfed23,2024-01-09,Extreme Greed,76,-826.349863,70,18,12429.313857142857,28,42,0.2571428571428571,0.6666666666666666,Greed,Occasional Retail
0xb1231a4a2dd02f2276fa3c5e2a2f3436e6bfed23,2024-01-10,Greed,73,-1517.091342,193,41,10660.515440414507,92,101,0.21243523316062177,0.9108910891089109,Greed,Occasional Retail
0xb1231a4a2dd02f2276fa3c5e2a2f3436e6bfed23,2024-01-11,Extreme Greed,76,-164.08950099999998,19,5,13641.064736842105,11,8,0.2631578947368421,1.375,Greed,Occasional Retail
0xb1231a4a2dd02f2276fa3c5e2a2f3436e6bfed23,2024-01-12,Greed,71,-1925.519024,7,0,28583.181428571428,5,2,0.0,2.5,Greed,Occasional Retail
0xb1231a4a2dd02f2276fa3c5e2a2f3436e6bfed23,2024-01-15,Neutral,52,0.0,5,0,10001.248,5,0,0.0,10.0,Neutral,Occasional Retail
0xb1231a4a2dd02f2276fa3c5e2a2f3436e6bfed23,2024-01-16,Greed,64,939.6285419999999,3,3,17648.416666666668,0,3,1.0,0.0,Greed,Occasional Retail
0xb1231a4a2dd02f2276fa3c5e2a2f3436e6bfed23,2024-01-17,Greed,60,813.2741110000001,53,11,15110.019433962265,31,22,0.20754716981132076,1.4090909090909092,Greed,Occasional Retail
0xb1231a4a2dd02f2276fa3c5e2a2f3436e6bfed23,2024-01-18,Greed,63,68.93319,46,3,9231.120217391304,18,28,0.06521739130434782,0.6428571428571429,Greed,Occasional Retail
0xb1231a4a2dd02f2276fa3c5e2a2f3436e6bfed23,2024-01-19,Neutral,51,-385.215235,39,5,10946.209230769231,27,12,0.1282051282051282,2.25,Neutral,Occasional Retail
0xb1231a4a2dd02f2276fa3c5e2a2f3436e6bfed23,2024-01-20,Neutral,52,-146.57487000000003,106,15,10095.193490566038,60,46,0.14150943396226415,1.3043478260869565,Neutral,Occasional Retail
0xb1231a4a2dd02f2276fa3c5e2a2f3436e6bfed23,2024-01-21,Greed,56,266.58114600000005,11,3,9375.43090909091,3,8,0.2727272727272727,0.375,Greed,Occasional Retail
0xb1231a4a2dd02f2276fa3c5e2a2f3436e6bfed23,2024-01-22,Greed,55,209.39217099999996,37,9,7671.794864864864,23,14,0.24324324324324326,1.6428571428571428,Greed,Occasional Retail
0xb1231a4a2dd02f2276fa3c5e2a2f3436e6bfed23,2024-01-23,Neutral,50,-369.2447299999998,45,11,9211.531777777778,33,12,0.24444444444444444,2.75,Neutral,Occasional Retail
0xb1231a4a2dd02f2276fa3c5e2a2f3436e6bfed23,2024-01-24,Neutral,48,-2808.353815,68,10,14192.42044117647,27,41,0.14705882352941177,0.6585365853658537,Neutral,Occasional Retail
0xb1231a4a2dd02f2276fa3c5e2a2f3436e6bfed23,2024-01-25,Neutral,52,-3093.6293849999997,6,0,11094.355000000001,0,6,0.0,0.0,Neutral,Occasional Retail
0xb1231a4a2dd02f2276fa3c5e2a2f3436e6bfed23,2024-01-26,Neutral,49,0.0,3,0,839.1366666666667,3,0,0.0,10.0,Neutral,Occasional Retail
0xb1231a4a2dd02f2276fa3c5e2a2f3436e6bfed23,2024-01-29,Greed,55,484.847102,72,44,5724.157222222222,20,52,0.6111111111111112,0.38461538461538464,Greed,Occasional Retail
0xb1231a4a2dd02f2276fa3c5e2a2f3436e6bfed23,2024-01-30,Greed,61,-173.65419100000003,49,5,8183.905714285715,28,21,0.10204081632653061,1.3333333333333333,Greed,Occasional Retail
0xb1231a4a2dd02f2276fa3c5e2a2f3436e6bfed23,2024-01-31,Greed,60,-799.840817,859,231,7340.683504074505,470,389,0.2689173457508731,1.2082262210796915,Greed,Occasional Retail
0xb1231a4a2dd02f2276fa3c5e2a2f3436e6bfed23,2024-02-01,Greed,63,0.0,6,0,334.69666666666666,6,0,0.0,10.0,Greed,Occasional Retail
0xb1231a4a2dd02f2276fa3c5e2a2f3436e6bfed23,2024-02-02,Greed,63,456.423473,42,13,11292.343571428572,19,23,0.30952380952380953,0.8260869565217391,Greed,Occasional Retail
0xb1231a4a2dd02f2276fa3c5e2a2f3436e6bfed23,2024-02-03,Greed,60,223.30918699999998,56,6,10782.5,18,38,0.10714285714285714,0.47368421052631576,Greed,Occasional Retail
0xb1231a4a2dd02f2276fa3c5e2a2f3436e6bfed23,2024-02-04,Greed,60,47.62389499999999,35,9,5805.358,19,16,0.2571428571428571,1.1875,Greed,Occasional Retail
0xb1231a4a2dd02f2276fa3c5e2a2f3436e6bfed23,2024-02-05,Greed,60,-33.45419400000003,72,14,10697.198055555556,33,39,0.19444444444444445,0.8461538461538461,Greed,Occasional Retail
0xb1231a4a2dd02f2276fa3c5e2a2f3436e6bfed23,2024-02-06,Greed,64,-215.615907,1088,179,7396.280707720588,518,570,0.1645220588235294,0.9087719298245615,Greed,Occasional Retail
0xb1231a4a2dd02f2276fa3c5e2a2f3436e6bfed23,2024-02-07,Greed,62,241.24212,15,2,450.582,7,8,0.13333333333333333,0.875,Greed,Occasional Retail
0xb1231a4a2dd02f2276fa3c5e2a2f3436e6bfed23,2024-02-08,Greed,66,770.756024,10,4,2605.112,2,8,0.4,0.25,Greed,Occasional Retail
0xb1231a4a2dd02f2276fa3c5e2a2f3436e6bfed23,2024-02-11,Greed,71,983.443176,34,7,6244.465294117647,23,11,0.20588235294117646,2.090909090909091,Greed,Occasional Retail
0xb1231a4a2dd02f2276fa3c5e2a2f3436e6bfed23,2024-02-12,Greed,70,913.8817869999998,16,6,14202.981249999999,11,5,0.375,2.2,Greed,Occasional Retail
0xb1231a4a2dd02f2276fa3c5e2a2f3436e6bfed23,2024-02-13,Extreme Greed,79,559.44389,14,14,142.85642857142858,0,14,1.0,0.0,Greed,Occasional Retail
0xb1231a4a2dd02f2276fa3c5e2a2f3436e6bfed23,2024-02-14,Greed,74,191.29666400000002,23,4,4465.268695652174,7,16,0.17391304347826086,0.4375,Greed,Occasional Retail
0xb1231a4a2dd02f2276fa3c5e2a2f3436e6bfed23,2024-02-15,Greed,72,816.0903969999999,11,8,9886.378181818181,3,8,0.7272727272727273,0.375,Greed,Occasional Retail
0xb1231a4a2dd02f2276fa3c5e2a2f3436e6bfed23,2024-02-16,Greed,72,0.0,12,0,8396.053333333333,10,2,0.0,5.0,Greed,Occasional Retail
0xb1231a4a2dd02f2276fa3c5e2a2f3436e6bfed23,2024-02-17,Extreme Greed,76,259.62944200000004,30,7,6791.962666666667,25,5,0.23333333333333334,5.0,Greed,Occasional Retail
0xb1231a4a2dd02f2276fa3c5e2a2f3436e6bfed23,2024-02-19,Extreme Greed,75,-8.05898,6,1,8333.848333333333,3,3,0.16666666666666666,1.0,Greed,Occasional Retail
0xb1231a4a2dd02f2276fa3c5e2a2f3436e6bfed23,2024-02-20,Greed,72,210.315294,4,4,427.575,0,4,1.0,0.0,Greed,Occasional Retail
0xb1231a4a2dd02f2276fa3c5e2a2f3436e6bfed23,2024-02-21,Extreme Greed,78,0.0,1,0,10005.6,1,0,0.0,10.0,Greed,Occasional Retail
0xb1231a4a2dd02f2276fa3c5e2a2f3436e6bfed23,2024-02-22,Greed,74,0.0,2,0,2500.32,2,0,0.0,10.0,Greed,Occasional Retail
0xb1231a4a2dd02f2276fa3c5e2a2f3436e6bfed23,2024-02-26,Greed,72,0.0,2,0,249.98499999999999,0,2,0.0,0.0,Greed,Occasional Retail
0xb1231a4a2dd02f2276fa3c5e2a2f3436e6bfed23,2024-02-27,Extreme Greed,79,576.38114,8,7,322.04,0,8,0.875,0.0,Greed,Occasional Retail
0xb1231a4a2dd02f2276fa3c5e2a2f3436e6bfed23,2024-02-29,Extreme Greed,80,1320.804256,7,3,3546.727142857143,0,7,0.42857142857142855,0.0,Greed,Occasional Retail
0xb1231a4a2dd02f2276fa3c5e2a2f3436e6bfed23,2024-03-02,Extreme Greed,80,-1443.814567,7,0,420.5385714285714,7,0,0.0,10.0,Greed,Occasional Retail
0xb1231a4a2dd02f2276fa3c5e2a2f3436e6bfed23,2024-03-04,Extreme Greed,82,1026.004099,13,13,290.5161538461538,0,13,1.0,0.0,Greed,Occasional Retail
0xb1231a4a2dd02f2276fa3c5e2a2f3436e6bfed23,2024-03-15,Extreme Greed,83,388.830831,19,8,3995.254210526316,6,13,0.42105263157894735,0.46153846153846156,Greed,Occasional Retail
0xb1231a4a2dd02f2276fa3c5e2a2f3436e6bfed23,2024-03-16,Extreme Greed,81,0.0,2,0,5000.0,0,2,0.0,0.0,Greed,Occasional Retail
0xb1231a4a2dd02f2276fa3c5e2a2f3436e6bfed23,2024-03-17,Extreme Greed,79,0.0,2,0,3751.305,2,0,0.0,10.0,Greed,Occasional Retail
0xb1231a4a2dd02f2276fa3c5e2a2f3436e6bfed23,2024-03-18,Extreme Greed,77,212.3193,1,1,5214.47,0,1,1.0,0.0,Greed,Occasional Retail
0xb1231a4a2dd02f2276fa3c5e2a2f3436e6bfed23,2024-03-19,Extreme Greed,79,-174.00152,10,0,2982.842,8,2,0.0,4.0,Greed,Occasional Retail
0xb1231a4a2dd02f2276fa3c5e2a2f3436e6bfed23,2024-03-20,Greed,74,3829.986976,10,4,7134.341,6,4,0.4,1.5,Greed,Occasional Retail
0xb1231a4a2dd02f2276fa3c5e2a2f3436e6bfed23,2024-03-21,Extreme Greed,78,238.326075,4,1,2560.8025000000002,3,1,0.25,3.0,Greed,Occasional Retail
0xb1231a4a2dd02f2276fa3c5e2a2f3436e6bfed23,2024-04-02,Extreme Greed,79,0.0,4,0,3749.9725,4,0,0.0,10.0,Greed,Occasional Retail
0xb1231a4a2dd02f2276fa3c5e2a2f3436e6bfed23,2024-04-03,Greed,71,0.0,2,0,4999.83,2,0,0.0,10.0,Greed,Occasional Retail
0xb1231a4a2dd02f2276fa3c5e2a2f3436e6bfed23,2024-04-05,Extreme Greed,79,965.5522159999999,8,8,3245.635,0,8,1.0,0.0,Greed,Occasional Retail
0xb1231a4a2dd02f2276fa3c5e2a2f3436e6bfed23,2024-04-12,Extreme Greed,79,-2830.444513,15,0,2021.84,15,0,0.0,10.0,Greed,Occasional Retail
0xb1231a4a2dd02f2276fa3c5e2a2f3436e6bfed23,2024-04-26,Greed,70,0.0,3,0,1662.7633333333335,0,3,0.0,0.0,Greed,Occasional Retail
0xb1231a4a2dd02f2276fa3c5e2a2f3436e6bfed23,2024-04-28,Greed,65,0.0,50,0,339.7238,0,50,0.0,0.0,Greed,Occasional Retail
0xb1231a4a2dd02f2276fa3c5e2a2f3436e6bfed23,2024-04-29,Greed,67,0.0,14,0,301.70142857142855,0,14,0.0,0.0,Greed,Occasional Retail
0xb1231a4a2dd02f2276fa3c5e2a2f3436e6bfed23,2024-05-03,Neutral,48,0.0,6,0,829.8083333333334,0,6,0.0,0.0,Neutral,Occasional Retail
0xb1231a4a2dd02f2276fa3c5e2a2f3436e6bfed23,2024-05-04,Greed,67,0.0,3,0,1666.47,0,3,0.0,0.0,Greed,Occasional Retail
0xb1231a4a2dd02f2276fa3c5e2a2f3436e6bfed23,2024-05-07,Greed,68,227.320653,7,2,1395.532857142857,2,5,0.2857142857142857,0.4,Greed,Occasional Retail
0xb1231a4a2dd02f2276fa3c5e2a2f3436e6bfed23,2024-05-09,Greed,55,0.0,3,0,1658.5133333333333,0,3,0.0,0.0,Greed,Occasional Retail
0xb1231a4a2dd02f2276fa3c5e2a2f3436e6bfed23,2024-05-12,Greed,56,0.0,13,0,782.6861538461538,7,6,0.0,1.1666666666666667,Greed,Occasional Retail
0xb1231a4a2dd02f2276fa3c5e2a2f3436e6bfed23,2024-05-13,Greed,57,0.0,3,0,1658.2700000000002,0,3,0.0,0.0,Greed,Occasional Retail
0xb1231a4a2dd02f2276fa3c5e2a2f3436e6bfed23,2024-05-16,Greed,70,0.0,3,0,1280.0233333333333,0,3,0.0,0.0,Greed,Occasional Retail
0xb1231a4a2dd02f2276fa3c5e2a2f3436e6bfed23,2024-05-20,Greed,70,-74.818442,3,0,1707.1166666666668,0,3,0.0,0.0,Greed,Occasional Retail
0xb1231a4a2dd02f2276fa3c5e2a2f3436e6bfed23,2024-05-21,Extreme Greed,76,1272.088356,72,7,8594.73125,18,54,0.09722222222222222,0.3333333333333333,Greed,Occasional Retail
0xb1231a4a2dd02f2276fa3c5e2a2f3436e6bfed23,2024-05-23,Extreme Greed,76,0.0,19,0,3896.7610526315784,3,16,0.0,0.1875,Greed,Occasional Retail
0xb1231a4a2dd02f2276fa3c5e2a2f3436e6bfed23,2024-05-24,Greed,74,821.949278,2,2,25405.949999999997,0,2,1.0,0.0,Greed,Occasional Retail
0xb1231a4a2dd02f2276fa3c5e2a2f3436e6bfed23,2024-05-25,Extreme Greed,76,0.0,2,0,12503.574999999999,2,0,0.0,10.0,Greed,Occasional Retail
0xb1231a4a2dd02f2276fa3c5e2a2f3436e6bfed23,2024-05-26,Extreme Greed,75,773.4582,9,2,5640.383333333334,0,9,0.2222222222222222,0.0,Greed,Occasional Retail
0xb1231a4a2dd02f2276fa3c5e2a2f3436e6bfed23,2024-06-07,Extreme Greed,77,0.0,14,0,77.5807142857143,14,0,0.0,10.0,Greed,Occasional Retail
0xb1231a4a2dd02f2276fa3c5e2a2f3436e6bfed23,2024-06-09,Extreme Greed,75,0.0,12,0,117.52166666666666,12,0,0.0,10.0,Greed,Occasional Retail
0xb1231a4a2dd02f2276fa3c5e2a2f3436e6bfed23,2024-06-11,Greed,74,4269.550668,75,8,1046.24,75,0,0.10666666666666667,10.0,Greed,Occasional Retail
0xb1231a4a2dd02f2276fa3c5e2a2f3436e6bfed23,2024-06-12,Greed,72,0.0,37,0,41.1072972972973,37,0,0.0,10.0,Greed,Occasional Retail
0xb1231a4a2dd02f2276fa3c5e2a2f3436e6bfed23,2024-06-13,Greed,70,6634.160155,78,19,1699.554487179487,75,3,0.24358974358974358,25.0,Greed,Occasional Retail
0xb1231a4a2dd02f2276fa3c5e2a2f3436e6bfed23,2024-06-14,Greed,74,10258.592609,15,15,2791.98,15,0,1.0,10.0,Greed,Occasional Retail
0xb1231a4a2dd02f2276fa3c5e2a2f3436e6bfed23,2024-06-15,Greed,74,1285.5244400000001,40,9,3156.3154999999997,0,40,0.225,0.0,Greed,Occasional Retail
0xb1231a4a2dd02f2276fa3c5e2a2f3436e6bfed23,2024-06-16,Greed,71,0.0,11,0,2294.0981818181817,0,11,0.0,0.0,Greed,Occasional Retail
0xb1231a4a2dd02f2276fa3c5e2a2f3436e6bfed23,2024-06-17,Greed,71,9330.743339,24,21,4828.689166666667,24,0,0.875,10.0,Greed,Occasional Retail
0xb1231a4a2dd02f2276fa3c5e2a2f3436e6bfed23,2024-06-18,Greed,74,282.57636,18,4,11128.698333333334,14,4,0.2222222222222222,3.5,Greed,Occasional Retail
0xb1231a4a2dd02f2276fa3c5e2a2f3436e6bfed23,2024-06-19,Greed,64,2833.6833,41,14,4971.736829268292,0,41,0.34146341463414637,0.0,Greed,Occasional Retail
0xb1231a4a2dd02f2276fa3c5e2a2f3436e6bfed23,2024-06-20,Greed,60,0.0,27,0,314.2848148148148,0,27,0.0,0.0,Greed,Occasional Retail
0xb1231a4a2dd02f2276fa3c5e2a2f3436e6bfed23,2024-06-21,Greed,63,0.0,69,0,1478.9595652173912,57,12,0.0,4.75,Greed,Occasional Retail
0xb1231a4a2dd02f2276fa3c5e2a2f3436e6bfed23,2024-06-22,Neutral,53,756.876565,21,8,7218.764761904762,1,20,0.38095238095238093,0.05,Neutral,Occasional Retail
0xb1231a4a2dd02f2276fa3c5e2a2f3436e6bfed23,2024-06-23,Greed,55,0.0,5,0,358.424,0,5,0.0,0.0,Greed,Occasional Retail
0xb1231a4a2dd02f2276fa3c5e2a2f3436e6bfed23,2024-06-24,Neutral,51,0.0,10,0,15099.543,4,6,0.0,0.6666666666666666,Neutral,Occasional Retail
0xb1231a4a2dd02f2276fa3c5e2a2f3436e6bfed23,2024-06-25,Fear,30,4869.353105,49,11,2104.062857142857,11,38,0.22448979591836735,0.2894736842105263,Fear,Occasional Retail
0xb1231a4a2dd02f2276fa3c5e2a2f3436e6bfed23,2024-06-26,Neutral,46,0.0,41,0,24.288292682926826,41,0,0.0,10.0,Neutral,Occasional Retail
0xb1231a4a2dd02f2276fa3c5e2a2f3436e6bfed23,2024-06-27,Fear,40,0.0,18,0,583.1594444444444,12,6,0.0,2.0,Fear,Occasional Retail
0xb1231a4a2dd02f2276fa3c5e2a2f3436e6bfed23,2024-06-29,Fear,30,4307.587820000001,58,11,975.2437931034483,19,39,0.1896551724137931,0.48717948717948717,Fear,Occasional Retail
0xb1231a4a2dd02f2276fa3c5e2a2f3436e6bfed23,2024-06-30,Neutral,47,0.0,11,0,47.401818181818186,2,9,0.0,0.2222222222222222,Neutral,Occasional Retail
0xb1231a4a2dd02f2276fa3c5e2a2f3436e6bfed23,2024-07-01,Neutral,53,3863.351096,51,17,5205.286274509804,4,47,0.3333333333333333,0.0851063829787234,Neutral,Occasional Retail
0xb1231a4a2dd02f2276fa3c5e2a2f3436e6bfed23,2024-07-02,Neutral,51,2421.253116,18,13,1852.6372222222224,13,5,0.7222222222222222,2.6,Neutral,Occasional Retail
0xb1231a4a2dd02f2276fa3c5e2a2f3436e6bfed23,2024-07-03,Neutral,50,0.0,8,0,9465.0725,8,0,0.0,10.0,Neutral,Occasional Retail
0xb1231a4a2dd02f2276fa3c5e2a2f3436e6bfed23,2024-07-04,Fear,44,0.0,11,0,15958.708181818183,11,0,0.0,10.0,Fear,Occasional Retail
0xb1231a4a2dd02f2276fa3c5e2a2f3436e6bfed23,2024-07-05,Fear,29,0.0,12,0,165.92916666666667,12,0,0.0,10.0,Fear,Occasional Retail
0xb1231a4a2dd02f2276fa3c5e2a2f3436e6bfed23,2024-07-06,Fear,26,108.87217799999999,24,7,103.75708333333334,17,7,0.2916666666666667,2.4285714285714284,Fear,Occasional Retail
0xb1231a4a2dd02f2276fa3c5e2a2f3436e6bfed23,2024-07-07,Fear,29,61.428942,10,10,49.875,0,10,1.0,0.0,Fear,Occasional Retail
0xb1231a4a2dd02f2276fa3c5e2a2f3436e6bfed23,2024-07-08,Fear,28,0.0,1,0,497.64,1,0,0.0,10.0,Fear,Occasional Retail
0xb1231a4a2dd02f2276fa3c5e2a2f3436e6bfed23,2024-07-09,Fear,27,648.984412,15,15,182.42999999999998,0,15,1.0,0.0,Fear,Occasional Retail
0xb1231a4a2dd02f2276fa3c5e2a2f3436e6bfed23,2024-07-10,Fear,28,382.10788099999996,13,5,1229.4692307692308,0,13,0.38461538461538464,0.0,Fear,Occasional Retail
0xb1231a4a2dd02f2276fa3c5e2a2f3436e6bfed23,2024-07-12,Fear,25,1412.314654,9,9,1508.48,9,0,1.0,10.0,Fear,Occasional Retail
0xb1231a4a2dd02f2276fa3c5e2a2f3436e6bfed23,2024-07-13,Fear,25,234.778463,4,4,124.795,0,4,1.0,0.0,Fear,Occasional Retail
0xb1231a4a2dd02f2276fa3c5e2a2f3436e6bfed23,2024-07-17,Greed,69,0.0,7,0,1427.2385714285715,0,7,0.0,0.0,Greed,Occasional Retail
0xb1231a4a2dd02f2276fa3c5e2a2f3436e6bfed23,2024-07-24,Greed,69,0.0,35,0,170.22400000000002,33,2,0.0,16.5,Greed,Occasional Retail
0xb1231a4a2dd02f2276fa3c5e2a2f3436e6bfed23,2024-07-25,Greed,68,916.7382600000001,12,10,764.4941666666667,12,0,0.8333333333333334,10.0,Greed,Occasional Retail
0xb1231a4a2dd02f2276fa3c5e2a2f3436e6bfed23,2024-07-26,Greed,68,2425.262989,30,29,8415.887666666667,1,29,0.9666666666666667,0.034482758620689655,Greed,Occasional Retail
0xb1231a4a2dd02f2276fa3c5e2a2f3436e6bfed23,2024-07-29,Greed,74,112.946925,24,11,12510.05625,13,11,0.4583333333333333,1.1818181818181819,Greed,Occasional Retail
0xb1231a4a2dd02f2276fa3c5e2a2f3436e6bfed23,2024-08-01,Neutral,52,0.0,9,0,3896.047777777778,9,0,0.0,10.0,Neutral,Occasional Retail
0xb1231a4a2dd02f2276fa3c5e2a2f3436e6bfed23,2024-08-02,Greed,57,554.12049,12,5,5882.177500000001,7,5,0.4166666666666667,1.4,Greed,Occasional Retail
0xb1231a4a2dd02f2276fa3c5e2a2f3436e6bfed23,2024-08-03,Fear,37,0.0,6,0,4168.69,6,0,0.0,10.0,Fear,Occasional Retail
0xb1231a4a2dd02f2276fa3c5e2a2f3436e6bfed23,2024-08-04,Fear,34,0.0,27,0,5002.563703703704,26,1,0.0,26.0,Fear,Occasional Retail
0xb1231a4a2dd02f2276fa3c5e2a2f3436e6bfed23,2024-08-05,Fear,26,-8394.889856,44,26,3331.070909090909,14,30,0.5909090909090909,0.4666666666666667,Fear,Occasional Retail
0xb1231a4a2dd02f2276fa3c5e2a2f3436e6bfed23,2024-08-06,Extreme Fear,17,51.56325,80,5,758.8422499999999,75,5,0.0625,15.0,Fear,Occasional Retail
0xb1231a4a2dd02f2276fa3c5e2a2f3436e6bfed23,2024-08-07,Fear,29,188.789255,21,10,94.89190476190477,11,10,0.47619047619047616,1.1,Fear,Occasional Retail
0xb1231a4a2dd02f2276fa3c5e2a2f3436e6bfed23,2024-08-08,Extreme Fear,20,0.0,5,0,3168.014,5,0,0.0,10.0,Fear,Occasional Retail
0xb1231a4a2dd02f2276fa3c5e2a2f3436e6bfed23,2024-08-09,Neutral,48,6783.078347,60,17,5447.171666666666,31,29,0.2833333333333333,1.0689655172413792,Neutral,Occasional Retail
0xb1231a4a2dd02f2276fa3c5e2a2f3436e6bfed23,2024-08-10,Fear,40,0.0,87,0,130.32885057471265,87,0,0.0,10.0,Fear,Occasional Retail
0xb1231a4a2dd02f2276fa3c5e2a2f3436e6bfed23,2024-08-11,Fear,39,0.0,16,0,211.8975,16,0,0.0,10.0,Fear,Occasional Retail
0xb1231a4a2dd02f2276fa3c5e2a2f3436e6bfed23,2024-08-12,Fear,25,0.0,31,0,323.4293548387097,23,8,0.0,2.875,Fear,Occasional Retail
0xb1231a4a2dd02f2276fa3c5e2a2f3436e6bfed23,2024-08-13,Fear,31,212.08102,17,8,488.06470588235294,16,1,0.47058823529411764,16.0,Fear,Occasional Retail
0xb1231a4a2dd02f2276fa3c5e2a2f3436e6bfed23,2024-08-14,Fear,30,0.0,15,0,136.21066666666667,15,0,0.0,10.0,Fear,Occasional Retail
0xb1231a4a2dd02f2276fa3c5e2a2f3436e6bfed23,2024-08-15,Fear,29,0.0,12,0,126.86416666666668,12,0,0.0,10.0,Fear,Occasional Retail
0xb1231a4a2dd02f2276fa3c5e2a2f3436e6bfed23,2024-08-16,Fear,27,825.230544,33,3,4663.112424242424,30,3,0.09090909090909091,10.0,Fear,Occasional Retail
0xb1231a4a2dd02f2276fa3c5e2a2f3436e6bfed23,2024-08-19,Fear,28,339.69958299999996,8,5,12539.37875,3,5,0.625,0.6,Fear,Occasional Retail
0xb1231a4a2dd02f2276fa3c5e2a2f3436e6bfed23,2024-08-24,Greed,56,0.0,5,0,3999.9199999999996,0,5,0.0,0.0,Greed,Occasional Retail
0xb1231a4a2dd02f2276fa3c5e2a2f3436e6bfed23,2024-08-25,Neutral,54,0.0,13,0,534.9192307692308,8,5,0.0,1.6,Neutral,Occasional Retail
0xb1231a4a2dd02f2276fa3c5e2a2f3436e6bfed23,2024-08-26,Greed,55,0.0,1,0,347.75,1,0,0.0,10.0,Greed,Occasional Retail
0xb1231a4a2dd02f2276fa3c5e2a2f3436e6bfed23,2024-08-27,Neutral,48,0.0,43,0,121.97604651162791,42,1,0.0,42.0,Neutral,Occasional Retail
0xb1231a4a2dd02f2276fa3c5e2a2f3436e6bfed23,2024-08-28,Fear,30,1333.359645,2,2,11832.755000000001,2,0,1.0,10.0,Fear,Occasional Retail
0xb1231a4a2dd02f2276fa3c5e2a2f3436e6bfed23,2024-08-29,Fear,29,0.0,1,0,9995.85,0,1,0.0,0.0,Fear,Occasional Retail
0xb1231a4a2dd02f2276fa3c5e2a2f3436e6bfed23,2024-08-30,Fear,34,256.464,1,1,9739.38,1,0,1.0,10.0,Fear,Occasional Retail
0xb1231a4a2dd02f2276fa3c5e2a2f3436e6bfed23,2024-08-31,Fear,29,0.0,9,0,11111.126666666667,4,5,0.0,0.8,Fear,Occasional Retail
0xb1231a4a2dd02f2276fa3c5e2a2f3436e6bfed23,2024-09-04,Fear,27,1065.785132,33,5,2923.5148484848487,30,3,0.15151515151515152,10.0,Fear,Occasional Retail
0xb1231a4a2dd02f2276fa3c5e2a2f3436e6bfed23,2024-09-06,Extreme Fear,22,-1104.856765,38,0,106.74815789473683,0,38,0.0,0.0,Fear,Occasional Retail
0xb1231a4a2dd02f2276fa3c5e2a2f3436e6bfed23,2024-09-09,Fear,26,0.0,2,0,2007.2150000000001,2,0,0.0,10.0,Fear,Occasional Retail
0xb1231a4a2dd02f2276fa3c5e2a2f3436e6bfed23,2024-09-10,Fear,33,0.0,1,0,766.74,1,0,0.0,10.0,Fear,Occasional Retail
0xb1231a4a2dd02f2276fa3c5e2a2f3436e6bfed23,2024-09-14,Neutral,50,0.0,10,0,101.415,10,0,0.0,10.0,Neutral,Occasional Retail
0xb1231a4a2dd02f2276fa3c5e2a2f3436e6bfed23,2024-09-18,Neutral,45,-878.684794,145,0,94.02413793103449,11,134,0.0,0.08208955223880597,Neutral,Occasional Retail
0xb1231a4a2dd02f2276fa3c5e2a2f3436e6bfed23,2024-09-19,Neutral,49,0.0,19,0,80.09842105263158,19,0,0.0,10.0,Neutral,Occasional Retail
0xb1231a4a2dd02f2276fa3c5e2a2f3436e6bfed23,2024-09-24,Neutral,54,0.0,9,0,111.67333333333335,9,0,0.0,10.0,Neutral,Occasional Retail
0xb1231a4a2dd02f2276fa3c5e2a2f3436e6bfed23,2024-10-04,Fear,41,0.0,1,0,0.34,0,1,0.0,0.0,Fear,Occasional Retail
0xb1231a4a2dd02f2276fa3c5e2a2f3436e6bfed23,2024-10-08,Neutral,49,0.0,1,0,0.58,0,1,0.0,0.0,Neutral,Occasional Retail
0xb1231a4a2dd02f2276fa3c5e2a2f3436e6bfed23,2024-12-04,Extreme Greed,78,274999.139393,44,44,6249.985227272727,0,44,1.0,0.0,Greed,Occasional Retail
0xb1231a4a2dd02f2276fa3c5e2a2f3436e6bfed23,2024-12-05,Extreme Greed,84,49999.876084999996,4,4,12499.98,0,4,1.0,0.0,Greed,Occasional Retail
0xb1231a4a2dd02f2276fa3c5e2a2f3436e6bfed23,2024-12-06,Greed,72,74999.848329,25,25,2999.9956,0,25,1.0,0.0,Greed,Occasional Retail
0xb1231a4a2dd02f2276fa3c5e2a2f3436e6bfed23,2024-12-07,Extreme Greed,75,74999.62263,5,3,15999.469999999998,0,5,0.6,0.0,Greed,Occasional Retail
0xb1231a4a2dd02f2276fa3c5e2a2f3436e6bfed23,2024-12-08,Extreme Greed,79,0.0,145,0,3572.0706206896552,0,145,0.0,0.0,Greed,Occasional Retail
0xb1231a4a2dd02f2276fa3c5e2a2f3436e6bfed23,2024-12-11,Greed,74,274998.942584,156,156,1762.8148717948718,0,156,1.0,0.0,Greed,Occasional Retail
0xb1231a4a2dd02f2276fa3c5e2a2f3436e6bfed23,2024-12-12,Extreme Greed,83,449328.107544,314,314,1430.9824522292993,0,314,1.0,0.0,Greed,Occasional Retail
0xb1231a4a2dd02f2276fa3c5e2a2f3436e6bfed23,2024-12-14,Extreme Greed,83,100273.248286,50,50,2005.4666,0,50,1.0,0.0,Greed,Occasional Retail
0xb1231a4a2dd02f2276fa3c5e2a2f3436e6bfed23,2024-12-15,Extreme Greed,80,49955.768945,26,26,1921.375769230769,0,26,1.0,0.0,Greed,Occasional Retail
0xb1231a4a2dd02f2276fa3c5e2a2f3436e6bfed23,2024-12-17,Extreme Greed,87,50346.757308,38,30,2640.7076315789473,0,38,0.7894736842105263,0.0,Greed,Occasional Retail
0xb1231a4a2dd02f2276fa3c5e2a2f3436e6bfed23,2024-12-18,Extreme Greed,81,2222.47801,18,18,2654.303888888889,18,0,1.0,10.0,Greed,Occasional Retail
0xb1231a4a2dd02f2276fa3c5e2a2f3436e6bfed23,2024-12-20,Greed,74,0.0,43,0,2321.7200000000003,0,43,0.0,0.0,Greed,Occasional Retail
0xb1231a4a2dd02f2276fa3c5e2a2f3436e6bfed23,2024-12-21,Greed,73,0.0,62,0,1608.8398387096772,0,62,0.0,0.0,Greed,Occasional Retail
0xb1231a4a2dd02f2276fa3c5e2a2f3436e6bfed23,2024-12-23,Greed,70,20549.813184,63,44,3635.03126984127,44,19,0.6984126984126984,2.3157894736842106,Greed,Occasional Retail
0xb1231a4a2dd02f2276fa3c5e2a2f3436e6bfed23,2024-12-24,Greed,73,0.0,7,0,10714.267142857143,0,7,0.0,0.0,Greed,Occasional Retail
0xb1231a4a2dd02f2276fa3c5e2a2f3436e6bfed23,2024-12-26,Extreme Greed,79,10371.049075,61,61,1878.7534426229506,61,0,1.0,10.0,Greed,Occasional Retail
0xb1231a4a2dd02f2276fa3c5e2a2f3436e6bfed23,2024-12-30,Greed,65,0.0,25,0,3301.7203999999997,0,25,0.0,0.0,Greed,Occasional Retail
0xb1231a4a2dd02f2276fa3c5e2a2f3436e6bfed23,2025-01-02,Greed,70,0.0,6,0,1666.6133333333335,6,0,0.0,10.0,Greed,Occasional Retail
0xb1231a4a2dd02f2276fa3c5e2a2f3436e6bfed23,2025-01-03,Greed,74,0.0,18,0,557.795,18,0,0.0,10.0,Greed,Occasional Retail
0xb1231a4a2dd02f2276fa3c5e2a2f3436e6bfed23,2025-01-04,Greed,73,1659.7995640000001,19,13,1695.0778947368422,6,13,0.6842105263157895,0.46153846153846156,Greed,Occasional Retail
0xb1231a4a2dd02f2276fa3c5e2a2f3436e6bfed23,2025-01-05,Greed,72,956.5545050000001,33,32,332.21393939393937,0,33,0.9696969696969697,0.0,Greed,Occasional Retail
0xb1231a4a2dd02f2276fa3c5e2a2f3436e6bfed23,2025-01-06,Extreme Greed,76,281.45074800000003,85,28,237.78799999999998,57,28,0.32941176470588235,2.0357142857142856,Greed,Occasional Retail
0xb1231a4a2dd02f2276fa3c5e2a2f3436e6bfed23,2025-01-08,Greed,70,0.0,16,0,944.90625,16,0,0.0,10.0,Greed,Occasional Retail
0xb1231a4a2dd02f2276fa3c5e2a2f3436e6bfed23,2025-01-15,Greed,70,5383.278555,11,11,491.1363636363636,0,11,1.0,0.0,Greed,Occasional Retail
0xb1231a4a2dd02f2276fa3c5e2a2f3436e6bfed23,2025-01-16,Extreme Greed,75,897.284184,23,11,1393.2204347826087,11,12,0.4782608695652174,0.9166666666666666,Greed,Occasional Retail
0xb1231a4a2dd02f2276fa3c5e2a2f3436e6bfed23,2025-01-18,Extreme Greed,77,7393.785411,101,39,1905.1814851485146,39,62,0.38613861386138615,0.6290322580645161,Greed,Occasional Retail
0xb1231a4a2dd02f2276fa3c5e2a2f3436e6bfed23,2025-01-19,Extreme Greed,77,3867.854339,3,3,6311.63,0,3,1.0,0.0,Greed,Occasional Retail
0xb1231a4a2dd02f2276fa3c5e2a2f3436e6bfed23,2025-01-20,Extreme Greed,76,0.0,23,0,1310.68,23,0,0.0,10.0,Greed,Occasional Retail
0xb1231a4a2dd02f2276fa3c5e2a2f3436e6bfed23,2025-01-21,Extreme Greed,76,2997.363771,52,22,1598.0225,0,52,0.4230769230769231,0.0,Greed,Occasional Retail
0xb1231a4a2dd02f2276fa3c5e2a2f3436e6bfed23,2025-01-22,Extreme Greed,84,0.0,111,0,1799.2789189189189,0,111,0.0,0.0,Greed,Occasional Retail
0xb1231a4a2dd02f2276fa3c5e2a2f3436e6bfed23,2025-01-23,Extreme Greed,75,25224.994585,90,90,2493.861,90,0,1.0,10.0,Greed,Occasional Retail
0xb1231a4a2dd02f2276fa3c5e2a2f3436e6bfed23,2025-01-25,Extreme Greed,75,0.0,15,0,1004.8726666666666,15,0,0.0,10.0,Greed,Occasional Retail
0xb1231a4a2dd02f2276fa3c5e2a2f3436e6bfed23,2025-01-27,Greed,71,0.0,13,0,3464.2846153846153,13,0,0.0,10.0,Greed,Occasional Retail
0xb1231a4a2dd02f2276fa3c5e2a2f3436e6bfed23,2025-01-29,Greed,72,0.0,40,0,305.256,40,0,0.0,10.0,Greed,Occasional Retail
0xb1231a4a2dd02f2276fa3c5e2a2f3436e6bfed23,2025-01-30,Greed,70,2503.8204370000003,336,3,1614.6436011904761,0,336,0.008928571428571428,0.0,Greed,Occasional Retail
0xb1231a4a2dd02f2276fa3c5e2a2f3436e6bfed23,2025-01-31,Extreme Greed,76,0.0,58,0,1723.3093103448277,0,58,0.0,0.0,Greed,Occasional Retail
0xb1231a4a2dd02f2276fa3c5e2a2f3436e6bfed23,2025-02-01,Greed,68,15452.344326,11,3,1400.39,11,0,0.2727272727272727,10.0,Greed,Occasional Retail
0xb1231a4a2dd02f2276fa3c5e2a2f3436e6bfed23,2025-02-02,Greed,60,69051.70619,88,71,6537.665,88,0,0.8068181818181818,10.0,Greed,Occasional Retail
0xb1231a4a2dd02f2276fa3c5e2a2f3436e6bfed23,2025-02-03,Fear,44,46742.288748,258,89,1333.0556976744185,127,131,0.3449612403100775,0.9694656488549618,Fear,Occasional Retail
0xb1231a4a2dd02f2276fa3c5e2a2f3436e6bfed23,2025-02-04,Greed,72,16102.444634,661,238,2456.432904689864,258,403,0.3600605143721634,0.6401985111662531,Greed,Occasional Retail
0xb1231a4a2dd02f2276fa3c5e2a2f3436e6bfed23,2025-02-05,Neutral,54,14644.100674,218,92,2359.758899082569,92,126,0.42201834862385323,0.7301587301587301,Neutral,Occasional Retail
0xb1231a4a2dd02f2276fa3c5e2a2f3436e6bfed23,2025-02-06,Neutral,49,51100.947505,419,355,1617.0732696897373,355,64,0.847255369928401,5.546875,Neutral,Occasional Retail
0xb1231a4a2dd02f2276fa3c5e2a2f3436e6bfed23,2025-02-07,Fear,44,1831.9529619999998,143,48,1073.4656643356643,105,38,0.3356643356643357,2.763157894736842,Fear,Occasional Retail
0xb1231a4a2dd02f2276fa3c5e2a2f3436e6bfed23,2025-02-09,Neutral,46,115791.92916,67,12,2647.2844776119405,34,33,0.1791044776119403,1.0303030303030303,Neutral,Occasional Retail
0xb1231a4a2dd02f2276fa3c5e2a2f3436e6bfed23,2025-02-10,Fear,43,0.0,17,0,1960.124705882353,0,17,0.0,0.0,Fear,Occasional Retail
0xb1231a4a2dd02f2276fa3c5e2a2f3436e6bfed23,2025-02-11,Neutral,47,0.0,121,0,2285.4152892561983,0,121,0.0,0.0,Neutral,Occasional Retail
0xb1231a4a2dd02f2276fa3c5e2a2f3436e6bfed23,2025-02-12,Neutral,46,8664.933786,243,76,1698.3335802469135,102,141,0.31275720164609055,0.723404255319149,Neutral,Occasional Retail
0xb1231a4a2dd02f2276fa3c5e2a2f3436e6bfed23,2025-02-13,Neutral,50,0.0,168,0,1735.2890476190476,0,168,0.0,0.0,Neutral,Occasional Retail
0xb1231a4a2dd02f2276fa3c5e2a2f3436e6bfed23,2025-02-14,Neutral,48,0.0,165,0,1615.370303030303,0,165,0.0,0.0,Neutral,Occasional Retail
0xb1231a4a2dd02f2276fa3c5e2a2f3436e6bfed23,2025-02-18,Neutral,47,73677.453556,264,264,2654.748446969697,264,0,1.0,10.0,Neutral,Occasional Retail
0xb1231a4a2dd02f2276fa3c5e2a2f3436e6bfed23,2025-02-19,Fear,44,3350.218775,85,26,2310.5601176470586,26,59,0.3058823529411765,0.4406779661016949,Fear,Occasional Retail
0xb1231a4a2dd02f2276fa3c5e2a2f3436e6bfed23,2025-02-20,Neutral,49,0.0,279,0,1452.1574910394265,39,240,0.0,0.1625,Neutral,Occasional Retail
0xb1231a4a2dd02f2276fa3c5e2a2f3436e6bfed23,2025-02-21,Greed,55,3056.449155,58,31,4768.487241379311,31,27,0.5344827586206896,1.1481481481481481,Greed,Occasional Retail
0xb1231a4a2dd02f2276fa3c5e2a2f3436e6bfed23,2025-02-22,Neutral,49,5628.488702,127,93,1574.8144094488189,93,34,0.7322834645669292,2.735294117647059,Neutral,Occasional Retail
0xb1231a4a2dd02f2276fa3c5e2a2f3436e6bfed23,2025-02-23,Neutral,50,8934.09502,88,88,2278.3786363636364,88,0,1.0,10.0,Neutral,Occasional Retail
0xb1231a4a2dd02f2276fa3c5e2a2f3436e6bfed23,2025-02-24,Neutral,49,10841.97075,208,126,1111.8584134615385,208,0,0.6057692307692307,10.0,Neutral,Occasional Retail
0xb1231a4a2dd02f2276fa3c5e2a2f3436e6bfed23,2025-02-25,Fear,25,0.0,71,0,1418.0078873239436,71,0,0.0,10.0,Fear,Occasional Retail
0xb1231a4a2dd02f2276fa3c5e2a2f3436e6bfed23,2025-02-26,Extreme Fear,21,0.0,26,0,66.875,26,0,0.0,10.0,Fear,Occasional Retail
0xb1231a4a2dd02f2276fa3c5e2a2f3436e6bfed23,2025-02-27,Extreme Fear,10,0.0,10,0,1508.357,10,0,0.0,10.0,Fear,Occasional Retail
0xb1231a4a2dd02f2276fa3c5e2a2f3436e6bfed23,2025-03-04,Extreme Fear,15,0.0,77,0,1769.9948051948052,77,0,0.0,10.0,Fear,Occasional Retail
0xb1231a4a2dd02f2276fa3c5e2a2f3436e6bfed23,2025-03-05,Extreme Fear,20,4647.056049,89,57,2021.519213483146,32,57,0.6404494382022472,0.5614035087719298,Fear,Occasional Retail
0xb1231a4a2dd02f2276fa3c5e2a2f3436e6bfed23,2025-03-06,Fear,25,698.036952,66,29,1905.741818181818,37,29,0.4393939393939394,1.2758620689655173,Fear,Occasional Retail
0xb1231a4a2dd02f2276fa3c5e2a2f3436e6bfed23,2025-03-07,Fear,34,0.0,49,0,2891.8463265306123,49,0,0.0,10.0,Fear,Occasional Retail
0xb1231a4a2dd02f2276fa3c5e2a2f3436e6bfed23,2025-03-08,Fear,28,2923.553302,138,117,1772.4605797101449,21,117,0.8478260869565217,0.1794871794871795,Fear,Occasional Retail
0xb1231a4a2dd02f2276fa3c5e2a2f3436e6bfed23,2025-03-09,Fear,27,2752.480766,296,90,1777.5894594594595,206,90,0.30405405405405406,2.2888888888888888,Fear,Occasional Retail
0xb1231a4a2dd02f2276fa3c5e2a2f3436e6bfed23,2025-03-10,Extreme Fear,20,0.0,61,0,2392.7903278688523,61,0,0.0,10.0,Fear,Occasional Retail
0xb1231a4a2dd02f2276fa3c5e2a2f3436e6bfed23,2025-03-11,Extreme Fear,24,2349.7162,273,130,1993.2828205128203,13,260,0.47619047619047616,0.05,Fear,Occasional Retail
0xb1231a4a2dd02f2276fa3c5e2a2f3436e6bfed23,2025-03-12,Fear,34,1215.156099,334,34,1351.2349101796408,300,34,0.10179640718562874,8.823529411764707,Fear,Occasional Retail
0xb1231a4a2dd02f2276fa3c5e2a2f3436e6bfed23,2025-03-13,Neutral,45,0.0,42,0,1190.9719047619049,42,0,0.0,10.0,Neutral,Occasional Retail
0xb1231a4a2dd02f2276fa3c5e2a2f3436e6bfed23,2025-03-14,Fear,27,22911.093812,323,323,1309.496439628483,0,323,1.0,0.0,Fear,Occasional Retail
0xb1231a4a2dd02f2276fa3c5e2a2f3436e6bfed23,2025-03-17,Fear,32,646.346496,113,30,718.1312389380531,83,30,0.26548672566371684,2.7666666666666666,Fear,Occasional Retail
0xb1231a4a2dd02f2276fa3c5e2a2f3436e6bfed23,2025-03-20,Neutral,49,824.5402799999999,30,10,1638.5426666666667,10,20,0.3333333333333333,0.5,Neutral,Occasional Retail
0xb1231a4a2dd02f2276fa3c5e2a2f3436e6bfed23,2025-03-24,Neutral,45,0.0,57,0,1314.4001754385965,0,57,0.0,0.0,Neutral,Occasional Retail
0xb1231a4a2dd02f2276fa3c5e2a2f3436e6bfed23,2025-03-26,Neutral,47,2597.947325,38,38,1903.2236842105262,38,0,1.0,10.0,Neutral,Occasional Retail
0xb1231a4a2dd02f2276fa3c5e2a2f3436e6bfed23,2025-04-03,Fear,25,0.0,9,0,5555.549999999999,9,0,0.0,10.0,Fear,Occasional Retail
0xb1231a4a2dd02f2276fa3c5e2a2f3436e6bfed23,2025-04-04,Fear,28,2242.086667,99,65,1138.8816161616162,34,65,0.6565656565656566,0.5230769230769231,Fear,Occasional Retail
0xb1231a4a2dd02f2276fa3c5e2a2f3436e6bfed23,2025-04-07,Extreme Fear,23,3601.4274,80,38,1713.7372500000001,42,38,0.475,1.105263157894737,Fear,Occasional Retail
0xb1231a4a2dd02f2276fa3c5e2a2f3436e6bfed23,2025-04-11,Fear,25,0.0,20,0,1665.941,0,20,0.0,0.0,Fear,Occasional Retail
0xb1231a4a2dd02f2276fa3c5e2a2f3436e6bfed23,2025-04-12,Fear,43,0.0,17,0,3918.2294117647057,0,17,0.0,0.0,Fear,Occasional Retail
0xb1231a4a2dd02f2276fa3c5e2a2f3436e6bfed23,2025-04-13,Neutral,45,0.0,30,0,1111.095,0,30,0.0,0.0,Neutral,Occasional Retail
0xb1231a4a2dd02f2276fa3c5e2a2f3436e6bfed23,2025-04-15,Fear,38,0.0,50,0,1466.164,0,50,0.0,0.0,Fear,Occasional Retail
0xb1231a4a2dd02f2276fa3c5e2a2f3436e6bfed23,2025-04-17,Fear,30,0.0,105,0,1174.1429523809522,0,105,0.0,0.0,Fear,Occasional Retail
0xb1231a4a2dd02f2276fa3c5e2a2f3436e6bfed23,2025-04-18,Fear,33,0.0,50,0,1165.7812,0,50,0.0,0.0,Fear,Occasional Retail
0xb1231a4a2dd02f2276fa3c5e2a2f3436e6bfed23,2025-04-19,Fear,32,0.0,98,0,1444.9214285714284,0,98,0.0,0.0,Fear,Occasional Retail
0xb1231a4a2dd02f2276fa3c5e2a2f3436e6bfed23,2025-04-20,Fear,37,0.0,73,0,1140.8187671232877,0,73,0.0,0.0,Fear,Occasional Retail
0xb1231a4a2dd02f2276fa3c5e2a2f3436e6bfed23,2025-04-22,Neutral,47,0.0,73,0,1461.1758904109588,0,73,0.0,0.0,Neutral,Occasional Retail
0xb1231a4a2dd02f2276fa3c5e2a2f3436e6bfed23,2025-04-23,Greed,72,0.0,6,0,9722.050000000001,0,6,0.0,0.0,Greed,Occasional Retail
0xb1231a4a2dd02f2276fa3c5e2a2f3436e6bfed23,2025-05-01,Neutral,53,102460.17164,73,57,3462.1106849315065,57,16,0.7808219178082192,3.5625,Neutral,Occasional Retail
0xb899e522b5715391ae1d4f137653e7906c5e2115,2025-02-28,Extreme Fear,16,-72.202951,7,0,735.4342857142857,2,5,0.0,0.4,Fear,Whale
0xb899e522b5715391ae1d4f137653e7906c5e2115,2025-03-02,Fear,26,34795.678173,155,75,24787.07348387097,80,75,0.4838709677419355,1.0666666666666667,Fear,Whale
0xb899e522b5715391ae1d4f137653e7906c5e2115,2025-03-03,Fear,33,535.4072209999999,31,14,16874.44419354839,17,14,0.45161290322580644,1.2142857142857142,Fear,Whale
0xb899e522b5715391ae1d4f137653e7906c5e2115,2025-03-04,Extreme Fear,15,4578.655427,124,63,17691.147903225807,51,73,0.5080645161290323,0.6986301369863014,Fear,Whale
0xb899e522b5715391ae1d4f137653e7906c5e2115,2025-03-05,Extreme Fear,20,2036.224492,100,38,17587.334199999998,62,38,0.38,1.631578947368421,Fear,Whale
0xb899e522b5715391ae1d4f137653e7906c5e2115,2025-03-06,Fear,25,5348.989502,375,228,13031.173493333332,156,219,0.608,0.7123287671232876,Fear,Whale
0xb899e522b5715391ae1d4f137653e7906c5e2115,2025-03-07,Fear,34,5348.62711,659,303,19006.84864946889,298,361,0.4597875569044006,0.8254847645429363,Fear,Whale
0xb899e522b5715391ae1d4f137653e7906c5e2115,2025-03-09,Fear,27,10760.578324,630,384,13882.096698412699,379,251,0.6095238095238096,1.5099601593625498,Fear,Whale
0xb899e522b5715391ae1d4f137653e7906c5e2115,2025-03-10,Extreme Fear,20,9163.142483,358,120,21399.0256424581,238,120,0.33519553072625696,1.9833333333333334,Fear,Whale
0xb899e522b5715391ae1d4f137653e7906c5e2115,2025-03-11,Extreme Fear,24,-57956.282957999996,466,89,15135.68212446352,166,300,0.19098712446351931,0.5533333333333333,Fear,Whale
0xb899e522b5715391ae1d4f137653e7906c5e2115,2025-03-12,Fear,34,4544.583988,251,146,28258.839880478085,146,105,0.5816733067729084,1.3904761904761904,Fear,Whale
0xb899e522b5715391ae1d4f137653e7906c5e2115,2025-03-13,Neutral,45,3896.9493979999997,41,23,27309.887804878046,23,18,0.5609756097560976,1.2777777777777777,Neutral,Whale
0xb899e522b5715391ae1d4f137653e7906c5e2115,2025-03-14,Fear,27,1188.74187,82,46,40522.281463414634,46,36,0.5609756097560976,1.2777777777777777,Fear,Whale
0xb899e522b5715391ae1d4f137653e7906c5e2115,2025-03-15,Neutral,46,594.5722,65,37,29067.860615384616,37,28,0.5692307692307692,1.3214285714285714,Neutral,Whale
0xb899e522b5715391ae1d4f137653e7906c5e2115,2025-03-16,Fear,30,-16453.702941,246,52,37204.39219512195,101,145,0.21138211382113822,0.696551724137931,Fear,Whale
0xb899e522b5715391ae1d4f137653e7906c5e2115,2025-03-17,Fear,32,812.52566,51,37,31991.233333333337,37,14,0.7254901960784313,2.642857142857143,Fear,Whale
0xb899e522b5715391ae1d4f137653e7906c5e2115,2025-03-18,Fear,34,1157.213435,32,11,49549.2075,11,21,0.34375,0.5238095238095238,Fear,Whale
0xb899e522b5715391ae1d4f137653e7906c5e2115,2025-03-20,Neutral,49,38.9845,2,1,2217.9049999999997,1,1,0.5,1.0,Neutral,Whale
0xb899e522b5715391ae1d4f137653e7906c5e2115,2025-03-21,Fear,31,829.63013,28,14,55552.7575,14,14,0.5,1.0,Fear,Whale
0xb899e522b5715391ae1d4f137653e7906c5e2115,2025-03-23,Fear,30,907.21938,20,6,81858.2115,6,14,0.3,0.42857142857142855,Fear,Whale
0xb899e522b5715391ae1d4f137653e7906c5e2115,2025-03-25,Neutral,46,-836.051084,95,22,35299.146315789476,47,48,0.23157894736842105,0.9791666666666666,Neutral,Whale
0xb899e522b5715391ae1d4f137653e7906c5e2115,2025-03-26,Neutral,47,-774.039828,91,0,10956.067912087912,34,57,0.0,0.5964912280701754,Neutral,Whale
0xb899e522b5715391ae1d4f137653e7906c5e2115,2025-03-30,Fear,32,685.277142,48,24,27852.182083333333,24,24,0.5,1.0,Fear,Whale
0xb899e522b5715391ae1d4f137653e7906c5e2115,2025-04-03,Fear,25,361.071464,24,7,28371.712916666667,12,12,0.2916666666666667,1.0,Fear,Whale
0xb899e522b5715391ae1d4f137653e7906c5e2115,2025-04-04,Fear,28,0.0,6,0,16948.606666666667,6,0,0.0,10.0,Fear,Whale
0xb899e522b5715391ae1d4f137653e7906c5e2115,2025-04-05,Fear,30,611.49348,5,5,20460.626,0,5,1.0,0.0,Fear,Whale
0xb899e522b5715391ae1d4f137653e7906c5e2115,2025-04-06,Fear,34,254.093244,25,17,19103.7724,8,17,0.68,0.47058823529411764,Fear,Whale
0xb899e522b5715391ae1d4f137653e7906c5e2115,2025-04-07,Extreme Fear,23,1291.1500099999998,113,30,23639.45185840708,72,41,0.26548672566371684,1.7560975609756098,Fear,Whale
0xb899e522b5715391ae1d4f137653e7906c5e2115,2025-04-08,Extreme Fear,24,936.6942779999999,187,77,27027.108770053474,60,127,0.4117647058823529,0.47244094488188976,Fear,Whale
0xb899e522b5715391ae1d4f137653e7906c5e2115,2025-04-09,Extreme Fear,18,6800.812401,222,113,27989.12873873874,109,113,0.509009009009009,0.9646017699115044,Fear,Whale
0xb899e522b5715391ae1d4f137653e7906c5e2115,2025-04-10,Fear,39,-117.61638999999997,116,64,27220.127586206894,50,66,0.5517241379310345,0.7575757575757576,Fear,Whale
0xb899e522b5715391ae1d4f137653e7906c5e2115,2025-04-11,Fear,25,-482.407981,128,49,40357.236015625,60,68,0.3828125,0.8823529411764706,Fear,Whale
0xb899e522b5715391ae1d4f137653e7906c5e2115,2025-04-12,Fear,43,50.56792,7,4,23303.475714285716,4,3,0.5714285714285714,1.3333333333333333,Fear,Whale
0xb899e522b5715391ae1d4f137653e7906c5e2115,2025-04-13,Neutral,45,1097.533742,20,3,10551.1865,3,17,0.15,0.17647058823529413,Neutral,Whale
0xb899e522b5715391ae1d4f137653e7906c5e2115,2025-04-15,Fear,38,554.38798,28,20,35885.474642857145,8,20,0.7142857142857143,0.4,Fear,Whale
0xbaaaf6571ab7d571043ff1e313a9609a10637864,2024-12-28,Greed,72,-0.06076,4,0,86.5075,2,2,0.0,1.0,Greed,Frequent Retail
0xbaaaf6571ab7d571043ff1e313a9609a10637864,2025-02-19,Fear,44,31.42038,121,2,4940.588512396694,119,2,0.01652892561983471,59.5,Fear,Frequent Retail
0xbaaaf6571ab7d571043ff1e313a9609a10637864,2025-02-20,Neutral,49,35262.804627,185,185,3421.6945405405404,0,185,1.0,0.0,Neutral,Frequent Retail
0xbaaaf6571ab7d571043ff1e313a9609a10637864,2025-02-24,Neutral,49,22037.667762,4083,1824,1645.9218834190547,2259,1824,0.446730345334313,1.238486842105263,Neutral,Frequent Retail
0xbaaaf6571ab7d571043ff1e313a9609a10637864,2025-02-25,Fear,25,5672.328492,3292,555,3167.5804404617256,2675,617,0.16859052247873632,4.3354943273906,Fear,Frequent Retail
0xbaaaf6571ab7d571043ff1e313a9609a10637864,2025-02-26,Extreme Fear,21,23589.520054,470,470,7136.707680851064,0,470,1.0,0.0,Fear,Frequent Retail
0xbaaaf6571ab7d571043ff1e313a9609a10637864,2025-03-04,Extreme Fear,15,0.0,563,0,6625.281438721137,563,0,0.0,10.0,Fear,Frequent Retail
0xbaaaf6571ab7d571043ff1e313a9609a10637864,2025-03-05,Extreme Fear,20,229058.684298,983,898,4677.476866734486,85,898,0.91353001017294,0.09465478841870824,Fear,Frequent Retail
0xbaaaf6571ab7d571043ff1e313a9609a10637864,2025-03-06,Fear,25,0.0,71,0,9899.837042253523,71,0,0.0,10.0,Fear,Frequent Retail
0xbaaaf6571ab7d571043ff1e313a9609a10637864,2025-03-07,Fear,34,87405.926823,829,564,4768.31558504222,265,564,0.6803377563329313,0.4698581560283688,Fear,Frequent Retail
0xbaaaf6571ab7d571043ff1e313a9609a10637864,2025-03-09,Fear,27,10.184488,47,8,1697.1225531914893,39,8,0.1702127659574468,4.875,Fear,Frequent Retail
0xbaaaf6571ab7d571043ff1e313a9609a10637864,2025-03-10,Extreme Fear,20,5832.316116,667,208,5033.190044977511,459,208,0.3118440779610195,2.206730769230769,Fear,Frequent Retail
0xbaaaf6571ab7d571043ff1e313a9609a10637864,2025-03-11,Extreme Fear,24,1058.58,1651,77,2186.8561296184134,1574,77,0.04663840096910963,20.441558441558442,Fear,Frequent Retail
0xbaaaf6571ab7d571043ff1e313a9609a10637864,2025-03-12,Fear,34,289639.089112,2617,1708,3118.5291555215895,909,1708,0.6526557126480703,0.5322014051522248,Fear,Frequent Retail
0xbaaaf6571ab7d571043ff1e313a9609a10637864,2025-03-13,Neutral,45,66.447417,1,1,22791.99,0,1,1.0,0.0,Neutral,Frequent Retail
0xbaaaf6571ab7d571043ff1e313a9609a10637864,2025-03-14,Fear,27,16591.266757,1662,1478,2140.244061371841,184,1478,0.8892900120336944,0.12449255751014884,Fear,Frequent Retail
0xbaaaf6571ab7d571043ff1e313a9609a10637864,2025-03-27,Fear,40,18422.612928,147,29,5352.478163265307,118,29,0.19727891156462585,4.068965517241379,Fear,Frequent Retail
0xbaaaf6571ab7d571043ff1e313a9609a10637864,2025-03-28,Fear,44,0.0,167,0,1783.29622754491,167,0,0.0,10.0,Fear,Frequent Retail
0xbaaaf6571ab7d571043ff1e313a9609a10637864,2025-03-29,Fear,26,720.749699,600,246,2584.3467833333334,354,246,0.41,1.4390243902439024,Fear,Frequent Retail
0xbaaaf6571ab7d571043ff1e313a9609a10637864,2025-03-30,Fear,32,0.0,354,0,3000.0830508474573,354,0,0.0,10.0,Fear,Frequent Retail
0xbaaaf6571ab7d571043ff1e313a9609a10637864,2025-03-31,Fear,34,0.0,33,0,8569.022424242425,33,0,0.0,10.0,Fear,Frequent Retail
0xbaaaf6571ab7d571043ff1e313a9609a10637864,2025-04-02,Fear,44,188114.980392,743,743,3804.6953432032305,0,743,1.0,0.0,Fear,Frequent Retail
0xbaaaf6571ab7d571043ff1e313a9609a10637864,2025-04-03,Fear,25,3869.208803,937,476,4677.174855923159,439,498,0.5080042689434365,0.8815261044176707,Fear,Frequent Retail
0xbaaaf6571ab7d571043ff1e313a9609a10637864,2025-04-04,Fear,28,9367.872074,318,216,2198.7353773584905,100,218,0.6792452830188679,0.45871559633027525,Fear,Frequent Retail
0xbaaaf6571ab7d571043ff1e313a9609a10637864,2025-04-06,Fear,34,1026.735896,499,172,2739.437655310621,327,172,0.34468937875751504,1.9011627906976745,Fear,Frequent Retail
0xbaaaf6571ab7d571043ff1e313a9609a10637864,2025-04-07,Extreme Fear,23,2378.877324,146,47,8733.045479452056,99,47,0.3219178082191781,2.106382978723404,Fear,Frequent Retail
0xbaaaf6571ab7d571043ff1e313a9609a10637864,2025-04-30,Greed,56,4.733218,1,1,10.14,0,1,1.0,0.0,Greed,Frequent Retail
0xbaaaf6571ab7d571043ff1e313a9609a10637864,2025-05-01,Neutral,53,1.86032,1,1,3.9,0,1,1.0,0.0,Neutral,Frequent Retail
0xbd5fead7180a9c139fa51a103cb6a2ce86ddb5c3,2024-12-10,Extreme Greed,78,0.0,52,0,2798.660769230769,0,52,0.0,0.0,Greed,Occasional Retail
0xbd5fead7180a9c139fa51a103cb6a2ce86ddb5c3,2024-12-11,Greed,74,0.0,17,0,637.4164705882353,0,17,0.0,0.0,Greed,Occasional Retail
0xbd5fead7180a9c139fa51a103cb6a2ce86ddb5c3,2024-12-12,Extreme Greed,83,0.0,1,0,5158.5,0,1,0.0,0.0,Greed,Occasional Retail
0xbd5fead7180a9c139fa51a103cb6a2ce86ddb5c3,2024-12-15,Extreme Greed,80,0.0,58,0,1122.5670689655171,0,58,0.0,0.0,Greed,Occasional Retail
0xbd5fead7180a9c139fa51a103cb6a2ce86ddb5c3,2024-12-16,Extreme Greed,83,0.0,4,0,663.0799999999999,0,4,0.0,0.0,Greed,Occasional Retail
0xbd5fead7180a9c139fa51a103cb6a2ce86ddb5c3,2024-12-17,Extreme Greed,87,0.0,2,0,1744.65,0,2,0.0,0.0,Greed,Occasional Retail
0xbd5fead7180a9c139fa51a103cb6a2ce86ddb5c3,2024-12-18,Extreme Greed,81,0.0,14,0,2207.8585714285714,0,14,0.0,0.0,Greed,Occasional Retail
0xbd5fead7180a9c139fa51a103cb6a2ce86ddb5c3,2024-12-19,Extreme Greed,75,-128.0,37,0,6080.864864864865,8,29,0.0,0.27586206896551724,Greed,Occasional Retail
0xbd5fead7180a9c139fa51a103cb6a2ce86ddb5c3,2024-12-20,Greed,74,11799.68,66,41,2843.038636363636,41,25,0.6212121212121212,1.64,Greed,Occasional Retail
0xbd5fead7180a9c139fa51a103cb6a2ce86ddb5c3,2024-12-23,Greed,70,0.0,16,0,3216.5875,0,16,0.0,0.0,Greed,Occasional Retail
0xbd5fead7180a9c139fa51a103cb6a2ce86ddb5c3,2024-12-24,Greed,73,0.0,10,0,1070.0,0,10,0.0,0.0,Greed,Occasional Retail
0xbd5fead7180a9c139fa51a103cb6a2ce86ddb5c3,2024-12-29,Greed,73,0.0,39,0,2453.2941025641026,0,39,0.0,0.0,Greed,Occasional Retail
0xbd5fead7180a9c139fa51a103cb6a2ce86ddb5c3,2025-01-03,Greed,74,0.0,61,0,1834.7278688524589,0,61,0.0,0.0,Greed,Occasional Retail
0xbd5fead7180a9c139fa51a103cb6a2ce86ddb5c3,2025-01-08,Greed,70,1023.27508,22,21,1200.6454545454546,21,1,0.9545454545454546,21.0,Greed,Occasional Retail
0xbd5fead7180a9c139fa51a103cb6a2ce86ddb5c3,2025-01-14,Greed,63,0.0,8,0,1589.0237499999998,0,8,0.0,0.0,Greed,Occasional Retail
0xbd5fead7180a9c139fa51a103cb6a2ce86ddb5c3,2025-01-15,Greed,70,0.0,3,0,1128.8333333333333,0,3,0.0,0.0,Greed,Occasional Retail
0xbd5fead7180a9c139fa51a103cb6a2ce86ddb5c3,2025-01-16,Extreme Greed,75,0.0,3,0,910.4933333333333,0,3,0.0,0.0,Greed,Occasional Retail
0xbd5fead7180a9c139fa51a103cb6a2ce86ddb5c3,2025-01-17,Extreme Greed,75,0.0,3,0,1519.4399999999998,0,3,0.0,0.0,Greed,Occasional Retail
0xbd5fead7180a9c139fa51a103cb6a2ce86ddb5c3,2025-01-18,Extreme Greed,77,-10750.654828,12,0,7729.219166666667,7,5,0.0,1.4,Greed,Occasional Retail
0xbd5fead7180a9c139fa51a103cb6a2ce86ddb5c3,2025-01-19,Extreme Greed,77,-7963.5855,30,0,2508.4396666666667,12,18,0.0,0.6666666666666666,Greed,Occasional Retail
0xbd5fead7180a9c139fa51a103cb6a2ce86ddb5c3,2025-01-20,Extreme Greed,76,24895.400898,33,26,4336.907878787879,26,7,0.7878787878787878,3.7142857142857144,Greed,Occasional Retail
0xbd5fead7180a9c139fa51a103cb6a2ce86ddb5c3,2025-01-27,Greed,71,20428.824,23,23,2342.7495652173916,23,0,1.0,10.0,Greed,Occasional Retail
0xbd5fead7180a9c139fa51a103cb6a2ce86ddb5c3,2025-01-31,Extreme Greed,76,0.0,61,0,1589.025081967213,0,61,0.0,0.0,Greed,Occasional Retail
0xbd5fead7180a9c139fa51a103cb6a2ce86ddb5c3,2025-02-03,Fear,44,160022.95082600001,69,69,3243.988695652174,69,0,1.0,10.0,Fear,Occasional Retail
0xbd5fead7180a9c139fa51a103cb6a2ce86ddb5c3,2025-02-04,Greed,72,0.0,18,0,3777.777777777778,0,18,0.0,0.0,Greed,Occasional Retail
0xbd5fead7180a9c139fa51a103cb6a2ce86ddb5c3,2025-02-06,Neutral,49,-24500.0,13,0,18423.076923076922,12,1,0.0,12.0,Neutral,Occasional Retail
0xbd5fead7180a9c139fa51a103cb6a2ce86ddb5c3,2025-02-09,Neutral,46,0.0,3,0,625.8133333333334,0,3,0.0,0.0,Neutral,Occasional Retail
0xbd5fead7180a9c139fa51a103cb6a2ce86ddb5c3,2025-02-10,Fear,43,0.0,22,0,591.3531818181818,0,22,0.0,0.0,Fear,Occasional Retail
0xbd5fead7180a9c139fa51a103cb6a2ce86ddb5c3,2025-02-15,Neutral,50,0.0,4,0,805.4399999999999,0,4,0.0,0.0,Neutral,Occasional Retail
0xbd5fead7180a9c139fa51a103cb6a2ce86ddb5c3,2025-02-21,Greed,55,0.0,33,0,4675.215454545454,6,27,0.0,0.2222222222222222,Greed,Occasional Retail
0xbd5fead7180a9c139fa51a103cb6a2ce86ddb5c3,2025-02-22,Neutral,49,15074.26913,138,36,7487.178405797102,86,52,0.2608695652173913,1.6538461538461537,Neutral,Occasional Retail
0xbd5fead7180a9c139fa51a103cb6a2ce86ddb5c3,2025-02-23,Neutral,50,0.0,73,0,2502.296301369863,0,73,0.0,0.0,Neutral,Occasional Retail
0xbd5fead7180a9c139fa51a103cb6a2ce86ddb5c3,2025-02-24,Neutral,49,0.0,28,0,1796.1407142857145,1,27,0.0,0.037037037037037035,Neutral,Occasional Retail
0xbd5fead7180a9c139fa51a103cb6a2ce86ddb5c3,2025-02-25,Fear,25,3859.44,28,17,2181.2564285714284,17,11,0.6071428571428571,1.5454545454545454,Fear,Occasional Retail
0xbd5fead7180a9c139fa51a103cb6a2ce86ddb5c3,2025-02-26,Extreme Fear,21,-871.1949999999999,42,1,3619.3485714285716,6,36,0.023809523809523808,0.16666666666666666,Fear,Occasional Retail
0xbd5fead7180a9c139fa51a103cb6a2ce86ddb5c3,2025-02-27,Extreme Fear,10,-48309.11776,90,1,8859.279777777778,5,85,0.011111111111111112,0.058823529411764705,Fear,Occasional Retail
0xbd5fead7180a9c139fa51a103cb6a2ce86ddb5c3,2025-02-28,Extreme Fear,16,67673.757678,59,57,8249.914915254238,59,0,0.9661016949152542,10.0,Fear,Occasional Retail
0xbd5fead7180a9c139fa51a103cb6a2ce86ddb5c3,2025-03-02,Fear,26,-2632.65866,84,0,12216.244880952381,84,0,0.0,10.0,Fear,Occasional Retail
0xbd5fead7180a9c139fa51a103cb6a2ce86ddb5c3,2025-03-03,Fear,33,57561.35367,136,112,8611.731764705883,75,61,0.8235294117647058,1.2295081967213115,Fear,Occasional Retail
0xbd5fead7180a9c139fa51a103cb6a2ce86ddb5c3,2025-03-04,Extreme Fear,15,0.0,2,0,86000.0,2,0,0.0,10.0,Fear,Occasional Retail
0xbd5fead7180a9c139fa51a103cb6a2ce86ddb5c3,2025-03-05,Extreme Fear,20,3677.4,8,8,22375.0,0,8,1.0,0.0,Fear,Occasional Retail
0xbd5fead7180a9c139fa51a103cb6a2ce86ddb5c3,2025-03-06,Fear,25,0.0,16,0,2433.409375,3,13,0.0,0.23076923076923078,Fear,Occasional Retail
0xbd5fead7180a9c139fa51a103cb6a2ce86ddb5c3,2025-03-07,Fear,34,43861.966536,147,97,9958.719795918369,116,31,0.6598639455782312,3.7419354838709675,Fear,Occasional Retail
0xbd5fead7180a9c139fa51a103cb6a2ce86ddb5c3,2025-03-08,Fear,28,5836.8743,36,36,1318.431388888889,36,0,1.0,10.0,Fear,Occasional Retail
0xbd5fead7180a9c139fa51a103cb6a2ce86ddb5c3,2025-03-11,Extreme Fear,24,0.0,7,0,4591.028571428572,0,7,0.0,0.0,Fear,Occasional Retail
0xbd5fead7180a9c139fa51a103cb6a2ce86ddb5c3,2025-03-12,Fear,34,-15387.62119,57,0,24693.342631578947,47,10,0.0,4.7,Fear,Occasional Retail
0xbd5fead7180a9c139fa51a103cb6a2ce86ddb5c3,2025-03-18,Fear,34,-120.432,27,0,17589.48851851852,17,10,0.0,1.7,Fear,Occasional Retail
0xbd5fead7180a9c139fa51a103cb6a2ce86ddb5c3,2025-03-19,Fear,32,0.0,26,0,4414.302692307692,18,8,0.0,2.25,Fear,Occasional Retail
0xbd5fead7180a9c139fa51a103cb6a2ce86ddb5c3,2025-03-26,Neutral,47,0.0,3,0,32793.78333333333,2,1,0.0,2.0,Neutral,Occasional Retail
0xbd5fead7180a9c139fa51a103cb6a2ce86ddb5c3,2025-03-27,Fear,40,0.0,21,0,24814.283809523808,21,0,0.0,10.0,Fear,Occasional Retail
0xbd5fead7180a9c139fa51a103cb6a2ce86ddb5c3,2025-03-31,Fear,34,-8320.5,3,0,138666.66666666666,0,3,0.0,0.0,Fear,Occasional Retail
0xbd5fead7180a9c139fa51a103cb6a2ce86ddb5c3,2025-04-01,Fear,34,-9311.892185,28,0,5608.603928571429,20,8,0.0,2.5,Fear,Occasional Retail
0xbd5fead7180a9c139fa51a103cb6a2ce86ddb5c3,2025-04-02,Fear,44,2676.6850000000004,66,62,2821.9739393939394,0,66,0.9393939393939394,0.0,Fear,Occasional Retail
0xbd5fead7180a9c139fa51a103cb6a2ce86ddb5c3,2025-04-03,Fear,25,-5862.0887760000005,12,0,7051.005833333334,12,0,0.0,10.0,Fear,Occasional Retail
0xbd5fead7180a9c139fa51a103cb6a2ce86ddb5c3,2025-04-04,Fear,28,-43753.361578,132,24,5448.201969696969,24,108,0.18181818181818182,0.2222222222222222,Fear,Occasional Retail
0xbd5fead7180a9c139fa51a103cb6a2ce86ddb5c3,2025-04-07,Extreme Fear,23,51942.142881,108,30,15608.295185185187,57,51,0.2777777777777778,1.1176470588235294,Fear,Occasional Retail
0xbd5fead7180a9c139fa51a103cb6a2ce86ddb5c3,2025-04-09,Extreme Fear,18,-36400.46439,71,0,5228.704647887324,71,0,0.0,10.0,Fear,Occasional Retail
0xbd5fead7180a9c139fa51a103cb6a2ce86ddb5c3,2025-04-10,Fear,39,19858.73334,130,130,2053.538692307692,28,102,1.0,0.27450980392156865,Fear,Occasional Retail
0xbd5fead7180a9c139fa51a103cb6a2ce86ddb5c3,2025-04-12,Fear,43,0.0,24,0,53073.62666666667,24,0,0.0,10.0,Fear,Occasional Retail
0xbd5fead7180a9c139fa51a103cb6a2ce86ddb5c3,2025-04-13,Neutral,45,32724.19729,35,31,24908.65857142857,0,35,0.8857142857142857,0.0,Neutral,Occasional Retail
0xbd5fead7180a9c139fa51a103cb6a2ce86ddb5c3,2025-04-14,Fear,31,0.0,51,0,985.0413725490196,47,4,0.0,11.75,Fear,Occasional Retail
0xbd5fead7180a9c139fa51a103cb6a2ce86ddb5c3,2025-04-15,Fear,38,18951.678454,27,27,23060.654814814818,0,27,1.0,0.0,Fear,Occasional Retail
0xbd5fead7180a9c139fa51a103cb6a2ce86ddb5c3,2025-04-16,Fear,29,9556.6,15,15,17059.466,0,15,1.0,0.0,Fear,Occasional Retail
0xbd5fead7180a9c139fa51a103cb6a2ce86ddb5c3,2025-04-17,Fear,30,0.0,11,0,1086.4290909090907,0,11,0.0,0.0,Fear,Occasional Retail
0xbd5fead7180a9c139fa51a103cb6a2ce86ddb5c3,2025-04-19,Fear,32,0.0,13,0,8027.694615384616,0,13,0.0,0.0,Fear,Occasional Retail
0xbd5fead7180a9c139fa51a103cb6a2ce86ddb5c3,2025-04-23,Greed,72,-2993.575225,34,0,1538.6438235294117,14,20,0.0,0.7,Greed,Occasional Retail
0xbd5fead7180a9c139fa51a103cb6a2ce86ddb5c3,2025-05-01,Neutral,53,-113601.02013799999,116,1,16681.46775862069,76,40,0.008620689655172414,1.9,Neutral,Occasional Retail
0xbee1707d6b44d4d52bfe19e41f8a828645437aab,2024-12-08,Extreme Greed,79,15206.395076,92,84,3401.4840217391306,15,77,0.9130434782608695,0.19480519480519481,Greed,Frequent Retail
0xbee1707d6b44d4d52bfe19e41f8a828645437aab,2024-12-09,Extreme Greed,78,2397.068675,143,9,3120.5087412587413,134,9,0.06293706293706294,14.88888888888889,Greed,Frequent Retail
0xbee1707d6b44d4d52bfe19e41f8a828645437aab,2024-12-10,Extreme Greed,78,26600.990442,928,535,1859.9979202586208,220,708,0.5765086206896551,0.3107344632768362,Greed,Frequent Retail
0xbee1707d6b44d4d52bfe19e41f8a828645437aab,2024-12-11,Greed,74,24663.690943,530,519,1207.490075471698,11,519,0.9792452830188679,0.02119460500963391,Greed,Frequent Retail
0xbee1707d6b44d4d52bfe19e41f8a828645437aab,2024-12-12,Extreme Greed,83,130826.491662,1041,848,2596.416272814601,167,874,0.8146013448607109,0.19107551487414187,Greed,Frequent Retail
0xbee1707d6b44d4d52bfe19e41f8a828645437aab,2024-12-13,Extreme Greed,76,9405.233313,277,70,2702.6475451263536,208,69,0.2527075812274368,3.0144927536231885,Greed,Frequent Retail
0xbee1707d6b44d4d52bfe19e41f8a828645437aab,2024-12-14,Extreme Greed,83,1294.450646,70,4,6203.194285714286,66,4,0.05714285714285714,16.5,Greed,Frequent Retail
0xbee1707d6b44d4d52bfe19e41f8a828645437aab,2024-12-15,Extreme Greed,80,1703.2571850000002,9,2,2227.3388888888894,7,2,0.2222222222222222,3.5,Greed,Frequent Retail
0xbee1707d6b44d4d52bfe19e41f8a828645437aab,2024-12-16,Extreme Greed,83,126852.290809,245,116,4090.4684897959187,129,116,0.47346938775510206,1.1120689655172413,Greed,Frequent Retail
0xbee1707d6b44d4d52bfe19e41f8a828645437aab,2024-12-17,Extreme Greed,87,128648.384642,476,269,3056.9325000000003,207,269,0.5651260504201681,0.7695167286245354,Greed,Frequent Retail
0xbee1707d6b44d4d52bfe19e41f8a828645437aab,2024-12-18,Extreme Greed,81,2139.192941,342,92,2279.296023391813,107,235,0.26900584795321636,0.4553191489361702,Greed,Frequent Retail
0xbee1707d6b44d4d52bfe19e41f8a828645437aab,2024-12-19,Extreme Greed,75,27888.195088,2076,1470,2272.286083815029,499,1577,0.708092485549133,0.31642358909321494,Greed,Frequent Retail
0xbee1707d6b44d4d52bfe19e41f8a828645437aab,2024-12-20,Greed,74,139628.47633,1259,672,2917.238474980143,519,740,0.5337569499602859,0.7013513513513514,Greed,Frequent Retail
0xbee1707d6b44d4d52bfe19e41f8a828645437aab,2024-12-21,Greed,73,103460.844587,805,558,3172.574695652174,252,553,0.6931677018633541,0.45569620253164556,Greed,Frequent Retail
0xbee1707d6b44d4d52bfe19e41f8a828645437aab,2024-12-22,Greed,73,19694.301887,108,81,5072.932685185185,27,81,0.75,0.3333333333333333,Greed,Frequent Retail
0xbee1707d6b44d4d52bfe19e41f8a828645437aab,2024-12-23,Greed,70,-76194.26162399999,1482,297,3278.057968960864,524,958,0.20040485829959515,0.5469728601252609,Greed,Frequent Retail
0xbee1707d6b44d4d52bfe19e41f8a828645437aab,2024-12-24,Greed,73,-5527.285214,81,4,3502.3662962962962,41,40,0.04938271604938271,1.025,Greed,Frequent Retail
0xbee1707d6b44d4d52bfe19e41f8a828645437aab,2024-12-25,Greed,73,-1059.724367,35,0,5163.3108571428575,32,3,0.0,10.666666666666666,Greed,Frequent Retail
0xbee1707d6b44d4d52bfe19e41f8a828645437aab,2024-12-26,Extreme Greed,79,3103.720794,337,195,4189.758931750742,150,187,0.5786350148367952,0.8021390374331551,Greed,Frequent Retail
0xbee1707d6b44d4d52bfe19e41f8a828645437aab,2024-12-27,Greed,74,0.0,1,0,0.06,0,1,0.0,0.0,Greed,Frequent Retail
0xbee1707d6b44d4d52bfe19e41f8a828645437aab,2025-01-10,Neutral,50,0.0,2,0,2999.81,2,0,0.0,10.0,Neutral,Frequent Retail
0xbee1707d6b44d4d52bfe19e41f8a828645437aab,2025-01-11,Greed,69,65.42769200000001,9,2,1165.4522222222222,7,2,0.2222222222222222,3.5,Greed,Frequent Retail
0xbee1707d6b44d4d52bfe19e41f8a828645437aab,2025-01-13,Greed,61,0.0,11,0,1488.3963636363637,11,0,0.0,10.0,Greed,Frequent Retail
0xbee1707d6b44d4d52bfe19e41f8a828645437aab,2025-01-14,Greed,63,5103.198502,67,42,1344.250895522388,25,42,0.6268656716417911,0.5952380952380952,Greed,Frequent Retail
0xbee1707d6b44d4d52bfe19e41f8a828645437aab,2025-01-15,Greed,70,66.63180299999999,8,3,908.50375,5,3,0.375,1.6666666666666667,Greed,Frequent Retail
0xbee1707d6b44d4d52bfe19e41f8a828645437aab,2025-01-16,Extreme Greed,75,0.0,2,0,1587.855,2,0,0.0,10.0,Greed,Frequent Retail
0xbee1707d6b44d4d52bfe19e41f8a828645437aab,2025-01-17,Extreme Greed,75,77.26888,7,3,1463.1599999999999,4,3,0.42857142857142855,1.3333333333333333,Greed,Frequent Retail
0xbee1707d6b44d4d52bfe19e41f8a828645437aab,2025-01-18,Extreme Greed,77,0.0,13,0,2035.5961538461538,13,0,0.0,10.0,Greed,Frequent Retail
0xbee1707d6b44d4d52bfe19e41f8a828645437aab,2025-01-19,Extreme Greed,77,512.9694489999999,29,24,983.9131034482758,3,26,0.8275862068965517,0.11538461538461539,Greed,Frequent Retail
0xbee1707d6b44d4d52bfe19e41f8a828645437aab,2025-01-20,Extreme Greed,76,-4968.452873,191,33,791.7238219895288,106,85,0.17277486910994763,1.2470588235294118,Greed,Frequent Retail
0xbee1707d6b44d4d52bfe19e41f8a828645437aab,2025-01-21,Extreme Greed,76,1343.189535,50,42,721.1088000000001,8,42,0.84,0.19047619047619047,Greed,Frequent Retail
0xbee1707d6b44d4d52bfe19e41f8a828645437aab,2025-01-22,Extreme Greed,84,554.298224,13,9,767.0084615384616,4,9,0.6923076923076923,0.4444444444444444,Greed,Frequent Retail
0xbee1707d6b44d4d52bfe19e41f8a828645437aab,2025-01-23,Extreme Greed,75,-133.631755,16,1,989.034375,5,11,0.0625,0.45454545454545453,Greed,Frequent Retail
0xbee1707d6b44d4d52bfe19e41f8a828645437aab,2025-01-24,Extreme Greed,75,2109.118305,84,46,921.5711904761904,38,46,0.5476190476190477,0.8260869565217391,Greed,Frequent Retail
0xbee1707d6b44d4d52bfe19e41f8a828645437aab,2025-01-25,Extreme Greed,75,107.54725099999999,33,3,742.9863636363636,30,3,0.09090909090909091,10.0,Greed,Frequent Retail
0xbee1707d6b44d4d52bfe19e41f8a828645437aab,2025-01-26,Greed,73,1012.208613,27,13,1029.6403703703704,14,13,0.48148148148148145,1.0769230769230769,Greed,Frequent Retail
0xbee1707d6b44d4d52bfe19e41f8a828645437aab,2025-01-27,Greed,71,-220.548198,56,1,1004.7960714285715,38,18,0.017857142857142856,2.111111111111111,Greed,Frequent Retail
0xbee1707d6b44d4d52bfe19e41f8a828645437aab,2025-01-28,Greed,72,6959.984986,121,83,1173.1775206611571,38,83,0.6859504132231405,0.4578313253012048,Greed,Frequent Retail
0xbee1707d6b44d4d52bfe19e41f8a828645437aab,2025-01-29,Greed,72,1193.2639530000001,76,55,967.4096052631579,21,55,0.7236842105263158,0.38181818181818183,Greed,Frequent Retail
0xbee1707d6b44d4d52bfe19e41f8a828645437aab,2025-01-30,Greed,70,1072.220367,268,79,1278.6088059701492,128,140,0.2947761194029851,0.9142857142857143,Greed,Frequent Retail
0xbee1707d6b44d4d52bfe19e41f8a828645437aab,2025-01-31,Extreme Greed,76,3143.489896,249,154,1556.0202409638553,142,107,0.6184738955823293,1.3271028037383177,Greed,Frequent Retail
0xbee1707d6b44d4d52bfe19e41f8a828645437aab,2025-02-01,Greed,68,2954.521713,187,133,1204.9785026737968,73,114,0.7112299465240641,0.6403508771929824,Greed,Frequent Retail
0xbee1707d6b44d4d52bfe19e41f8a828645437aab,2025-02-02,Greed,60,-329.680689,131,38,1839.5793129770993,73,58,0.2900763358778626,1.2586206896551724,Greed,Frequent Retail
0xbee1707d6b44d4d52bfe19e41f8a828645437aab,2025-02-03,Fear,44,5803.573999,325,138,1758.0771384615382,126,199,0.4246153846153846,0.6331658291457286,Fear,Frequent Retail
0xbee1707d6b44d4d52bfe19e41f8a828645437aab,2025-02-04,Greed,72,806.765131,248,71,1351.8856048387097,99,149,0.2862903225806452,0.6644295302013423,Greed,Frequent Retail
0xbee1707d6b44d4d52bfe19e41f8a828645437aab,2025-02-05,Neutral,54,713.82809,14,11,3668.815,11,3,0.7857142857142857,3.6666666666666665,Neutral,Frequent Retail
0xbee1707d6b44d4d52bfe19e41f8a828645437aab,2025-02-06,Neutral,49,1212.452697,29,26,1363.3675862068965,22,7,0.896551724137931,3.142857142857143,Neutral,Frequent Retail
0xbee1707d6b44d4d52bfe19e41f8a828645437aab,2025-02-07,Fear,44,2631.225181,125,50,2059.84464,75,50,0.4,1.5,Fear,Frequent Retail
0xbee1707d6b44d4d52bfe19e41f8a828645437aab,2025-02-08,Fear,44,-189.463436,13,1,2671.7584615384617,0,13,0.07692307692307693,0.0,Fear,Frequent Retail
0xbee1707d6b44d4d52bfe19e41f8a828645437aab,2025-02-09,Neutral,46,204.72190899999998,56,21,1334.912142857143,35,21,0.375,1.6666666666666667,Neutral,Frequent Retail
0xbee1707d6b44d4d52bfe19e41f8a828645437aab,2025-02-10,Fear,43,3796.008199,140,91,1484.4517857142857,49,91,0.65,0.5384615384615384,Fear,Frequent Retail
0xbee1707d6b44d4d52bfe19e41f8a828645437aab,2025-02-11,Neutral,47,1901.6318190000002,52,18,1947.8190384615384,34,18,0.34615384615384615,1.8888888888888888,Neutral,Frequent Retail
0xbee1707d6b44d4d52bfe19e41f8a828645437aab,2025-02-12,Neutral,46,1747.1899090000002,71,45,1623.5340845070423,26,45,0.6338028169014085,0.5777777777777777,Neutral,Frequent Retail
0xbee1707d6b44d4d52bfe19e41f8a828645437aab,2025-02-13,Neutral,50,5096.967096,156,79,1561.7910256410255,67,89,0.5064102564102564,0.7528089887640449,Neutral,Frequent Retail
0xbee1707d6b44d4d52bfe19e41f8a828645437aab,2025-02-14,Neutral,48,-1818.156466,166,1,1363.292951807229,63,103,0.006024096385542169,0.6116504854368932,Neutral,Frequent Retail
0xbee1707d6b44d4d52bfe19e41f8a828645437aab,2025-02-15,Neutral,50,3822.79759,130,54,1798.402076923077,91,39,0.4153846153846154,2.3333333333333335,Neutral,Frequent Retail
0xbee1707d6b44d4d52bfe19e41f8a828645437aab,2025-02-16,Neutral,54,321.733978,54,38,1193.8803703703704,11,43,0.7037037037037037,0.2558139534883721,Neutral,Frequent Retail
0xbee1707d6b44d4d52bfe19e41f8a828645437aab,2025-02-17,Neutral,51,111.69658399999999,151,48,1591.1465562913907,75,76,0.31788079470198677,0.9868421052631579,Neutral,Frequent Retail
0xbee1707d6b44d4d52bfe19e41f8a828645437aab,2025-02-18,Neutral,47,3935.153067,512,250,1823.6225390625,226,286,0.48828125,0.7902097902097902,Neutral,Frequent Retail
0xbee1707d6b44d4d52bfe19e41f8a828645437aab,2025-02-19,Fear,44,5930.986467,406,230,1708.6227586206896,171,235,0.5665024630541872,0.7276595744680852,Fear,Frequent Retail
0xbee1707d6b44d4d52bfe19e41f8a828645437aab,2025-02-20,Neutral,49,819.221222,162,62,1142.087962962963,71,91,0.38271604938271603,0.7802197802197802,Neutral,Frequent Retail
0xbee1707d6b44d4d52bfe19e41f8a828645437aab,2025-02-21,Greed,55,4483.141317,255,116,1669.3589019607844,112,143,0.4549019607843137,0.7832167832167832,Greed,Frequent Retail
0xbee1707d6b44d4d52bfe19e41f8a828645437aab,2025-02-22,Neutral,49,1391.928432,60,41,1097.3101666666666,26,34,0.6833333333333333,0.7647058823529411,Neutral,Frequent Retail
0xbee1707d6b44d4d52bfe19e41f8a828645437aab,2025-02-23,Neutral,50,383.135241,45,25,2283.7915555555555,32,13,0.5555555555555556,2.4615384615384617,Neutral,Frequent Retail
0xbee1707d6b44d4d52bfe19e41f8a828645437aab,2025-02-24,Neutral,49,-10373.274402000001,744,110,1398.9927284946236,339,405,0.1478494623655914,0.837037037037037,Neutral,Frequent Retail
0xbee1707d6b44d4d52bfe19e41f8a828645437aab,2025-02-25,Fear,25,-23384.358492,1642,446,1441.9933982947625,694,948,0.27161997563946405,0.7320675105485233,Fear,Frequent Retail
0xbee1707d6b44d4d52bfe19e41f8a828645437aab,2025-02-26,Extreme Fear,21,2617.069579,394,160,1509.370609137056,222,172,0.40609137055837563,1.2906976744186047,Fear,Frequent Retail
0xbee1707d6b44d4d52bfe19e41f8a828645437aab,2025-02-27,Extreme Fear,10,2886.786952,703,215,1449.1966998577525,331,372,0.3058321479374111,0.8897849462365591,Fear,Frequent Retail
0xbee1707d6b44d4d52bfe19e41f8a828645437aab,2025-02-28,Extreme Fear,16,2642.770468,302,134,1355.6750662251654,116,186,0.44370860927152317,0.6236559139784946,Fear,Frequent Retail
0xbee1707d6b44d4d52bfe19e41f8a828645437aab,2025-03-01,Extreme Fear,20,446.358633,51,16,1384.9447058823528,36,15,0.3137254901960784,2.4,Fear,Frequent Retail
0xbee1707d6b44d4d52bfe19e41f8a828645437aab,2025-03-02,Fear,26,2576.6453030000002,102,55,1921.2604901960785,32,70,0.5392156862745098,0.45714285714285713,Fear,Frequent Retail
0xbee1707d6b44d4d52bfe19e41f8a828645437aab,2025-03-03,Fear,33,2448.046511,73,48,1970.5965753424655,56,17,0.6575342465753424,3.2941176470588234,Fear,Frequent Retail
0xbee1707d6b44d4d52bfe19e41f8a828645437aab,2025-03-04,Extreme Fear,15,-4934.6700519999995,979,377,1496.3304392236976,480,499,0.38508682328907046,0.9619238476953907,Fear,Frequent Retail
0xbee1707d6b44d4d52bfe19e41f8a828645437aab,2025-03-05,Extreme Fear,20,12814.770318,202,126,1811.146831683168,91,111,0.6237623762376238,0.8198198198198198,Fear,Frequent Retail
0xbee1707d6b44d4d52bfe19e41f8a828645437aab,2025-03-06,Fear,25,601.486585,88,37,1406.2047727272727,53,35,0.42045454545454547,1.5142857142857142,Fear,Frequent Retail
0xbee1707d6b44d4d52bfe19e41f8a828645437aab,2025-03-07,Fear,34,9142.064849,623,318,1885.9940930979135,304,319,0.5104333868378812,0.9529780564263323,Fear,Frequent Retail
0xbee1707d6b44d4d52bfe19e41f8a828645437aab,2025-03-08,Fear,28,2219.262399,134,52,1190.7070895522388,82,52,0.3880597014925373,1.5769230769230769,Fear,Frequent Retail
0xbee1707d6b44d4d52bfe19e41f8a828645437aab,2025-03-09,Fear,27,805.6551000000001,178,44,1607.242191011236,134,44,0.24719101123595505,3.0454545454545454,Fear,Frequent Retail
0xbee1707d6b44d4d52bfe19e41f8a828645437aab,2025-03-10,Extreme Fear,20,9791.668235,1428,727,1381.5543347338937,583,845,0.5091036414565826,0.6899408284023668,Fear,Frequent Retail
0xbee1707d6b44d4d52bfe19e41f8a828645437aab,2025-03-11,Extreme Fear,24,-136.41741799999994,333,115,1225.6175075075075,128,205,0.34534534534534533,0.624390243902439,Fear,Frequent Retail
0xbee1707d6b44d4d52bfe19e41f8a828645437aab,2025-03-12,Fear,34,8096.937709,553,272,1791.739095840868,223,330,0.4918625678119349,0.6757575757575758,Fear,Frequent Retail
0xbee1707d6b44d4d52bfe19e41f8a828645437aab,2025-03-13,Neutral,45,5090.880874,690,392,1461.4744347826086,286,404,0.5681159420289855,0.7079207920792079,Neutral,Frequent Retail
0xbee1707d6b44d4d52bfe19e41f8a828645437aab,2025-03-14,Fear,27,-49.67229100000003,92,16,1729.6968478260867,48,44,0.17391304347826086,1.0909090909090908,Fear,Frequent Retail
0xbee1707d6b44d4d52bfe19e41f8a828645437aab,2025-03-15,Neutral,46,1764.258791,75,46,1705.1933333333334,51,24,0.6133333333333333,2.125,Neutral,Frequent Retail
0xbee1707d6b44d4d52bfe19e41f8a828645437aab,2025-03-16,Fear,30,5.068941999999993,97,11,1426.0048453608247,95,2,0.1134020618556701,47.5,Fear,Frequent Retail
0xbee1707d6b44d4d52bfe19e41f8a828645437aab,2025-03-17,Fear,32,390.08642000000003,241,89,1349.2339834024897,120,121,0.36929460580912865,0.9917355371900827,Fear,Frequent Retail
0xbee1707d6b44d4d52bfe19e41f8a828645437aab,2025-03-18,Fear,34,1930.871511,266,85,1325.5640225563911,124,142,0.31954887218045114,0.8732394366197183,Fear,Frequent Retail
0xbee1707d6b44d4d52bfe19e41f8a828645437aab,2025-03-19,Fear,32,5253.432742,879,429,1873.024300341297,397,482,0.4880546075085324,0.8236514522821576,Fear,Frequent Retail
0xbee1707d6b44d4d52bfe19e41f8a828645437aab,2025-03-20,Neutral,49,-682.2653320000001,283,13,1533.3633215547704,147,136,0.045936395759717315,1.0808823529411764,Neutral,Frequent Retail
0xbee1707d6b44d4d52bfe19e41f8a828645437aab,2025-03-21,Fear,31,4866.15672,550,279,1152.8391272727274,273,277,0.5072727272727273,0.9855595667870036,Fear,Frequent Retail
0xbee1707d6b44d4d52bfe19e41f8a828645437aab,2025-03-22,Fear,32,1637.832293,344,88,1502.8190988372094,138,206,0.2558139534883721,0.6699029126213593,Fear,Frequent Retail
0xbee1707d6b44d4d52bfe19e41f8a828645437aab,2025-03-23,Fear,30,882.848973,178,18,972.4924719101124,161,17,0.10112359550561797,9.470588235294118,Fear,Frequent Retail
0xbee1707d6b44d4d52bfe19e41f8a828645437aab,2025-03-24,Neutral,45,7122.965048,500,302,1389.18776,152,348,0.604,0.4367816091954023,Neutral,Frequent Retail
0xbee1707d6b44d4d52bfe19e41f8a828645437aab,2025-03-25,Neutral,46,1256.867824,306,135,1210.40545751634,164,142,0.4411764705882353,1.1549295774647887,Neutral,Frequent Retail
0xbee1707d6b44d4d52bfe19e41f8a828645437aab,2025-03-26,Neutral,47,-6062.660109,2551,586,1854.422602900823,1304,1247,0.2297138377107017,1.045709703287891,Neutral,Frequent Retail
0xbee1707d6b44d4d52bfe19e41f8a828645437aab,2025-03-27,Fear,40,1743.483217,136,84,1246.1119852941176,76,60,0.6176470588235294,1.2666666666666666,Fear,Frequent Retail
0xbee1707d6b44d4d52bfe19e41f8a828645437aab,2025-03-28,Fear,44,1841.802102,246,82,1143.3873983739836,161,85,0.3333333333333333,1.8941176470588235,Fear,Frequent Retail
0xbee1707d6b44d4d52bfe19e41f8a828645437aab,2025-03-29,Fear,26,-3661.1103980000003,965,308,1381.2940414507773,503,462,0.31917098445595854,1.0887445887445888,Fear,Frequent Retail
0xbee1707d6b44d4d52bfe19e41f8a828645437aab,2025-03-30,Fear,32,536.150767,53,26,1635.4145283018868,27,26,0.49056603773584906,1.0384615384615385,Fear,Frequent Retail
0xbee1707d6b44d4d52bfe19e41f8a828645437aab,2025-03-31,Fear,34,41.27745400000002,81,56,809.165061728395,2,79,0.691358024691358,0.02531645569620253,Fear,Frequent Retail
0xbee1707d6b44d4d52bfe19e41f8a828645437aab,2025-04-01,Fear,34,147.445788,35,27,1226.783142857143,18,17,0.7714285714285715,1.0588235294117647,Fear,Frequent Retail
0xbee1707d6b44d4d52bfe19e41f8a828645437aab,2025-04-02,Fear,44,1842.839943,118,76,991.0424576271186,53,65,0.6440677966101694,0.8153846153846154,Fear,Frequent Retail
0xbee1707d6b44d4d52bfe19e41f8a828645437aab,2025-04-03,Fear,25,-3368.876326,261,0,1706.5415708812259,192,69,0.0,2.782608695652174,Fear,Frequent Retail
0xbee1707d6b44d4d52bfe19e41f8a828645437aab,2025-04-04,Fear,28,-4513.160132,326,52,1419.9448159509202,122,204,0.15950920245398773,0.5980392156862745,Fear,Frequent Retail
0xbee1707d6b44d4d52bfe19e41f8a828645437aab,2025-04-05,Fear,30,1113.761229,90,27,1116.7745555555557,63,27,0.3,2.3333333333333335,Fear,Frequent Retail
0xbee1707d6b44d4d52bfe19e41f8a828645437aab,2025-04-06,Fear,34,1828.77716,114,33,2081.839298245614,81,33,0.2894736842105263,2.4545454545454546,Fear,Frequent Retail
0xbee1707d6b44d4d52bfe19e41f8a828645437aab,2025-04-07,Extreme Fear,23,-9593.258137,386,20,1632.7632383419689,152,234,0.05181347150259067,0.6495726495726496,Fear,Frequent Retail
0xbee1707d6b44d4d52bfe19e41f8a828645437aab,2025-04-08,Extreme Fear,24,11735.32104,167,125,1521.912754491018,42,125,0.7485029940119761,0.336,Fear,Frequent Retail
0xbee1707d6b44d4d52bfe19e41f8a828645437aab,2025-04-09,Extreme Fear,18,2503.69251,134,84,1143.0998507462687,27,107,0.6268656716417911,0.2523364485981308,Fear,Frequent Retail
0xbee1707d6b44d4d52bfe19e41f8a828645437aab,2025-04-10,Fear,39,35.58096,52,28,962.6380769230769,30,22,0.5384615384615384,1.3636363636363635,Fear,Frequent Retail
0xbee1707d6b44d4d52bfe19e41f8a828645437aab,2025-04-11,Fear,25,857.60294,123,29,1340.7579674796746,78,45,0.23577235772357724,1.7333333333333334,Fear,Frequent Retail
0xbee1707d6b44d4d52bfe19e41f8a828645437aab,2025-04-12,Fear,43,4358.599132,307,115,1530.1273615635178,109,198,0.3745928338762215,0.5505050505050505,Fear,Frequent Retail
0xbee1707d6b44d4d52bfe19e41f8a828645437aab,2025-04-13,Neutral,45,2319.824156,346,109,1441.715028901734,153,193,0.315028901734104,0.7927461139896373,Neutral,Frequent Retail
0xbee1707d6b44d4d52bfe19e41f8a828645437aab,2025-04-14,Fear,31,6100.692122,380,191,1437.8765263157893,182,198,0.5026315789473684,0.9191919191919192,Fear,Frequent Retail
0xbee1707d6b44d4d52bfe19e41f8a828645437aab,2025-04-15,Fear,38,920.056063,40,25,2489.536,15,25,0.625,0.6,Fear,Frequent Retail
0xbee1707d6b44d4d52bfe19e41f8a828645437aab,2025-04-16,Fear,29,1958.056487,286,79,1250.2118181818182,126,160,0.2762237762237762,0.7875,Fear,Frequent Retail
0xbee1707d6b44d4d52bfe19e41f8a828645437aab,2025-04-17,Fear,30,3359.966896,588,247,1417.4413265306123,233,355,0.4200680272108844,0.6563380281690141,Fear,Frequent Retail
0xbee1707d6b44d4d52bfe19e41f8a828645437aab,2025-04-18,Fear,33,2945.701617,562,314,1507.8099822064057,324,238,0.5587188612099644,1.361344537815126,Fear,Frequent Retail
0xbee1707d6b44d4d52bfe19e41f8a828645437aab,2025-04-19,Fear,32,976.5105639999999,971,192,1419.0301441812564,394,577,0.19773429454170957,0.682842287694974,Fear,Frequent Retail
0xbee1707d6b44d4d52bfe19e41f8a828645437aab,2025-04-20,Fear,37,807.262731,63,41,1074.8039682539682,41,22,0.6507936507936508,1.8636363636363635,Fear,Frequent Retail
0xbee1707d6b44d4d52bfe19e41f8a828645437aab,2025-04-21,Fear,39,711.68096,55,29,1553.0632727272728,29,26,0.5272727272727272,1.1153846153846154,Fear,Frequent Retail
0xbee1707d6b44d4d52bfe19e41f8a828645437aab,2025-04-22,Neutral,47,1463.173211,427,208,1607.504824355972,230,197,0.48711943793911006,1.16751269035533,Neutral,Frequent Retail
0xbee1707d6b44d4d52bfe19e41f8a828645437aab,2025-04-23,Greed,72,1700.638677,329,107,1806.9595136778116,182,147,0.3252279635258359,1.2380952380952381,Greed,Frequent Retail
0xbee1707d6b44d4d52bfe19e41f8a828645437aab,2025-04-24,Greed,63,-45.94597,2,0,3645.04,0,2,0.0,0.0,Greed,Frequent Retail
0xbee1707d6b44d4d52bfe19e41f8a828645437aab,2025-04-25,Greed,60,1101.511718,154,65,1040.8414935064934,65,89,0.42207792207792205,0.7303370786516854,Greed,Frequent Retail
0xbee1707d6b44d4d52bfe19e41f8a828645437aab,2025-04-26,Greed,65,18.390524,29,2,1771.744827586207,29,0,0.06896551724137931,10.0,Greed,Frequent Retail
0xbee1707d6b44d4d52bfe19e41f8a828645437aab,2025-04-27,Greed,61,1709.194807,82,32,2153.8593902439025,50,32,0.3902439024390244,1.5625,Greed,Frequent Retail
0xbee1707d6b44d4d52bfe19e41f8a828645437aab,2025-04-28,Neutral,54,4008.588908,430,169,1495.5384186046513,164,266,0.3930232558139535,0.6165413533834586,Neutral,Frequent Retail
0xbee1707d6b44d4d52bfe19e41f8a828645437aab,2025-04-29,Greed,60,8561.771838,902,398,1939.7399889135254,432,470,0.44124168514412415,0.9191489361702128,Greed,Frequent Retail
0xbee1707d6b44d4d52bfe19e41f8a828645437aab,2025-04-30,Greed,56,2520.773814,75,39,1748.8053333333332,50,25,0.52,2.0,Greed,Frequent Retail
0xbee1707d6b44d4d52bfe19e41f8a828645437aab,2025-05-01,Neutral,53,1364.022527,131,43,2448.466488549618,87,44,0.3282442748091603,1.9772727272727273,Neutral,Frequent Retail
